[0.135s] DEBUG:colcon:Command line arguments: ['/usr/bin/colcon', 'build']
[0.135s] DEBUG:colcon:Parsed command line arguments: Namespace(log_base=None, log_level=None, verb_name='build', build_base='build', install_base='install', merge_install=False, symlink_install=False, test_result_base=None, continue_on_error=False, executor='parallel', parallel_workers=32, event_handlers=None, ignore_user_meta=False, metas=['./colcon.meta'], base_paths=['.'], packages_ignore=None, packages_ignore_regex=None, paths=None, packages_up_to=None, packages_up_to_regex=None, packages_above=None, packages_above_and_dependencies=None, packages_above_depth=None, packages_select_by_dep=None, packages_skip_by_dep=None, packages_skip_up_to=None, packages_select_build_failed=False, packages_skip_build_finished=False, packages_select_test_failures=False, packages_skip_test_passed=False, packages_select=None, packages_skip=None, packages_select_regex=None, packages_skip_regex=None, packages_start=None, packages_end=None, allow_overriding=[], cmake_args=None, cmake_target=None, cmake_target_skip_unavailable=False, cmake_clean_cache=False, cmake_clean_first=False, cmake_force_configure=False, ament_cmake_args=None, catkin_cmake_args=None, catkin_skip_building_tests=False, verb_parser=<colcon_defaults.argument_parser.defaults.DefaultArgumentsDecorator object at 0x731f4e38d660>, verb_extension=<colcon_core.verb.build.BuildVerb object at 0x731f4e496290>, main=<bound method BuildVerb.main of <colcon_core.verb.build.BuildVerb object at 0x731f4e496290>>)
[0.261s] Level 1:colcon.colcon_core.package_discovery:discover_packages(colcon_meta) check parameters
[0.261s] Level 1:colcon.colcon_core.package_discovery:discover_packages(recursive) check parameters
[0.261s] Level 1:colcon.colcon_core.package_discovery:discover_packages(ignore) check parameters
[0.261s] Level 1:colcon.colcon_core.package_discovery:discover_packages(path) check parameters
[0.261s] Level 1:colcon.colcon_core.package_discovery:discover_packages(colcon_meta) discover
[0.261s] Level 1:colcon.colcon_core.package_discovery:discover_packages(recursive) discover
[0.261s] INFO:colcon.colcon_core.package_discovery:Crawling recursively for packages in '/home/ljoy/Robomaster/PIONEER/new_rv'
[0.261s] Level 1:colcon.colcon_core.package_identification:_identify(.) by extensions ['ignore', 'ignore_ament_install']
[0.261s] Level 1:colcon.colcon_core.package_identification:_identify(.) by extension 'ignore'
[0.261s] Level 1:colcon.colcon_core.package_identification:_identify(.) by extension 'ignore_ament_install'
[0.261s] Level 1:colcon.colcon_core.package_identification:_identify(.) by extensions ['colcon_pkg']
[0.261s] Level 1:colcon.colcon_core.package_identification:_identify(.) by extension 'colcon_pkg'
[0.261s] Level 1:colcon.colcon_core.package_identification:_identify(.) by extensions ['colcon_meta']
[0.261s] Level 1:colcon.colcon_core.package_identification:_identify(.) by extension 'colcon_meta'
[0.261s] Level 1:colcon.colcon_core.package_identification:_identify(.) by extensions ['ros']
[0.261s] Level 1:colcon.colcon_core.package_identification:_identify(.) by extension 'ros'
[0.269s] Level 1:colcon.colcon_core.package_identification:_identify(.) by extensions ['cmake', 'python']
[0.269s] Level 1:colcon.colcon_core.package_identification:_identify(.) by extension 'cmake'
[0.269s] Level 1:colcon.colcon_core.package_identification:_identify(.) by extension 'python'
[0.269s] Level 1:colcon.colcon_core.package_identification:_identify(.) by extensions ['python_setup_py']
[0.269s] Level 1:colcon.colcon_core.package_identification:_identify(.) by extension 'python_setup_py'
[0.269s] Level 1:colcon.colcon_core.package_identification:_identify(auto_aim_interfaces) by extensions ['ignore', 'ignore_ament_install']
[0.269s] Level 1:colcon.colcon_core.package_identification:_identify(auto_aim_interfaces) by extension 'ignore'
[0.269s] Level 1:colcon.colcon_core.package_identification:_identify(auto_aim_interfaces) by extension 'ignore_ament_install'
[0.269s] Level 1:colcon.colcon_core.package_identification:_identify(auto_aim_interfaces) by extensions ['colcon_pkg']
[0.269s] Level 1:colcon.colcon_core.package_identification:_identify(auto_aim_interfaces) by extension 'colcon_pkg'
[0.269s] Level 1:colcon.colcon_core.package_identification:_identify(auto_aim_interfaces) by extensions ['colcon_meta']
[0.269s] Level 1:colcon.colcon_core.package_identification:_identify(auto_aim_interfaces) by extension 'colcon_meta'
[0.269s] Level 1:colcon.colcon_core.package_identification:_identify(auto_aim_interfaces) by extensions ['ros']
[0.269s] Level 1:colcon.colcon_core.package_identification:_identify(auto_aim_interfaces) by extension 'ros'
[0.271s] DEBUG:colcon.colcon_core.package_identification:Package 'auto_aim_interfaces' with type 'ros.ament_cmake' and name 'auto_aim_interfaces'
[0.271s] Level 1:colcon.colcon_core.package_identification:_identify(build) by extensions ['ignore', 'ignore_ament_install']
[0.271s] Level 1:colcon.colcon_core.package_identification:_identify(build) by extension 'ignore'
[0.271s] Level 1:colcon.colcon_core.package_identification:_identify(build) ignored
[0.271s] Level 1:colcon.colcon_core.package_identification:_identify(hik_camera) by extensions ['ignore', 'ignore_ament_install']
[0.272s] Level 1:colcon.colcon_core.package_identification:_identify(hik_camera) by extension 'ignore'
[0.272s] Level 1:colcon.colcon_core.package_identification:_identify(hik_camera) by extension 'ignore_ament_install'
[0.272s] Level 1:colcon.colcon_core.package_identification:_identify(hik_camera) by extensions ['colcon_pkg']
[0.272s] Level 1:colcon.colcon_core.package_identification:_identify(hik_camera) by extension 'colcon_pkg'
[0.272s] Level 1:colcon.colcon_core.package_identification:_identify(hik_camera) by extensions ['colcon_meta']
[0.272s] Level 1:colcon.colcon_core.package_identification:_identify(hik_camera) by extension 'colcon_meta'
[0.272s] Level 1:colcon.colcon_core.package_identification:_identify(hik_camera) by extensions ['ros']
[0.272s] Level 1:colcon.colcon_core.package_identification:_identify(hik_camera) by extension 'ros'
[0.272s] DEBUG:colcon.colcon_core.package_identification:Package 'hik_camera' with type 'ros.ament_cmake' and name 'hik_camera'
[0.272s] Level 1:colcon.colcon_core.package_identification:_identify(install) by extensions ['ignore', 'ignore_ament_install']
[0.273s] Level 1:colcon.colcon_core.package_identification:_identify(install) by extension 'ignore'
[0.273s] Level 1:colcon.colcon_core.package_identification:_identify(install) ignored
[0.273s] Level 1:colcon.colcon_core.package_identification:_identify(log) by extensions ['ignore', 'ignore_ament_install']
[0.273s] Level 1:colcon.colcon_core.package_identification:_identify(log) by extension 'ignore'
[0.273s] Level 1:colcon.colcon_core.package_identification:_identify(log) ignored
[0.273s] Level 1:colcon.colcon_core.package_identification:_identify(rm_auto_aim) by extensions ['ignore', 'ignore_ament_install']
[0.273s] Level 1:colcon.colcon_core.package_identification:_identify(rm_auto_aim) by extension 'ignore'
[0.273s] Level 1:colcon.colcon_core.package_identification:_identify(rm_auto_aim) by extension 'ignore_ament_install'
[0.273s] Level 1:colcon.colcon_core.package_identification:_identify(rm_auto_aim) by extensions ['colcon_pkg']
[0.273s] Level 1:colcon.colcon_core.package_identification:_identify(rm_auto_aim) by extension 'colcon_pkg'
[0.273s] Level 1:colcon.colcon_core.package_identification:_identify(rm_auto_aim) by extensions ['colcon_meta']
[0.273s] Level 1:colcon.colcon_core.package_identification:_identify(rm_auto_aim) by extension 'colcon_meta'
[0.273s] Level 1:colcon.colcon_core.package_identification:_identify(rm_auto_aim) by extensions ['ros']
[0.273s] Level 1:colcon.colcon_core.package_identification:_identify(rm_auto_aim) by extension 'ros'
[0.273s] Level 1:colcon.colcon_core.package_identification:_identify(rm_auto_aim) by extensions ['cmake', 'python']
[0.273s] Level 1:colcon.colcon_core.package_identification:_identify(rm_auto_aim) by extension 'cmake'
[0.273s] Level 1:colcon.colcon_core.package_identification:_identify(rm_auto_aim) by extension 'python'
[0.273s] Level 1:colcon.colcon_core.package_identification:_identify(rm_auto_aim) by extensions ['python_setup_py']
[0.273s] Level 1:colcon.colcon_core.package_identification:_identify(rm_auto_aim) by extension 'python_setup_py'
[0.273s] Level 1:colcon.colcon_core.package_identification:_identify(rm_auto_aim/armor_detector) by extensions ['ignore', 'ignore_ament_install']
[0.273s] Level 1:colcon.colcon_core.package_identification:_identify(rm_auto_aim/armor_detector) by extension 'ignore'
[0.273s] Level 1:colcon.colcon_core.package_identification:_identify(rm_auto_aim/armor_detector) by extension 'ignore_ament_install'
[0.273s] Level 1:colcon.colcon_core.package_identification:_identify(rm_auto_aim/armor_detector) by extensions ['colcon_pkg']
[0.273s] Level 1:colcon.colcon_core.package_identification:_identify(rm_auto_aim/armor_detector) by extension 'colcon_pkg'
[0.273s] Level 1:colcon.colcon_core.package_identification:_identify(rm_auto_aim/armor_detector) by extensions ['colcon_meta']
[0.273s] Level 1:colcon.colcon_core.package_identification:_identify(rm_auto_aim/armor_detector) by extension 'colcon_meta'
[0.273s] Level 1:colcon.colcon_core.package_identification:_identify(rm_auto_aim/armor_detector) by extensions ['ros']
[0.273s] Level 1:colcon.colcon_core.package_identification:_identify(rm_auto_aim/armor_detector) by extension 'ros'
[0.274s] DEBUG:colcon.colcon_core.package_identification:Package 'rm_auto_aim/armor_detector' with type 'ros.ament_cmake' and name 'armor_detector'
[0.274s] Level 1:colcon.colcon_core.package_identification:_identify(rm_auto_aim/armor_tracker) by extensions ['ignore', 'ignore_ament_install']
[0.275s] Level 1:colcon.colcon_core.package_identification:_identify(rm_auto_aim/armor_tracker) by extension 'ignore'
[0.275s] Level 1:colcon.colcon_core.package_identification:_identify(rm_auto_aim/armor_tracker) by extension 'ignore_ament_install'
[0.275s] Level 1:colcon.colcon_core.package_identification:_identify(rm_auto_aim/armor_tracker) by extensions ['colcon_pkg']
[0.275s] Level 1:colcon.colcon_core.package_identification:_identify(rm_auto_aim/armor_tracker) by extension 'colcon_pkg'
[0.275s] Level 1:colcon.colcon_core.package_identification:_identify(rm_auto_aim/armor_tracker) by extensions ['colcon_meta']
[0.275s] Level 1:colcon.colcon_core.package_identification:_identify(rm_auto_aim/armor_tracker) by extension 'colcon_meta'
[0.275s] Level 1:colcon.colcon_core.package_identification:_identify(rm_auto_aim/armor_tracker) by extensions ['ros']
[0.275s] Level 1:colcon.colcon_core.package_identification:_identify(rm_auto_aim/armor_tracker) by extension 'ros'
[0.276s] DEBUG:colcon.colcon_core.package_identification:Package 'rm_auto_aim/armor_tracker' with type 'ros.ament_cmake' and name 'armor_tracker'
[0.276s] Level 1:colcon.colcon_core.package_identification:_identify(rm_gimbal_description) by extensions ['ignore', 'ignore_ament_install']
[0.276s] Level 1:colcon.colcon_core.package_identification:_identify(rm_gimbal_description) by extension 'ignore'
[0.276s] Level 1:colcon.colcon_core.package_identification:_identify(rm_gimbal_description) by extension 'ignore_ament_install'
[0.276s] Level 1:colcon.colcon_core.package_identification:_identify(rm_gimbal_description) by extensions ['colcon_pkg']
[0.276s] Level 1:colcon.colcon_core.package_identification:_identify(rm_gimbal_description) by extension 'colcon_pkg'
[0.276s] Level 1:colcon.colcon_core.package_identification:_identify(rm_gimbal_description) by extensions ['colcon_meta']
[0.276s] Level 1:colcon.colcon_core.package_identification:_identify(rm_gimbal_description) by extension 'colcon_meta'
[0.276s] Level 1:colcon.colcon_core.package_identification:_identify(rm_gimbal_description) by extensions ['ros']
[0.276s] Level 1:colcon.colcon_core.package_identification:_identify(rm_gimbal_description) by extension 'ros'
[0.276s] DEBUG:colcon.colcon_core.package_identification:Package 'rm_gimbal_description' with type 'ros.ament_cmake' and name 'rm_gimbal_description'
[0.276s] Level 1:colcon.colcon_core.package_identification:_identify(rm_planner) by extensions ['ignore', 'ignore_ament_install']
[0.276s] Level 1:colcon.colcon_core.package_identification:_identify(rm_planner) by extension 'ignore'
[0.277s] Level 1:colcon.colcon_core.package_identification:_identify(rm_planner) by extension 'ignore_ament_install'
[0.277s] Level 1:colcon.colcon_core.package_identification:_identify(rm_planner) by extensions ['colcon_pkg']
[0.277s] Level 1:colcon.colcon_core.package_identification:_identify(rm_planner) by extension 'colcon_pkg'
[0.277s] Level 1:colcon.colcon_core.package_identification:_identify(rm_planner) by extensions ['colcon_meta']
[0.277s] Level 1:colcon.colcon_core.package_identification:_identify(rm_planner) by extension 'colcon_meta'
[0.277s] Level 1:colcon.colcon_core.package_identification:_identify(rm_planner) by extensions ['ros']
[0.277s] Level 1:colcon.colcon_core.package_identification:_identify(rm_planner) by extension 'ros'
[0.278s] DEBUG:colcon.colcon_core.package_identification:Package 'rm_planner' with type 'ros.ament_cmake' and name 'rm_planner'
[0.278s] Level 1:colcon.colcon_core.package_identification:_identify(rm_serial_driver) by extensions ['ignore', 'ignore_ament_install']
[0.278s] Level 1:colcon.colcon_core.package_identification:_identify(rm_serial_driver) by extension 'ignore'
[0.278s] Level 1:colcon.colcon_core.package_identification:_identify(rm_serial_driver) by extension 'ignore_ament_install'
[0.278s] Level 1:colcon.colcon_core.package_identification:_identify(rm_serial_driver) by extensions ['colcon_pkg']
[0.278s] Level 1:colcon.colcon_core.package_identification:_identify(rm_serial_driver) by extension 'colcon_pkg'
[0.278s] Level 1:colcon.colcon_core.package_identification:_identify(rm_serial_driver) by extensions ['colcon_meta']
[0.278s] Level 1:colcon.colcon_core.package_identification:_identify(rm_serial_driver) by extension 'colcon_meta'
[0.278s] Level 1:colcon.colcon_core.package_identification:_identify(rm_serial_driver) by extensions ['ros']
[0.278s] Level 1:colcon.colcon_core.package_identification:_identify(rm_serial_driver) by extension 'ros'
[0.279s] DEBUG:colcon.colcon_core.package_identification:Package 'rm_serial_driver' with type 'ros.ament_cmake' and name 'rm_serial_driver'
[0.280s] Level 1:colcon.colcon_core.package_identification:_identify(rm_tools) by extensions ['ignore', 'ignore_ament_install']
[0.280s] Level 1:colcon.colcon_core.package_identification:_identify(rm_tools) by extension 'ignore'
[0.280s] Level 1:colcon.colcon_core.package_identification:_identify(rm_tools) by extension 'ignore_ament_install'
[0.280s] Level 1:colcon.colcon_core.package_identification:_identify(rm_tools) by extensions ['colcon_pkg']
[0.280s] Level 1:colcon.colcon_core.package_identification:_identify(rm_tools) by extension 'colcon_pkg'
[0.280s] Level 1:colcon.colcon_core.package_identification:_identify(rm_tools) by extensions ['colcon_meta']
[0.280s] Level 1:colcon.colcon_core.package_identification:_identify(rm_tools) by extension 'colcon_meta'
[0.280s] Level 1:colcon.colcon_core.package_identification:_identify(rm_tools) by extensions ['ros']
[0.280s] Level 1:colcon.colcon_core.package_identification:_identify(rm_tools) by extension 'ros'
[0.280s] DEBUG:colcon.colcon_core.package_identification:Package 'rm_tools' with type 'ros.ament_cmake' and name 'rm_tools'
[0.281s] Level 1:colcon.colcon_core.package_identification:_identify(rm_vision) by extensions ['ignore', 'ignore_ament_install']
[0.281s] Level 1:colcon.colcon_core.package_identification:_identify(rm_vision) by extension 'ignore'
[0.281s] Level 1:colcon.colcon_core.package_identification:_identify(rm_vision) by extension 'ignore_ament_install'
[0.281s] Level 1:colcon.colcon_core.package_identification:_identify(rm_vision) by extensions ['colcon_pkg']
[0.281s] Level 1:colcon.colcon_core.package_identification:_identify(rm_vision) by extension 'colcon_pkg'
[0.281s] Level 1:colcon.colcon_core.package_identification:_identify(rm_vision) by extensions ['colcon_meta']
[0.281s] Level 1:colcon.colcon_core.package_identification:_identify(rm_vision) by extension 'colcon_meta'
[0.281s] Level 1:colcon.colcon_core.package_identification:_identify(rm_vision) by extensions ['ros']
[0.281s] Level 1:colcon.colcon_core.package_identification:_identify(rm_vision) by extension 'ros'
[0.281s] Level 1:colcon.colcon_core.package_identification:_identify(rm_vision) by extensions ['cmake', 'python']
[0.281s] Level 1:colcon.colcon_core.package_identification:_identify(rm_vision) by extension 'cmake'
[0.281s] Level 1:colcon.colcon_core.package_identification:_identify(rm_vision) by extension 'python'
[0.281s] Level 1:colcon.colcon_core.package_identification:_identify(rm_vision) by extensions ['python_setup_py']
[0.281s] Level 1:colcon.colcon_core.package_identification:_identify(rm_vision) by extension 'python_setup_py'
[0.281s] Level 1:colcon.colcon_core.package_identification:_identify(rm_vision/docs) by extensions ['ignore', 'ignore_ament_install']
[0.281s] Level 1:colcon.colcon_core.package_identification:_identify(rm_vision/docs) by extension 'ignore'
[0.281s] Level 1:colcon.colcon_core.package_identification:_identify(rm_vision/docs) by extension 'ignore_ament_install'
[0.281s] Level 1:colcon.colcon_core.package_identification:_identify(rm_vision/docs) by extensions ['colcon_pkg']
[0.281s] Level 1:colcon.colcon_core.package_identification:_identify(rm_vision/docs) by extension 'colcon_pkg'
[0.281s] Level 1:colcon.colcon_core.package_identification:_identify(rm_vision/docs) by extensions ['colcon_meta']
[0.281s] Level 1:colcon.colcon_core.package_identification:_identify(rm_vision/docs) by extension 'colcon_meta'
[0.281s] Level 1:colcon.colcon_core.package_identification:_identify(rm_vision/docs) by extensions ['ros']
[0.281s] Level 1:colcon.colcon_core.package_identification:_identify(rm_vision/docs) by extension 'ros'
[0.281s] Level 1:colcon.colcon_core.package_identification:_identify(rm_vision/docs) by extensions ['cmake', 'python']
[0.281s] Level 1:colcon.colcon_core.package_identification:_identify(rm_vision/docs) by extension 'cmake'
[0.281s] Level 1:colcon.colcon_core.package_identification:_identify(rm_vision/docs) by extension 'python'
[0.281s] Level 1:colcon.colcon_core.package_identification:_identify(rm_vision/docs) by extensions ['python_setup_py']
[0.281s] Level 1:colcon.colcon_core.package_identification:_identify(rm_vision/docs) by extension 'python_setup_py'
[0.281s] Level 1:colcon.colcon_core.package_identification:_identify(rm_vision/rm_vision_bringup) by extensions ['ignore', 'ignore_ament_install']
[0.281s] Level 1:colcon.colcon_core.package_identification:_identify(rm_vision/rm_vision_bringup) by extension 'ignore'
[0.281s] Level 1:colcon.colcon_core.package_identification:_identify(rm_vision/rm_vision_bringup) by extension 'ignore_ament_install'
[0.282s] Level 1:colcon.colcon_core.package_identification:_identify(rm_vision/rm_vision_bringup) by extensions ['colcon_pkg']
[0.282s] Level 1:colcon.colcon_core.package_identification:_identify(rm_vision/rm_vision_bringup) by extension 'colcon_pkg'
[0.282s] Level 1:colcon.colcon_core.package_identification:_identify(rm_vision/rm_vision_bringup) by extensions ['colcon_meta']
[0.282s] Level 1:colcon.colcon_core.package_identification:_identify(rm_vision/rm_vision_bringup) by extension 'colcon_meta'
[0.282s] Level 1:colcon.colcon_core.package_identification:_identify(rm_vision/rm_vision_bringup) by extensions ['ros']
[0.282s] Level 1:colcon.colcon_core.package_identification:_identify(rm_vision/rm_vision_bringup) by extension 'ros'
[0.282s] DEBUG:colcon.colcon_core.package_identification:Package 'rm_vision/rm_vision_bringup' with type 'ros.ament_cmake' and name 'rm_vision_bringup'
[0.282s] Level 1:colcon.colcon_core.package_discovery:discover_packages(recursive) using defaults
[0.282s] Level 1:colcon.colcon_core.package_discovery:discover_packages(ignore) discover
[0.282s] Level 1:colcon.colcon_core.package_discovery:discover_packages(ignore) using defaults
[0.282s] Level 1:colcon.colcon_core.package_discovery:discover_packages(path) discover
[0.282s] Level 1:colcon.colcon_core.package_discovery:discover_packages(path) using defaults
[0.301s] Level 1:colcon.colcon_core.package_discovery:discover_packages(prefix_path) check parameters
[0.301s] Level 1:colcon.colcon_core.package_discovery:discover_packages(prefix_path) discover
[0.302s] Level 1:colcon.colcon_core.package_discovery:discover_packages(prefix_path) using defaults
[0.303s] Level 5:colcon.colcon_core.verb:set package 'auto_aim_interfaces' build argument 'cmake_args' from command line to 'None'
[0.303s] Level 5:colcon.colcon_core.verb:set package 'auto_aim_interfaces' build argument 'cmake_target' from command line to 'None'
[0.303s] Level 5:colcon.colcon_core.verb:set package 'auto_aim_interfaces' build argument 'cmake_target_skip_unavailable' from command line to 'False'
[0.303s] Level 5:colcon.colcon_core.verb:set package 'auto_aim_interfaces' build argument 'cmake_clean_cache' from command line to 'False'
[0.303s] Level 5:colcon.colcon_core.verb:set package 'auto_aim_interfaces' build argument 'cmake_clean_first' from command line to 'False'
[0.303s] Level 5:colcon.colcon_core.verb:set package 'auto_aim_interfaces' build argument 'cmake_force_configure' from command line to 'False'
[0.303s] Level 5:colcon.colcon_core.verb:set package 'auto_aim_interfaces' build argument 'ament_cmake_args' from command line to 'None'
[0.303s] Level 5:colcon.colcon_core.verb:set package 'auto_aim_interfaces' build argument 'catkin_cmake_args' from command line to 'None'
[0.303s] Level 5:colcon.colcon_core.verb:set package 'auto_aim_interfaces' build argument 'catkin_skip_building_tests' from command line to 'False'
[0.303s] DEBUG:colcon.colcon_core.verb:Building package 'auto_aim_interfaces' with the following arguments: {'ament_cmake_args': None, 'build_base': '/home/ljoy/Robomaster/PIONEER/new_rv/build/auto_aim_interfaces', 'catkin_cmake_args': None, 'catkin_skip_building_tests': False, 'cmake_args': None, 'cmake_clean_cache': False, 'cmake_clean_first': False, 'cmake_force_configure': False, 'cmake_target': None, 'cmake_target_skip_unavailable': False, 'install_base': '/home/ljoy/Robomaster/PIONEER/new_rv/install/auto_aim_interfaces', 'merge_install': False, 'path': '/home/ljoy/Robomaster/PIONEER/new_rv/auto_aim_interfaces', 'symlink_install': False, 'test_result_base': None}
[0.303s] Level 5:colcon.colcon_core.verb:set package 'hik_camera' build argument 'cmake_args' from command line to 'None'
[0.303s] Level 5:colcon.colcon_core.verb:set package 'hik_camera' build argument 'cmake_target' from command line to 'None'
[0.303s] Level 5:colcon.colcon_core.verb:set package 'hik_camera' build argument 'cmake_target_skip_unavailable' from command line to 'False'
[0.303s] Level 5:colcon.colcon_core.verb:set package 'hik_camera' build argument 'cmake_clean_cache' from command line to 'False'
[0.303s] Level 5:colcon.colcon_core.verb:set package 'hik_camera' build argument 'cmake_clean_first' from command line to 'False'
[0.303s] Level 5:colcon.colcon_core.verb:set package 'hik_camera' build argument 'cmake_force_configure' from command line to 'False'
[0.303s] Level 5:colcon.colcon_core.verb:set package 'hik_camera' build argument 'ament_cmake_args' from command line to 'None'
[0.303s] Level 5:colcon.colcon_core.verb:set package 'hik_camera' build argument 'catkin_cmake_args' from command line to 'None'
[0.303s] Level 5:colcon.colcon_core.verb:set package 'hik_camera' build argument 'catkin_skip_building_tests' from command line to 'False'
[0.303s] DEBUG:colcon.colcon_core.verb:Building package 'hik_camera' with the following arguments: {'ament_cmake_args': None, 'build_base': '/home/ljoy/Robomaster/PIONEER/new_rv/build/hik_camera', 'catkin_cmake_args': None, 'catkin_skip_building_tests': False, 'cmake_args': None, 'cmake_clean_cache': False, 'cmake_clean_first': False, 'cmake_force_configure': False, 'cmake_target': None, 'cmake_target_skip_unavailable': False, 'install_base': '/home/ljoy/Robomaster/PIONEER/new_rv/install/hik_camera', 'merge_install': False, 'path': '/home/ljoy/Robomaster/PIONEER/new_rv/hik_camera', 'symlink_install': False, 'test_result_base': None}
[0.303s] Level 5:colcon.colcon_core.verb:set package 'rm_gimbal_description' build argument 'cmake_args' from command line to 'None'
[0.303s] Level 5:colcon.colcon_core.verb:set package 'rm_gimbal_description' build argument 'cmake_target' from command line to 'None'
[0.303s] Level 5:colcon.colcon_core.verb:set package 'rm_gimbal_description' build argument 'cmake_target_skip_unavailable' from command line to 'False'
[0.303s] Level 5:colcon.colcon_core.verb:set package 'rm_gimbal_description' build argument 'cmake_clean_cache' from command line to 'False'
[0.303s] Level 5:colcon.colcon_core.verb:set package 'rm_gimbal_description' build argument 'cmake_clean_first' from command line to 'False'
[0.303s] Level 5:colcon.colcon_core.verb:set package 'rm_gimbal_description' build argument 'cmake_force_configure' from command line to 'False'
[0.304s] Level 5:colcon.colcon_core.verb:set package 'rm_gimbal_description' build argument 'ament_cmake_args' from command line to 'None'
[0.304s] Level 5:colcon.colcon_core.verb:set package 'rm_gimbal_description' build argument 'catkin_cmake_args' from command line to 'None'
[0.304s] Level 5:colcon.colcon_core.verb:set package 'rm_gimbal_description' build argument 'catkin_skip_building_tests' from command line to 'False'
[0.304s] DEBUG:colcon.colcon_core.verb:Building package 'rm_gimbal_description' with the following arguments: {'ament_cmake_args': None, 'build_base': '/home/ljoy/Robomaster/PIONEER/new_rv/build/rm_gimbal_description', 'catkin_cmake_args': None, 'catkin_skip_building_tests': False, 'cmake_args': None, 'cmake_clean_cache': False, 'cmake_clean_first': False, 'cmake_force_configure': False, 'cmake_target': None, 'cmake_target_skip_unavailable': False, 'install_base': '/home/ljoy/Robomaster/PIONEER/new_rv/install/rm_gimbal_description', 'merge_install': False, 'path': '/home/ljoy/Robomaster/PIONEER/new_rv/rm_gimbal_description', 'symlink_install': False, 'test_result_base': None}
[0.304s] Level 5:colcon.colcon_core.verb:set package 'rm_tools' build argument 'cmake_args' from command line to 'None'
[0.304s] Level 5:colcon.colcon_core.verb:set package 'rm_tools' build argument 'cmake_target' from command line to 'None'
[0.304s] Level 5:colcon.colcon_core.verb:set package 'rm_tools' build argument 'cmake_target_skip_unavailable' from command line to 'False'
[0.304s] Level 5:colcon.colcon_core.verb:set package 'rm_tools' build argument 'cmake_clean_cache' from command line to 'False'
[0.304s] Level 5:colcon.colcon_core.verb:set package 'rm_tools' build argument 'cmake_clean_first' from command line to 'False'
[0.304s] Level 5:colcon.colcon_core.verb:set package 'rm_tools' build argument 'cmake_force_configure' from command line to 'False'
[0.304s] Level 5:colcon.colcon_core.verb:set package 'rm_tools' build argument 'ament_cmake_args' from command line to 'None'
[0.304s] Level 5:colcon.colcon_core.verb:set package 'rm_tools' build argument 'catkin_cmake_args' from command line to 'None'
[0.304s] Level 5:colcon.colcon_core.verb:set package 'rm_tools' build argument 'catkin_skip_building_tests' from command line to 'False'
[0.304s] DEBUG:colcon.colcon_core.verb:Building package 'rm_tools' with the following arguments: {'ament_cmake_args': None, 'build_base': '/home/ljoy/Robomaster/PIONEER/new_rv/build/rm_tools', 'catkin_cmake_args': None, 'catkin_skip_building_tests': False, 'cmake_args': None, 'cmake_clean_cache': False, 'cmake_clean_first': False, 'cmake_force_configure': False, 'cmake_target': None, 'cmake_target_skip_unavailable': False, 'install_base': '/home/ljoy/Robomaster/PIONEER/new_rv/install/rm_tools', 'merge_install': False, 'path': '/home/ljoy/Robomaster/PIONEER/new_rv/rm_tools', 'symlink_install': False, 'test_result_base': None}
[0.304s] Level 5:colcon.colcon_core.verb:set package 'armor_detector' build argument 'cmake_args' from command line to 'None'
[0.304s] Level 5:colcon.colcon_core.verb:set package 'armor_detector' build argument 'cmake_target' from command line to 'None'
[0.304s] Level 5:colcon.colcon_core.verb:set package 'armor_detector' build argument 'cmake_target_skip_unavailable' from command line to 'False'
[0.304s] Level 5:colcon.colcon_core.verb:set package 'armor_detector' build argument 'cmake_clean_cache' from command line to 'False'
[0.304s] Level 5:colcon.colcon_core.verb:set package 'armor_detector' build argument 'cmake_clean_first' from command line to 'False'
[0.304s] Level 5:colcon.colcon_core.verb:set package 'armor_detector' build argument 'cmake_force_configure' from command line to 'False'
[0.304s] Level 5:colcon.colcon_core.verb:set package 'armor_detector' build argument 'ament_cmake_args' from command line to 'None'
[0.304s] Level 5:colcon.colcon_core.verb:set package 'armor_detector' build argument 'catkin_cmake_args' from command line to 'None'
[0.304s] Level 5:colcon.colcon_core.verb:set package 'armor_detector' build argument 'catkin_skip_building_tests' from command line to 'False'
[0.304s] DEBUG:colcon.colcon_core.verb:Building package 'armor_detector' with the following arguments: {'ament_cmake_args': None, 'build_base': '/home/ljoy/Robomaster/PIONEER/new_rv/build/armor_detector', 'catkin_cmake_args': None, 'catkin_skip_building_tests': False, 'cmake_args': None, 'cmake_clean_cache': False, 'cmake_clean_first': False, 'cmake_force_configure': False, 'cmake_target': None, 'cmake_target_skip_unavailable': False, 'install_base': '/home/ljoy/Robomaster/PIONEER/new_rv/install/armor_detector', 'merge_install': False, 'path': '/home/ljoy/Robomaster/PIONEER/new_rv/rm_auto_aim/armor_detector', 'symlink_install': False, 'test_result_base': None}
[0.304s] Level 5:colcon.colcon_core.verb:set package 'armor_tracker' build argument 'cmake_args' from command line to 'None'
[0.304s] Level 5:colcon.colcon_core.verb:set package 'armor_tracker' build argument 'cmake_target' from command line to 'None'
[0.304s] Level 5:colcon.colcon_core.verb:set package 'armor_tracker' build argument 'cmake_target_skip_unavailable' from command line to 'False'
[0.304s] Level 5:colcon.colcon_core.verb:set package 'armor_tracker' build argument 'cmake_clean_cache' from command line to 'False'
[0.304s] Level 5:colcon.colcon_core.verb:set package 'armor_tracker' build argument 'cmake_clean_first' from command line to 'False'
[0.304s] Level 5:colcon.colcon_core.verb:set package 'armor_tracker' build argument 'cmake_force_configure' from command line to 'False'
[0.305s] Level 5:colcon.colcon_core.verb:set package 'armor_tracker' build argument 'ament_cmake_args' from command line to 'None'
[0.305s] Level 5:colcon.colcon_core.verb:set package 'armor_tracker' build argument 'catkin_cmake_args' from command line to 'None'
[0.305s] Level 5:colcon.colcon_core.verb:set package 'armor_tracker' build argument 'catkin_skip_building_tests' from command line to 'False'
[0.305s] DEBUG:colcon.colcon_core.verb:Building package 'armor_tracker' with the following arguments: {'ament_cmake_args': None, 'build_base': '/home/ljoy/Robomaster/PIONEER/new_rv/build/armor_tracker', 'catkin_cmake_args': None, 'catkin_skip_building_tests': False, 'cmake_args': None, 'cmake_clean_cache': False, 'cmake_clean_first': False, 'cmake_force_configure': False, 'cmake_target': None, 'cmake_target_skip_unavailable': False, 'install_base': '/home/ljoy/Robomaster/PIONEER/new_rv/install/armor_tracker', 'merge_install': False, 'path': '/home/ljoy/Robomaster/PIONEER/new_rv/rm_auto_aim/armor_tracker', 'symlink_install': False, 'test_result_base': None}
[0.305s] Level 5:colcon.colcon_core.verb:set package 'rm_planner' build argument 'cmake_args' from command line to 'None'
[0.305s] Level 5:colcon.colcon_core.verb:set package 'rm_planner' build argument 'cmake_target' from command line to 'None'
[0.305s] Level 5:colcon.colcon_core.verb:set package 'rm_planner' build argument 'cmake_target_skip_unavailable' from command line to 'False'
[0.305s] Level 5:colcon.colcon_core.verb:set package 'rm_planner' build argument 'cmake_clean_cache' from command line to 'False'
[0.305s] Level 5:colcon.colcon_core.verb:set package 'rm_planner' build argument 'cmake_clean_first' from command line to 'False'
[0.305s] Level 5:colcon.colcon_core.verb:set package 'rm_planner' build argument 'cmake_force_configure' from command line to 'False'
[0.305s] Level 5:colcon.colcon_core.verb:set package 'rm_planner' build argument 'ament_cmake_args' from command line to 'None'
[0.305s] Level 5:colcon.colcon_core.verb:set package 'rm_planner' build argument 'catkin_cmake_args' from command line to 'None'
[0.305s] Level 5:colcon.colcon_core.verb:set package 'rm_planner' build argument 'catkin_skip_building_tests' from command line to 'False'
[0.305s] DEBUG:colcon.colcon_core.verb:Building package 'rm_planner' with the following arguments: {'ament_cmake_args': None, 'build_base': '/home/ljoy/Robomaster/PIONEER/new_rv/build/rm_planner', 'catkin_cmake_args': None, 'catkin_skip_building_tests': False, 'cmake_args': None, 'cmake_clean_cache': False, 'cmake_clean_first': False, 'cmake_force_configure': False, 'cmake_target': None, 'cmake_target_skip_unavailable': False, 'install_base': '/home/ljoy/Robomaster/PIONEER/new_rv/install/rm_planner', 'merge_install': False, 'path': '/home/ljoy/Robomaster/PIONEER/new_rv/rm_planner', 'symlink_install': False, 'test_result_base': None}
[0.305s] Level 5:colcon.colcon_core.verb:set package 'rm_serial_driver' build argument 'cmake_args' from command line to 'None'
[0.305s] Level 5:colcon.colcon_core.verb:set package 'rm_serial_driver' build argument 'cmake_target' from command line to 'None'
[0.305s] Level 5:colcon.colcon_core.verb:set package 'rm_serial_driver' build argument 'cmake_target_skip_unavailable' from command line to 'False'
[0.305s] Level 5:colcon.colcon_core.verb:set package 'rm_serial_driver' build argument 'cmake_clean_cache' from command line to 'False'
[0.305s] Level 5:colcon.colcon_core.verb:set package 'rm_serial_driver' build argument 'cmake_clean_first' from command line to 'False'
[0.305s] Level 5:colcon.colcon_core.verb:set package 'rm_serial_driver' build argument 'cmake_force_configure' from command line to 'False'
[0.305s] Level 5:colcon.colcon_core.verb:set package 'rm_serial_driver' build argument 'ament_cmake_args' from command line to 'None'
[0.305s] Level 5:colcon.colcon_core.verb:set package 'rm_serial_driver' build argument 'catkin_cmake_args' from command line to 'None'
[0.305s] Level 5:colcon.colcon_core.verb:set package 'rm_serial_driver' build argument 'catkin_skip_building_tests' from command line to 'False'
[0.305s] DEBUG:colcon.colcon_core.verb:Building package 'rm_serial_driver' with the following arguments: {'ament_cmake_args': None, 'build_base': '/home/ljoy/Robomaster/PIONEER/new_rv/build/rm_serial_driver', 'catkin_cmake_args': None, 'catkin_skip_building_tests': False, 'cmake_args': None, 'cmake_clean_cache': False, 'cmake_clean_first': False, 'cmake_force_configure': False, 'cmake_target': None, 'cmake_target_skip_unavailable': False, 'install_base': '/home/ljoy/Robomaster/PIONEER/new_rv/install/rm_serial_driver', 'merge_install': False, 'path': '/home/ljoy/Robomaster/PIONEER/new_rv/rm_serial_driver', 'symlink_install': False, 'test_result_base': None}
[0.305s] Level 5:colcon.colcon_core.verb:set package 'rm_vision_bringup' build argument 'cmake_args' from command line to 'None'
[0.305s] Level 5:colcon.colcon_core.verb:set package 'rm_vision_bringup' build argument 'cmake_target' from command line to 'None'
[0.305s] Level 5:colcon.colcon_core.verb:set package 'rm_vision_bringup' build argument 'cmake_target_skip_unavailable' from command line to 'False'
[0.305s] Level 5:colcon.colcon_core.verb:set package 'rm_vision_bringup' build argument 'cmake_clean_cache' from command line to 'False'
[0.305s] Level 5:colcon.colcon_core.verb:set package 'rm_vision_bringup' build argument 'cmake_clean_first' from command line to 'False'
[0.305s] Level 5:colcon.colcon_core.verb:set package 'rm_vision_bringup' build argument 'cmake_force_configure' from command line to 'False'
[0.306s] Level 5:colcon.colcon_core.verb:set package 'rm_vision_bringup' build argument 'ament_cmake_args' from command line to 'None'
[0.306s] Level 5:colcon.colcon_core.verb:set package 'rm_vision_bringup' build argument 'catkin_cmake_args' from command line to 'None'
[0.306s] Level 5:colcon.colcon_core.verb:set package 'rm_vision_bringup' build argument 'catkin_skip_building_tests' from command line to 'False'
[0.306s] DEBUG:colcon.colcon_core.verb:Building package 'rm_vision_bringup' with the following arguments: {'ament_cmake_args': None, 'build_base': '/home/ljoy/Robomaster/PIONEER/new_rv/build/rm_vision_bringup', 'catkin_cmake_args': None, 'catkin_skip_building_tests': False, 'cmake_args': None, 'cmake_clean_cache': False, 'cmake_clean_first': False, 'cmake_force_configure': False, 'cmake_target': None, 'cmake_target_skip_unavailable': False, 'install_base': '/home/ljoy/Robomaster/PIONEER/new_rv/install/rm_vision_bringup', 'merge_install': False, 'path': '/home/ljoy/Robomaster/PIONEER/new_rv/rm_vision/rm_vision_bringup', 'symlink_install': False, 'test_result_base': None}
[0.306s] INFO:colcon.colcon_core.executor:Executing jobs using 'parallel' executor
[0.306s] DEBUG:colcon.colcon_parallel_executor.executor.parallel:run_until_complete
[0.307s] INFO:colcon.colcon_ros.task.ament_cmake.build:Building ROS package in '/home/ljoy/Robomaster/PIONEER/new_rv/auto_aim_interfaces' with build type 'ament_cmake'
[0.307s] INFO:colcon.colcon_cmake.task.cmake.build:Building CMake package in '/home/ljoy/Robomaster/PIONEER/new_rv/auto_aim_interfaces'
[0.310s] INFO:colcon.colcon_core.plugin_system:Skipping extension 'colcon_core.shell.bat': Not used on non-Windows systems
[0.310s] INFO:colcon.colcon_core.shell:Skip shell extension 'powershell' for command environment: Not usable outside of PowerShell
[0.310s] DEBUG:colcon.colcon_core.shell:Skip shell extension 'dsv' for command environment
[0.311s] INFO:colcon.colcon_ros.task.ament_cmake.build:Building ROS package in '/home/ljoy/Robomaster/PIONEER/new_rv/rm_tools' with build type 'ament_cmake'
[0.311s] INFO:colcon.colcon_cmake.task.cmake.build:Building CMake package in '/home/ljoy/Robomaster/PIONEER/new_rv/rm_tools'
[0.311s] INFO:colcon.colcon_core.shell:Skip shell extension 'powershell' for command environment: Not usable outside of PowerShell
[0.311s] DEBUG:colcon.colcon_core.shell:Skip shell extension 'dsv' for command environment
[0.312s] INFO:colcon.colcon_ros.task.ament_cmake.build:Building ROS package in '/home/ljoy/Robomaster/PIONEER/new_rv/hik_camera' with build type 'ament_cmake'
[0.312s] INFO:colcon.colcon_cmake.task.cmake.build:Building CMake package in '/home/ljoy/Robomaster/PIONEER/new_rv/hik_camera'
[0.312s] INFO:colcon.colcon_core.shell:Skip shell extension 'powershell' for command environment: Not usable outside of PowerShell
[0.312s] DEBUG:colcon.colcon_core.shell:Skip shell extension 'dsv' for command environment
[0.313s] INFO:colcon.colcon_ros.task.ament_cmake.build:Building ROS package in '/home/ljoy/Robomaster/PIONEER/new_rv/rm_gimbal_description' with build type 'ament_cmake'
[0.313s] INFO:colcon.colcon_cmake.task.cmake.build:Building CMake package in '/home/ljoy/Robomaster/PIONEER/new_rv/rm_gimbal_description'
[0.314s] INFO:colcon.colcon_core.shell:Skip shell extension 'powershell' for command environment: Not usable outside of PowerShell
[0.314s] DEBUG:colcon.colcon_core.shell:Skip shell extension 'dsv' for command environment
[0.319s] DEBUG:colcon.colcon_core.event_handler.log_command:Invoking command in '/home/ljoy/Robomaster/PIONEER/new_rv/build/auto_aim_interfaces': /usr/bin/cmake --build /home/ljoy/Robomaster/PIONEER/new_rv/build/auto_aim_interfaces -- -j32 -l32
[0.320s] DEBUG:colcon.colcon_core.event_handler.log_command:Invoking command in '/home/ljoy/Robomaster/PIONEER/new_rv/build/rm_tools': /usr/bin/cmake --build /home/ljoy/Robomaster/PIONEER/new_rv/build/rm_tools -- -j32 -l32
[0.323s] DEBUG:colcon.colcon_core.event_handler.log_command:Invoking command in '/home/ljoy/Robomaster/PIONEER/new_rv/build/hik_camera': /usr/bin/cmake --build /home/ljoy/Robomaster/PIONEER/new_rv/build/hik_camera -- -j32 -l32
[0.325s] DEBUG:colcon.colcon_core.event_handler.log_command:Invoking command in '/home/ljoy/Robomaster/PIONEER/new_rv/build/rm_gimbal_description': /usr/bin/cmake --build /home/ljoy/Robomaster/PIONEER/new_rv/build/rm_gimbal_description -- -j32 -l32
[0.339s] DEBUG:colcon.colcon_core.event_handler.log_command:Invoked command in '/home/ljoy/Robomaster/PIONEER/new_rv/build/rm_gimbal_description' returned '0': /usr/bin/cmake --build /home/ljoy/Robomaster/PIONEER/new_rv/build/rm_gimbal_description -- -j32 -l32
[0.353s] DEBUG:colcon.colcon_core.event_handler.log_command:Invoking command in '/home/ljoy/Robomaster/PIONEER/new_rv/build/rm_gimbal_description': /usr/bin/cmake --install /home/ljoy/Robomaster/PIONEER/new_rv/build/rm_gimbal_description
[0.358s] Level 1:colcon.colcon_core.environment:create_environment_scripts_only(rm_gimbal_description)
[0.358s] DEBUG:colcon.colcon_core.event_handler.log_command:Invoked command in '/home/ljoy/Robomaster/PIONEER/new_rv/build/rm_gimbal_description' returned '0': /usr/bin/cmake --install /home/ljoy/Robomaster/PIONEER/new_rv/build/rm_gimbal_description
[0.362s] Level 1:colcon.colcon_core.environment:checking '/home/ljoy/Robomaster/PIONEER/new_rv/install/rm_gimbal_description' for CMake module files
[0.363s] Level 1:colcon.colcon_core.environment:checking '/home/ljoy/Robomaster/PIONEER/new_rv/install/rm_gimbal_description' for CMake config files
[0.363s] Level 1:colcon.colcon_core.shell:create_environment_hook('rm_gimbal_description', 'cmake_prefix_path')
[0.363s] INFO:colcon.colcon_core.shell:Creating environment hook '/home/ljoy/Robomaster/PIONEER/new_rv/install/rm_gimbal_description/share/rm_gimbal_description/hook/cmake_prefix_path.ps1'
[0.364s] INFO:colcon.colcon_core.shell:Creating environment descriptor '/home/ljoy/Robomaster/PIONEER/new_rv/install/rm_gimbal_description/share/rm_gimbal_description/hook/cmake_prefix_path.dsv'
[0.364s] INFO:colcon.colcon_core.shell:Creating environment hook '/home/ljoy/Robomaster/PIONEER/new_rv/install/rm_gimbal_description/share/rm_gimbal_description/hook/cmake_prefix_path.sh'
[0.365s] Level 1:colcon.colcon_core.environment:checking '/home/ljoy/Robomaster/PIONEER/new_rv/install/rm_gimbal_description/bin'
[0.365s] Level 1:colcon.colcon_core.environment:checking '/home/ljoy/Robomaster/PIONEER/new_rv/install/rm_gimbal_description/lib/pkgconfig/rm_gimbal_description.pc'
[0.367s] Level 1:colcon.colcon_core.environment:checking '/home/ljoy/Robomaster/PIONEER/new_rv/install/rm_gimbal_description/lib/python3.10/site-packages'
[0.367s] Level 1:colcon.colcon_core.environment:checking '/home/ljoy/Robomaster/PIONEER/new_rv/install/rm_gimbal_description/bin'
[0.368s] INFO:colcon.colcon_core.shell:Creating package script '/home/ljoy/Robomaster/PIONEER/new_rv/install/rm_gimbal_description/share/rm_gimbal_description/package.ps1'
[0.368s] INFO:colcon.colcon_core.shell:Creating package descriptor '/home/ljoy/Robomaster/PIONEER/new_rv/install/rm_gimbal_description/share/rm_gimbal_description/package.dsv'
[0.369s] INFO:colcon.colcon_core.shell:Creating package script '/home/ljoy/Robomaster/PIONEER/new_rv/install/rm_gimbal_description/share/rm_gimbal_description/package.sh'
[0.369s] INFO:colcon.colcon_core.shell:Creating package script '/home/ljoy/Robomaster/PIONEER/new_rv/install/rm_gimbal_description/share/rm_gimbal_description/package.bash'
[0.370s] INFO:colcon.colcon_core.shell:Creating package script '/home/ljoy/Robomaster/PIONEER/new_rv/install/rm_gimbal_description/share/rm_gimbal_description/package.zsh'
[0.371s] Level 1:colcon.colcon_core.environment:create_file_with_runtime_dependencies(/home/ljoy/Robomaster/PIONEER/new_rv/install/rm_gimbal_description/share/colcon-core/packages/rm_gimbal_description)
[0.372s] DEBUG:colcon.colcon_core.event_handler.log_command:Invoked command in '/home/ljoy/Robomaster/PIONEER/new_rv/build/hik_camera' returned '0': /usr/bin/cmake --build /home/ljoy/Robomaster/PIONEER/new_rv/build/hik_camera -- -j32 -l32
[0.373s] DEBUG:colcon.colcon_core.event_handler.log_command:Invoked command in '/home/ljoy/Robomaster/PIONEER/new_rv/build/rm_tools' returned '0': /usr/bin/cmake --build /home/ljoy/Robomaster/PIONEER/new_rv/build/rm_tools -- -j32 -l32
[0.383s] Level 1:colcon.colcon_core.environment:create_environment_scripts_only(rm_gimbal_description)
[0.383s] Level 1:colcon.colcon_core.environment:checking '/home/ljoy/Robomaster/PIONEER/new_rv/install/rm_gimbal_description' for CMake module files
[0.383s] Level 1:colcon.colcon_core.environment:checking '/home/ljoy/Robomaster/PIONEER/new_rv/install/rm_gimbal_description' for CMake config files
[0.383s] Level 1:colcon.colcon_core.shell:create_environment_hook('rm_gimbal_description', 'cmake_prefix_path')
[0.383s] INFO:colcon.colcon_core.shell:Creating environment hook '/home/ljoy/Robomaster/PIONEER/new_rv/install/rm_gimbal_description/share/rm_gimbal_description/hook/cmake_prefix_path.ps1'
[0.384s] INFO:colcon.colcon_core.shell:Creating environment descriptor '/home/ljoy/Robomaster/PIONEER/new_rv/install/rm_gimbal_description/share/rm_gimbal_description/hook/cmake_prefix_path.dsv'
[0.384s] INFO:colcon.colcon_core.shell:Creating environment hook '/home/ljoy/Robomaster/PIONEER/new_rv/install/rm_gimbal_description/share/rm_gimbal_description/hook/cmake_prefix_path.sh'
[0.384s] Level 1:colcon.colcon_core.environment:checking '/home/ljoy/Robomaster/PIONEER/new_rv/install/rm_gimbal_description/bin'
[0.384s] Level 1:colcon.colcon_core.environment:checking '/home/ljoy/Robomaster/PIONEER/new_rv/install/rm_gimbal_description/lib/pkgconfig/rm_gimbal_description.pc'
[0.384s] Level 1:colcon.colcon_core.environment:checking '/home/ljoy/Robomaster/PIONEER/new_rv/install/rm_gimbal_description/lib/python3.10/site-packages'
[0.385s] Level 1:colcon.colcon_core.environment:checking '/home/ljoy/Robomaster/PIONEER/new_rv/install/rm_gimbal_description/bin'
[0.385s] INFO:colcon.colcon_core.shell:Creating package script '/home/ljoy/Robomaster/PIONEER/new_rv/install/rm_gimbal_description/share/rm_gimbal_description/package.ps1'
[0.385s] INFO:colcon.colcon_core.shell:Creating package descriptor '/home/ljoy/Robomaster/PIONEER/new_rv/install/rm_gimbal_description/share/rm_gimbal_description/package.dsv'
[0.385s] INFO:colcon.colcon_core.shell:Creating package script '/home/ljoy/Robomaster/PIONEER/new_rv/install/rm_gimbal_description/share/rm_gimbal_description/package.sh'
[0.386s] INFO:colcon.colcon_core.shell:Creating package script '/home/ljoy/Robomaster/PIONEER/new_rv/install/rm_gimbal_description/share/rm_gimbal_description/package.bash'
[0.386s] INFO:colcon.colcon_core.shell:Creating package script '/home/ljoy/Robomaster/PIONEER/new_rv/install/rm_gimbal_description/share/rm_gimbal_description/package.zsh'
[0.386s] Level 1:colcon.colcon_core.environment:create_file_with_runtime_dependencies(/home/ljoy/Robomaster/PIONEER/new_rv/install/rm_gimbal_description/share/colcon-core/packages/rm_gimbal_description)
[0.390s] DEBUG:colcon.colcon_core.event_handler.log_command:Invoking command in '/home/ljoy/Robomaster/PIONEER/new_rv/build/hik_camera': /usr/bin/cmake --install /home/ljoy/Robomaster/PIONEER/new_rv/build/hik_camera
[0.396s] DEBUG:colcon.colcon_core.event_handler.log_command:Invoking command in '/home/ljoy/Robomaster/PIONEER/new_rv/build/rm_tools': /usr/bin/cmake --install /home/ljoy/Robomaster/PIONEER/new_rv/build/rm_tools
[0.397s] Level 1:colcon.colcon_core.environment:create_environment_scripts_only(hik_camera)
[0.397s] Level 1:colcon.colcon_core.environment:checking '/home/ljoy/Robomaster/PIONEER/new_rv/install/hik_camera' for CMake module files
[0.397s] DEBUG:colcon.colcon_core.event_handler.log_command:Invoked command in '/home/ljoy/Robomaster/PIONEER/new_rv/build/hik_camera' returned '0': /usr/bin/cmake --install /home/ljoy/Robomaster/PIONEER/new_rv/build/hik_camera
[0.399s] Level 1:colcon.colcon_core.environment:checking '/home/ljoy/Robomaster/PIONEER/new_rv/install/hik_camera' for CMake config files
[0.400s] Level 1:colcon.colcon_core.shell:create_environment_hook('hik_camera', 'cmake_prefix_path')
[0.400s] INFO:colcon.colcon_core.shell:Creating environment hook '/home/ljoy/Robomaster/PIONEER/new_rv/install/hik_camera/share/hik_camera/hook/cmake_prefix_path.ps1'
[0.400s] INFO:colcon.colcon_core.shell:Creating environment descriptor '/home/ljoy/Robomaster/PIONEER/new_rv/install/hik_camera/share/hik_camera/hook/cmake_prefix_path.dsv'
[0.400s] INFO:colcon.colcon_core.shell:Creating environment hook '/home/ljoy/Robomaster/PIONEER/new_rv/install/hik_camera/share/hik_camera/hook/cmake_prefix_path.sh'
[0.401s] Level 1:colcon.colcon_core.environment:checking '/home/ljoy/Robomaster/PIONEER/new_rv/install/hik_camera/lib'
[0.401s] Level 1:colcon.colcon_core.shell:create_environment_hook('hik_camera', 'ld_library_path_lib')
[0.401s] INFO:colcon.colcon_core.shell:Creating environment hook '/home/ljoy/Robomaster/PIONEER/new_rv/install/hik_camera/share/hik_camera/hook/ld_library_path_lib.ps1'
[0.401s] INFO:colcon.colcon_core.shell:Creating environment descriptor '/home/ljoy/Robomaster/PIONEER/new_rv/install/hik_camera/share/hik_camera/hook/ld_library_path_lib.dsv'
[0.402s] INFO:colcon.colcon_core.shell:Creating environment hook '/home/ljoy/Robomaster/PIONEER/new_rv/install/hik_camera/share/hik_camera/hook/ld_library_path_lib.sh'
[0.402s] Level 1:colcon.colcon_core.environment:checking '/home/ljoy/Robomaster/PIONEER/new_rv/install/hik_camera/bin'
[0.402s] Level 1:colcon.colcon_core.environment:checking '/home/ljoy/Robomaster/PIONEER/new_rv/install/hik_camera/lib/pkgconfig/hik_camera.pc'
[0.402s] Level 1:colcon.colcon_core.environment:checking '/home/ljoy/Robomaster/PIONEER/new_rv/install/hik_camera/lib/python3.10/site-packages'
[0.402s] Level 1:colcon.colcon_core.environment:checking '/home/ljoy/Robomaster/PIONEER/new_rv/install/hik_camera/bin'
[0.402s] INFO:colcon.colcon_core.shell:Creating package script '/home/ljoy/Robomaster/PIONEER/new_rv/install/hik_camera/share/hik_camera/package.ps1'
[0.403s] INFO:colcon.colcon_core.shell:Creating package descriptor '/home/ljoy/Robomaster/PIONEER/new_rv/install/hik_camera/share/hik_camera/package.dsv'
[0.403s] INFO:colcon.colcon_core.shell:Creating package script '/home/ljoy/Robomaster/PIONEER/new_rv/install/hik_camera/share/hik_camera/package.sh'
[0.403s] INFO:colcon.colcon_core.shell:Creating package script '/home/ljoy/Robomaster/PIONEER/new_rv/install/hik_camera/share/hik_camera/package.bash'
[0.404s] INFO:colcon.colcon_core.shell:Creating package script '/home/ljoy/Robomaster/PIONEER/new_rv/install/hik_camera/share/hik_camera/package.zsh'
[0.404s] Level 1:colcon.colcon_core.environment:create_file_with_runtime_dependencies(/home/ljoy/Robomaster/PIONEER/new_rv/install/hik_camera/share/colcon-core/packages/hik_camera)
[0.405s] Level 1:colcon.colcon_core.environment:create_environment_scripts_only(rm_tools)
[0.405s] Level 1:colcon.colcon_core.environment:checking '/home/ljoy/Robomaster/PIONEER/new_rv/install/rm_tools' for CMake module files
[0.405s] DEBUG:colcon.colcon_core.event_handler.log_command:Invoked command in '/home/ljoy/Robomaster/PIONEER/new_rv/build/rm_tools' returned '0': /usr/bin/cmake --install /home/ljoy/Robomaster/PIONEER/new_rv/build/rm_tools
[0.405s] Level 1:colcon.colcon_core.environment:checking '/home/ljoy/Robomaster/PIONEER/new_rv/install/rm_tools' for CMake config files
[0.406s] Level 1:colcon.colcon_core.shell:create_environment_hook('rm_tools', 'cmake_prefix_path')
[0.406s] INFO:colcon.colcon_core.shell:Creating environment hook '/home/ljoy/Robomaster/PIONEER/new_rv/install/rm_tools/share/rm_tools/hook/cmake_prefix_path.ps1'
[0.406s] INFO:colcon.colcon_core.shell:Creating environment descriptor '/home/ljoy/Robomaster/PIONEER/new_rv/install/rm_tools/share/rm_tools/hook/cmake_prefix_path.dsv'
[0.406s] INFO:colcon.colcon_core.shell:Creating environment hook '/home/ljoy/Robomaster/PIONEER/new_rv/install/rm_tools/share/rm_tools/hook/cmake_prefix_path.sh'
[0.407s] Level 1:colcon.colcon_core.environment:checking '/home/ljoy/Robomaster/PIONEER/new_rv/install/rm_tools/lib'
[0.407s] Level 1:colcon.colcon_core.shell:create_environment_hook('rm_tools', 'ld_library_path_lib')
[0.407s] INFO:colcon.colcon_core.shell:Creating environment hook '/home/ljoy/Robomaster/PIONEER/new_rv/install/rm_tools/share/rm_tools/hook/ld_library_path_lib.ps1'
[0.407s] INFO:colcon.colcon_core.shell:Creating environment descriptor '/home/ljoy/Robomaster/PIONEER/new_rv/install/rm_tools/share/rm_tools/hook/ld_library_path_lib.dsv'
[0.407s] INFO:colcon.colcon_core.shell:Creating environment hook '/home/ljoy/Robomaster/PIONEER/new_rv/install/rm_tools/share/rm_tools/hook/ld_library_path_lib.sh'
[0.408s] Level 1:colcon.colcon_core.environment:checking '/home/ljoy/Robomaster/PIONEER/new_rv/install/rm_tools/bin'
[0.408s] Level 1:colcon.colcon_core.environment:checking '/home/ljoy/Robomaster/PIONEER/new_rv/install/rm_tools/lib/pkgconfig/rm_tools.pc'
[0.408s] Level 1:colcon.colcon_core.environment:checking '/home/ljoy/Robomaster/PIONEER/new_rv/install/rm_tools/lib/python3.10/site-packages'
[0.408s] Level 1:colcon.colcon_core.environment:checking '/home/ljoy/Robomaster/PIONEER/new_rv/install/rm_tools/bin'
[0.408s] INFO:colcon.colcon_core.shell:Creating package script '/home/ljoy/Robomaster/PIONEER/new_rv/install/rm_tools/share/rm_tools/package.ps1'
[0.408s] INFO:colcon.colcon_core.shell:Creating package descriptor '/home/ljoy/Robomaster/PIONEER/new_rv/install/rm_tools/share/rm_tools/package.dsv'
[0.409s] INFO:colcon.colcon_core.shell:Creating package script '/home/ljoy/Robomaster/PIONEER/new_rv/install/rm_tools/share/rm_tools/package.sh'
[0.410s] INFO:colcon.colcon_core.shell:Creating package script '/home/ljoy/Robomaster/PIONEER/new_rv/install/rm_tools/share/rm_tools/package.bash'
[0.410s] INFO:colcon.colcon_core.shell:Creating package script '/home/ljoy/Robomaster/PIONEER/new_rv/install/rm_tools/share/rm_tools/package.zsh'
[0.410s] Level 1:colcon.colcon_core.environment:create_file_with_runtime_dependencies(/home/ljoy/Robomaster/PIONEER/new_rv/install/rm_tools/share/colcon-core/packages/rm_tools)
[0.421s] Level 1:colcon.colcon_core.environment:create_environment_scripts_only(hik_camera)
[0.421s] Level 1:colcon.colcon_core.environment:checking '/home/ljoy/Robomaster/PIONEER/new_rv/install/hik_camera' for CMake module files
[0.421s] Level 1:colcon.colcon_core.environment:checking '/home/ljoy/Robomaster/PIONEER/new_rv/install/hik_camera' for CMake config files
[0.421s] Level 1:colcon.colcon_core.shell:create_environment_hook('hik_camera', 'cmake_prefix_path')
[0.422s] INFO:colcon.colcon_core.shell:Creating environment hook '/home/ljoy/Robomaster/PIONEER/new_rv/install/hik_camera/share/hik_camera/hook/cmake_prefix_path.ps1'
[0.422s] INFO:colcon.colcon_core.shell:Creating environment descriptor '/home/ljoy/Robomaster/PIONEER/new_rv/install/hik_camera/share/hik_camera/hook/cmake_prefix_path.dsv'
[0.422s] INFO:colcon.colcon_core.shell:Creating environment hook '/home/ljoy/Robomaster/PIONEER/new_rv/install/hik_camera/share/hik_camera/hook/cmake_prefix_path.sh'
[0.422s] Level 1:colcon.colcon_core.environment:checking '/home/ljoy/Robomaster/PIONEER/new_rv/install/hik_camera/lib'
[0.422s] Level 1:colcon.colcon_core.shell:create_environment_hook('hik_camera', 'ld_library_path_lib')
[0.422s] INFO:colcon.colcon_core.shell:Creating environment hook '/home/ljoy/Robomaster/PIONEER/new_rv/install/hik_camera/share/hik_camera/hook/ld_library_path_lib.ps1'
[0.423s] INFO:colcon.colcon_core.shell:Creating environment descriptor '/home/ljoy/Robomaster/PIONEER/new_rv/install/hik_camera/share/hik_camera/hook/ld_library_path_lib.dsv'
[0.423s] INFO:colcon.colcon_core.shell:Creating environment hook '/home/ljoy/Robomaster/PIONEER/new_rv/install/hik_camera/share/hik_camera/hook/ld_library_path_lib.sh'
[0.423s] Level 1:colcon.colcon_core.environment:checking '/home/ljoy/Robomaster/PIONEER/new_rv/install/hik_camera/bin'
[0.423s] Level 1:colcon.colcon_core.environment:checking '/home/ljoy/Robomaster/PIONEER/new_rv/install/hik_camera/lib/pkgconfig/hik_camera.pc'
[0.423s] Level 1:colcon.colcon_core.environment:checking '/home/ljoy/Robomaster/PIONEER/new_rv/install/hik_camera/lib/python3.10/site-packages'
[0.423s] Level 1:colcon.colcon_core.environment:checking '/home/ljoy/Robomaster/PIONEER/new_rv/install/hik_camera/bin'
[0.424s] INFO:colcon.colcon_core.shell:Creating package script '/home/ljoy/Robomaster/PIONEER/new_rv/install/hik_camera/share/hik_camera/package.ps1'
[0.424s] INFO:colcon.colcon_core.shell:Creating package descriptor '/home/ljoy/Robomaster/PIONEER/new_rv/install/hik_camera/share/hik_camera/package.dsv'
[0.424s] INFO:colcon.colcon_core.shell:Creating package script '/home/ljoy/Robomaster/PIONEER/new_rv/install/hik_camera/share/hik_camera/package.sh'
[0.425s] INFO:colcon.colcon_core.shell:Creating package script '/home/ljoy/Robomaster/PIONEER/new_rv/install/hik_camera/share/hik_camera/package.bash'
[0.425s] INFO:colcon.colcon_core.shell:Creating package script '/home/ljoy/Robomaster/PIONEER/new_rv/install/hik_camera/share/hik_camera/package.zsh'
[0.425s] Level 1:colcon.colcon_core.environment:create_file_with_runtime_dependencies(/home/ljoy/Robomaster/PIONEER/new_rv/install/hik_camera/share/colcon-core/packages/hik_camera)
[0.431s] Level 1:colcon.colcon_core.environment:create_environment_scripts_only(rm_tools)
[0.431s] Level 1:colcon.colcon_core.environment:checking '/home/ljoy/Robomaster/PIONEER/new_rv/install/rm_tools' for CMake module files
[0.431s] Level 1:colcon.colcon_core.environment:checking '/home/ljoy/Robomaster/PIONEER/new_rv/install/rm_tools' for CMake config files
[0.432s] Level 1:colcon.colcon_core.shell:create_environment_hook('rm_tools', 'cmake_prefix_path')
[0.432s] INFO:colcon.colcon_core.shell:Creating environment hook '/home/ljoy/Robomaster/PIONEER/new_rv/install/rm_tools/share/rm_tools/hook/cmake_prefix_path.ps1'
[0.432s] INFO:colcon.colcon_core.shell:Creating environment descriptor '/home/ljoy/Robomaster/PIONEER/new_rv/install/rm_tools/share/rm_tools/hook/cmake_prefix_path.dsv'
[0.432s] INFO:colcon.colcon_core.shell:Creating environment hook '/home/ljoy/Robomaster/PIONEER/new_rv/install/rm_tools/share/rm_tools/hook/cmake_prefix_path.sh'
[0.432s] Level 1:colcon.colcon_core.environment:checking '/home/ljoy/Robomaster/PIONEER/new_rv/install/rm_tools/lib'
[0.433s] Level 1:colcon.colcon_core.shell:create_environment_hook('rm_tools', 'ld_library_path_lib')
[0.433s] INFO:colcon.colcon_core.shell:Creating environment hook '/home/ljoy/Robomaster/PIONEER/new_rv/install/rm_tools/share/rm_tools/hook/ld_library_path_lib.ps1'
[0.433s] INFO:colcon.colcon_core.shell:Creating environment descriptor '/home/ljoy/Robomaster/PIONEER/new_rv/install/rm_tools/share/rm_tools/hook/ld_library_path_lib.dsv'
[0.433s] INFO:colcon.colcon_core.shell:Creating environment hook '/home/ljoy/Robomaster/PIONEER/new_rv/install/rm_tools/share/rm_tools/hook/ld_library_path_lib.sh'
[0.433s] Level 1:colcon.colcon_core.environment:checking '/home/ljoy/Robomaster/PIONEER/new_rv/install/rm_tools/bin'
[0.433s] Level 1:colcon.colcon_core.environment:checking '/home/ljoy/Robomaster/PIONEER/new_rv/install/rm_tools/lib/pkgconfig/rm_tools.pc'
[0.433s] Level 1:colcon.colcon_core.environment:checking '/home/ljoy/Robomaster/PIONEER/new_rv/install/rm_tools/lib/python3.10/site-packages'
[0.434s] Level 1:colcon.colcon_core.environment:checking '/home/ljoy/Robomaster/PIONEER/new_rv/install/rm_tools/bin'
[0.434s] INFO:colcon.colcon_core.shell:Creating package script '/home/ljoy/Robomaster/PIONEER/new_rv/install/rm_tools/share/rm_tools/package.ps1'
[0.434s] INFO:colcon.colcon_core.shell:Creating package descriptor '/home/ljoy/Robomaster/PIONEER/new_rv/install/rm_tools/share/rm_tools/package.dsv'
[0.434s] INFO:colcon.colcon_core.shell:Creating package script '/home/ljoy/Robomaster/PIONEER/new_rv/install/rm_tools/share/rm_tools/package.sh'
[0.435s] INFO:colcon.colcon_core.shell:Creating package script '/home/ljoy/Robomaster/PIONEER/new_rv/install/rm_tools/share/rm_tools/package.bash'
[0.435s] INFO:colcon.colcon_core.shell:Creating package script '/home/ljoy/Robomaster/PIONEER/new_rv/install/rm_tools/share/rm_tools/package.zsh'
[0.435s] Level 1:colcon.colcon_core.environment:create_file_with_runtime_dependencies(/home/ljoy/Robomaster/PIONEER/new_rv/install/rm_tools/share/colcon-core/packages/rm_tools)
[0.511s] DEBUG:colcon.colcon_core.event_handler.log_command:Invoked command in '/home/ljoy/Robomaster/PIONEER/new_rv/build/auto_aim_interfaces' returned '0': /usr/bin/cmake --build /home/ljoy/Robomaster/PIONEER/new_rv/build/auto_aim_interfaces -- -j32 -l32
[0.673s] DEBUG:colcon.colcon_core.event_handler.log_command:Invoking command in '/home/ljoy/Robomaster/PIONEER/new_rv/build/auto_aim_interfaces': /usr/bin/cmake --install /home/ljoy/Robomaster/PIONEER/new_rv/build/auto_aim_interfaces
[0.726s] Level 1:colcon.colcon_core.environment:create_environment_scripts_only(auto_aim_interfaces)
[0.726s] Level 1:colcon.colcon_core.environment:checking '/home/ljoy/Robomaster/PIONEER/new_rv/install/auto_aim_interfaces' for CMake module files
[0.726s] DEBUG:colcon.colcon_core.event_handler.log_command:Invoked command in '/home/ljoy/Robomaster/PIONEER/new_rv/build/auto_aim_interfaces' returned '0': /usr/bin/cmake --install /home/ljoy/Robomaster/PIONEER/new_rv/build/auto_aim_interfaces
[0.727s] Level 1:colcon.colcon_core.environment:checking '/home/ljoy/Robomaster/PIONEER/new_rv/install/auto_aim_interfaces' for CMake config files
[0.727s] Level 1:colcon.colcon_core.shell:create_environment_hook('auto_aim_interfaces', 'cmake_prefix_path')
[0.727s] INFO:colcon.colcon_core.shell:Creating environment hook '/home/ljoy/Robomaster/PIONEER/new_rv/install/auto_aim_interfaces/share/auto_aim_interfaces/hook/cmake_prefix_path.ps1'
[0.728s] INFO:colcon.colcon_core.shell:Creating environment descriptor '/home/ljoy/Robomaster/PIONEER/new_rv/install/auto_aim_interfaces/share/auto_aim_interfaces/hook/cmake_prefix_path.dsv'
[0.728s] INFO:colcon.colcon_core.shell:Creating environment hook '/home/ljoy/Robomaster/PIONEER/new_rv/install/auto_aim_interfaces/share/auto_aim_interfaces/hook/cmake_prefix_path.sh'
[0.728s] Level 1:colcon.colcon_core.environment:checking '/home/ljoy/Robomaster/PIONEER/new_rv/install/auto_aim_interfaces/lib'
[0.728s] Level 1:colcon.colcon_core.shell:create_environment_hook('auto_aim_interfaces', 'ld_library_path_lib')
[0.728s] INFO:colcon.colcon_core.shell:Creating environment hook '/home/ljoy/Robomaster/PIONEER/new_rv/install/auto_aim_interfaces/share/auto_aim_interfaces/hook/ld_library_path_lib.ps1'
[0.729s] INFO:colcon.colcon_core.shell:Creating environment descriptor '/home/ljoy/Robomaster/PIONEER/new_rv/install/auto_aim_interfaces/share/auto_aim_interfaces/hook/ld_library_path_lib.dsv'
[0.729s] INFO:colcon.colcon_core.shell:Creating environment hook '/home/ljoy/Robomaster/PIONEER/new_rv/install/auto_aim_interfaces/share/auto_aim_interfaces/hook/ld_library_path_lib.sh'
[0.729s] Level 1:colcon.colcon_core.environment:checking '/home/ljoy/Robomaster/PIONEER/new_rv/install/auto_aim_interfaces/bin'
[0.729s] Level 1:colcon.colcon_core.environment:checking '/home/ljoy/Robomaster/PIONEER/new_rv/install/auto_aim_interfaces/lib/pkgconfig/auto_aim_interfaces.pc'
[0.729s] Level 1:colcon.colcon_core.environment:checking '/home/ljoy/Robomaster/PIONEER/new_rv/install/auto_aim_interfaces/lib/python3.10/site-packages'
[0.729s] Level 1:colcon.colcon_core.environment:checking '/home/ljoy/Robomaster/PIONEER/new_rv/install/auto_aim_interfaces/bin'
[0.730s] INFO:colcon.colcon_core.shell:Creating package script '/home/ljoy/Robomaster/PIONEER/new_rv/install/auto_aim_interfaces/share/auto_aim_interfaces/package.ps1'
[0.730s] INFO:colcon.colcon_core.shell:Creating package descriptor '/home/ljoy/Robomaster/PIONEER/new_rv/install/auto_aim_interfaces/share/auto_aim_interfaces/package.dsv'
[0.730s] INFO:colcon.colcon_core.shell:Creating package script '/home/ljoy/Robomaster/PIONEER/new_rv/install/auto_aim_interfaces/share/auto_aim_interfaces/package.sh'
[0.730s] INFO:colcon.colcon_core.shell:Creating package script '/home/ljoy/Robomaster/PIONEER/new_rv/install/auto_aim_interfaces/share/auto_aim_interfaces/package.bash'
[0.731s] INFO:colcon.colcon_core.shell:Creating package script '/home/ljoy/Robomaster/PIONEER/new_rv/install/auto_aim_interfaces/share/auto_aim_interfaces/package.zsh'
[0.731s] Level 1:colcon.colcon_core.environment:create_file_with_runtime_dependencies(/home/ljoy/Robomaster/PIONEER/new_rv/install/auto_aim_interfaces/share/colcon-core/packages/auto_aim_interfaces)
[0.874s] Level 1:colcon.colcon_core.environment:create_environment_scripts_only(auto_aim_interfaces)
[0.874s] Level 1:colcon.colcon_core.environment:checking '/home/ljoy/Robomaster/PIONEER/new_rv/install/auto_aim_interfaces' for CMake module files
[0.875s] Level 1:colcon.colcon_core.environment:checking '/home/ljoy/Robomaster/PIONEER/new_rv/install/auto_aim_interfaces' for CMake config files
[0.875s] Level 1:colcon.colcon_core.shell:create_environment_hook('auto_aim_interfaces', 'cmake_prefix_path')
[0.875s] INFO:colcon.colcon_core.shell:Creating environment hook '/home/ljoy/Robomaster/PIONEER/new_rv/install/auto_aim_interfaces/share/auto_aim_interfaces/hook/cmake_prefix_path.ps1'
[0.875s] INFO:colcon.colcon_core.shell:Creating environment descriptor '/home/ljoy/Robomaster/PIONEER/new_rv/install/auto_aim_interfaces/share/auto_aim_interfaces/hook/cmake_prefix_path.dsv'
[0.876s] INFO:colcon.colcon_core.shell:Creating environment hook '/home/ljoy/Robomaster/PIONEER/new_rv/install/auto_aim_interfaces/share/auto_aim_interfaces/hook/cmake_prefix_path.sh'
[0.876s] Level 1:colcon.colcon_core.environment:checking '/home/ljoy/Robomaster/PIONEER/new_rv/install/auto_aim_interfaces/lib'
[0.876s] Level 1:colcon.colcon_core.shell:create_environment_hook('auto_aim_interfaces', 'ld_library_path_lib')
[0.876s] INFO:colcon.colcon_core.shell:Creating environment hook '/home/ljoy/Robomaster/PIONEER/new_rv/install/auto_aim_interfaces/share/auto_aim_interfaces/hook/ld_library_path_lib.ps1'
[0.876s] INFO:colcon.colcon_core.shell:Creating environment descriptor '/home/ljoy/Robomaster/PIONEER/new_rv/install/auto_aim_interfaces/share/auto_aim_interfaces/hook/ld_library_path_lib.dsv'
[0.876s] INFO:colcon.colcon_core.shell:Creating environment hook '/home/ljoy/Robomaster/PIONEER/new_rv/install/auto_aim_interfaces/share/auto_aim_interfaces/hook/ld_library_path_lib.sh'
[0.877s] Level 1:colcon.colcon_core.environment:checking '/home/ljoy/Robomaster/PIONEER/new_rv/install/auto_aim_interfaces/bin'
[0.877s] Level 1:colcon.colcon_core.environment:checking '/home/ljoy/Robomaster/PIONEER/new_rv/install/auto_aim_interfaces/lib/pkgconfig/auto_aim_interfaces.pc'
[0.877s] Level 1:colcon.colcon_core.environment:checking '/home/ljoy/Robomaster/PIONEER/new_rv/install/auto_aim_interfaces/lib/python3.10/site-packages'
[0.877s] Level 1:colcon.colcon_core.environment:checking '/home/ljoy/Robomaster/PIONEER/new_rv/install/auto_aim_interfaces/bin'
[0.877s] INFO:colcon.colcon_core.shell:Creating package script '/home/ljoy/Robomaster/PIONEER/new_rv/install/auto_aim_interfaces/share/auto_aim_interfaces/package.ps1'
[0.877s] INFO:colcon.colcon_core.shell:Creating package descriptor '/home/ljoy/Robomaster/PIONEER/new_rv/install/auto_aim_interfaces/share/auto_aim_interfaces/package.dsv'
[0.877s] INFO:colcon.colcon_core.shell:Creating package script '/home/ljoy/Robomaster/PIONEER/new_rv/install/auto_aim_interfaces/share/auto_aim_interfaces/package.sh'
[0.878s] INFO:colcon.colcon_core.shell:Creating package script '/home/ljoy/Robomaster/PIONEER/new_rv/install/auto_aim_interfaces/share/auto_aim_interfaces/package.bash'
[0.878s] INFO:colcon.colcon_core.shell:Creating package script '/home/ljoy/Robomaster/PIONEER/new_rv/install/auto_aim_interfaces/share/auto_aim_interfaces/package.zsh'
[0.878s] Level 1:colcon.colcon_core.environment:create_file_with_runtime_dependencies(/home/ljoy/Robomaster/PIONEER/new_rv/install/auto_aim_interfaces/share/colcon-core/packages/auto_aim_interfaces)
[0.878s] INFO:colcon.colcon_ros.task.ament_cmake.build:Building ROS package in '/home/ljoy/Robomaster/PIONEER/new_rv/rm_serial_driver' with build type 'ament_cmake'
[0.878s] INFO:colcon.colcon_cmake.task.cmake.build:Building CMake package in '/home/ljoy/Robomaster/PIONEER/new_rv/rm_serial_driver'
[0.878s] INFO:colcon.colcon_core.shell:Skip shell extension 'powershell' for command environment: Not usable outside of PowerShell
[0.878s] DEBUG:colcon.colcon_core.shell:Skip shell extension 'dsv' for command environment
[0.879s] INFO:colcon.colcon_ros.task.ament_cmake.build:Building ROS package in '/home/ljoy/Robomaster/PIONEER/new_rv/rm_auto_aim/armor_detector' with build type 'ament_cmake'
[0.879s] INFO:colcon.colcon_cmake.task.cmake.build:Building CMake package in '/home/ljoy/Robomaster/PIONEER/new_rv/rm_auto_aim/armor_detector'
[0.879s] INFO:colcon.colcon_core.shell:Skip shell extension 'powershell' for command environment: Not usable outside of PowerShell
[0.879s] DEBUG:colcon.colcon_core.shell:Skip shell extension 'dsv' for command environment
[0.880s] INFO:colcon.colcon_ros.task.ament_cmake.build:Building ROS package in '/home/ljoy/Robomaster/PIONEER/new_rv/rm_auto_aim/armor_tracker' with build type 'ament_cmake'
[0.880s] INFO:colcon.colcon_cmake.task.cmake.build:Building CMake package in '/home/ljoy/Robomaster/PIONEER/new_rv/rm_auto_aim/armor_tracker'
[0.880s] INFO:colcon.colcon_core.shell:Skip shell extension 'powershell' for command environment: Not usable outside of PowerShell
[0.880s] DEBUG:colcon.colcon_core.shell:Skip shell extension 'dsv' for command environment
[0.884s] INFO:colcon.colcon_ros.task.ament_cmake.build:Building ROS package in '/home/ljoy/Robomaster/PIONEER/new_rv/rm_planner' with build type 'ament_cmake'
[0.884s] INFO:colcon.colcon_cmake.task.cmake.build:Building CMake package in '/home/ljoy/Robomaster/PIONEER/new_rv/rm_planner'
[0.884s] INFO:colcon.colcon_core.shell:Skip shell extension 'powershell' for command environment: Not usable outside of PowerShell
[0.884s] DEBUG:colcon.colcon_core.shell:Skip shell extension 'dsv' for command environment
[0.893s] DEBUG:colcon.colcon_core.event_handler.log_command:Invoking command in '/home/ljoy/Robomaster/PIONEER/new_rv/build/rm_serial_driver': AMENT_PREFIX_PATH=/home/ljoy/Robomaster/PIONEER/new_rv/install/auto_aim_interfaces CMAKE_PREFIX_PATH=/home/ljoy/Robomaster/PIONEER/new_rv/install/auto_aim_interfaces LD_LIBRARY_PATH=/home/ljoy/Robomaster/PIONEER/new_rv/install/auto_aim_interfaces/lib:/opt/MVS/lib/64:/opt/MVS/lib/32:/opt/MVS/lib/64:/opt/MVS/lib/64 PYTHONPATH=/home/ljoy/Robomaster/PIONEER/new_rv/install/auto_aim_interfaces/local/lib/python3.10/dist-packages /usr/bin/cmake --build /home/ljoy/Robomaster/PIONEER/new_rv/build/rm_serial_driver -- -j32 -l32
[0.894s] DEBUG:colcon.colcon_core.event_handler.log_command:Invoking command in '/home/ljoy/Robomaster/PIONEER/new_rv/build/armor_detector': AMENT_PREFIX_PATH=/home/ljoy/Robomaster/PIONEER/new_rv/install/rm_tools:/home/ljoy/Robomaster/PIONEER/new_rv/install/auto_aim_interfaces CMAKE_PREFIX_PATH=/home/ljoy/Robomaster/PIONEER/new_rv/install/rm_tools:/home/ljoy/Robomaster/PIONEER/new_rv/install/auto_aim_interfaces LD_LIBRARY_PATH=/home/ljoy/Robomaster/PIONEER/new_rv/install/rm_tools/lib:/home/ljoy/Robomaster/PIONEER/new_rv/install/auto_aim_interfaces/lib:/opt/MVS/lib/64:/opt/MVS/lib/32:/opt/MVS/lib/64:/opt/MVS/lib/64 PYTHONPATH=/home/ljoy/Robomaster/PIONEER/new_rv/install/auto_aim_interfaces/local/lib/python3.10/dist-packages /usr/bin/cmake --build /home/ljoy/Robomaster/PIONEER/new_rv/build/armor_detector -- -j32 -l32
[0.896s] DEBUG:colcon.colcon_core.event_handler.log_command:Invoking command in '/home/ljoy/Robomaster/PIONEER/new_rv/build/armor_tracker': AMENT_PREFIX_PATH=/home/ljoy/Robomaster/PIONEER/new_rv/install/rm_tools:/home/ljoy/Robomaster/PIONEER/new_rv/install/auto_aim_interfaces CMAKE_PREFIX_PATH=/home/ljoy/Robomaster/PIONEER/new_rv/install/rm_tools:/home/ljoy/Robomaster/PIONEER/new_rv/install/auto_aim_interfaces LD_LIBRARY_PATH=/home/ljoy/Robomaster/PIONEER/new_rv/install/rm_tools/lib:/home/ljoy/Robomaster/PIONEER/new_rv/install/auto_aim_interfaces/lib:/opt/MVS/lib/64:/opt/MVS/lib/32:/opt/MVS/lib/64:/opt/MVS/lib/64 PYTHONPATH=/home/ljoy/Robomaster/PIONEER/new_rv/install/auto_aim_interfaces/local/lib/python3.10/dist-packages /usr/bin/cmake --build /home/ljoy/Robomaster/PIONEER/new_rv/build/armor_tracker -- -j32 -l32
[0.899s] DEBUG:colcon.colcon_core.event_handler.log_command:Invoking command in '/home/ljoy/Robomaster/PIONEER/new_rv/build/rm_planner': AMENT_PREFIX_PATH=/home/ljoy/Robomaster/PIONEER/new_rv/install/rm_tools:/home/ljoy/Robomaster/PIONEER/new_rv/install/auto_aim_interfaces CMAKE_PREFIX_PATH=/home/ljoy/Robomaster/PIONEER/new_rv/install/rm_tools:/home/ljoy/Robomaster/PIONEER/new_rv/install/auto_aim_interfaces LD_LIBRARY_PATH=/home/ljoy/Robomaster/PIONEER/new_rv/install/rm_tools/lib:/home/ljoy/Robomaster/PIONEER/new_rv/install/auto_aim_interfaces/lib:/opt/MVS/lib/64:/opt/MVS/lib/32:/opt/MVS/lib/64:/opt/MVS/lib/64 PYTHONPATH=/home/ljoy/Robomaster/PIONEER/new_rv/install/auto_aim_interfaces/local/lib/python3.10/dist-packages /usr/bin/cmake --build /home/ljoy/Robomaster/PIONEER/new_rv/build/rm_planner -- -j32 -l32
[0.925s] DEBUG:colcon.colcon_core.event_handler.log_command:Invoked command in '/home/ljoy/Robomaster/PIONEER/new_rv/build/armor_tracker' returned '0': AMENT_PREFIX_PATH=/home/ljoy/Robomaster/PIONEER/new_rv/install/rm_tools:/home/ljoy/Robomaster/PIONEER/new_rv/install/auto_aim_interfaces CMAKE_PREFIX_PATH=/home/ljoy/Robomaster/PIONEER/new_rv/install/rm_tools:/home/ljoy/Robomaster/PIONEER/new_rv/install/auto_aim_interfaces LD_LIBRARY_PATH=/home/ljoy/Robomaster/PIONEER/new_rv/install/rm_tools/lib:/home/ljoy/Robomaster/PIONEER/new_rv/install/auto_aim_interfaces/lib:/opt/MVS/lib/64:/opt/MVS/lib/32:/opt/MVS/lib/64:/opt/MVS/lib/64 PYTHONPATH=/home/ljoy/Robomaster/PIONEER/new_rv/install/auto_aim_interfaces/local/lib/python3.10/dist-packages /usr/bin/cmake --build /home/ljoy/Robomaster/PIONEER/new_rv/build/armor_tracker -- -j32 -l32
[0.930s] DEBUG:colcon.colcon_core.event_handler.log_command:Invoked command in '/home/ljoy/Robomaster/PIONEER/new_rv/build/rm_serial_driver' returned '0': AMENT_PREFIX_PATH=/home/ljoy/Robomaster/PIONEER/new_rv/install/auto_aim_interfaces CMAKE_PREFIX_PATH=/home/ljoy/Robomaster/PIONEER/new_rv/install/auto_aim_interfaces LD_LIBRARY_PATH=/home/ljoy/Robomaster/PIONEER/new_rv/install/auto_aim_interfaces/lib:/opt/MVS/lib/64:/opt/MVS/lib/32:/opt/MVS/lib/64:/opt/MVS/lib/64 PYTHONPATH=/home/ljoy/Robomaster/PIONEER/new_rv/install/auto_aim_interfaces/local/lib/python3.10/dist-packages /usr/bin/cmake --build /home/ljoy/Robomaster/PIONEER/new_rv/build/rm_serial_driver -- -j32 -l32
[0.940s] DEBUG:colcon.colcon_core.event_handler.log_command:Invoking command in '/home/ljoy/Robomaster/PIONEER/new_rv/build/armor_tracker': AMENT_PREFIX_PATH=/home/ljoy/Robomaster/PIONEER/new_rv/install/rm_tools:/home/ljoy/Robomaster/PIONEER/new_rv/install/auto_aim_interfaces CMAKE_PREFIX_PATH=/home/ljoy/Robomaster/PIONEER/new_rv/install/rm_tools:/home/ljoy/Robomaster/PIONEER/new_rv/install/auto_aim_interfaces LD_LIBRARY_PATH=/home/ljoy/Robomaster/PIONEER/new_rv/install/rm_tools/lib:/home/ljoy/Robomaster/PIONEER/new_rv/install/auto_aim_interfaces/lib:/opt/MVS/lib/64:/opt/MVS/lib/32:/opt/MVS/lib/64:/opt/MVS/lib/64 PYTHONPATH=/home/ljoy/Robomaster/PIONEER/new_rv/install/auto_aim_interfaces/local/lib/python3.10/dist-packages /usr/bin/cmake --install /home/ljoy/Robomaster/PIONEER/new_rv/build/armor_tracker
[0.944s] Level 1:colcon.colcon_core.environment:create_environment_scripts_only(armor_tracker)
[0.944s] DEBUG:colcon.colcon_core.event_handler.log_command:Invoked command in '/home/ljoy/Robomaster/PIONEER/new_rv/build/armor_tracker' returned '0': AMENT_PREFIX_PATH=/home/ljoy/Robomaster/PIONEER/new_rv/install/rm_tools:/home/ljoy/Robomaster/PIONEER/new_rv/install/auto_aim_interfaces CMAKE_PREFIX_PATH=/home/ljoy/Robomaster/PIONEER/new_rv/install/rm_tools:/home/ljoy/Robomaster/PIONEER/new_rv/install/auto_aim_interfaces LD_LIBRARY_PATH=/home/ljoy/Robomaster/PIONEER/new_rv/install/rm_tools/lib:/home/ljoy/Robomaster/PIONEER/new_rv/install/auto_aim_interfaces/lib:/opt/MVS/lib/64:/opt/MVS/lib/32:/opt/MVS/lib/64:/opt/MVS/lib/64 PYTHONPATH=/home/ljoy/Robomaster/PIONEER/new_rv/install/auto_aim_interfaces/local/lib/python3.10/dist-packages /usr/bin/cmake --install /home/ljoy/Robomaster/PIONEER/new_rv/build/armor_tracker
[0.944s] Level 1:colcon.colcon_core.environment:checking '/home/ljoy/Robomaster/PIONEER/new_rv/install/armor_tracker' for CMake module files
[0.944s] Level 1:colcon.colcon_core.environment:checking '/home/ljoy/Robomaster/PIONEER/new_rv/install/armor_tracker' for CMake config files
[0.945s] Level 1:colcon.colcon_core.shell:create_environment_hook('armor_tracker', 'cmake_prefix_path')
[0.945s] INFO:colcon.colcon_core.shell:Creating environment hook '/home/ljoy/Robomaster/PIONEER/new_rv/install/armor_tracker/share/armor_tracker/hook/cmake_prefix_path.ps1'
[0.945s] INFO:colcon.colcon_core.shell:Creating environment descriptor '/home/ljoy/Robomaster/PIONEER/new_rv/install/armor_tracker/share/armor_tracker/hook/cmake_prefix_path.dsv'
[0.945s] INFO:colcon.colcon_core.shell:Creating environment hook '/home/ljoy/Robomaster/PIONEER/new_rv/install/armor_tracker/share/armor_tracker/hook/cmake_prefix_path.sh'
[0.945s] Level 1:colcon.colcon_core.environment:checking '/home/ljoy/Robomaster/PIONEER/new_rv/install/armor_tracker/lib'
[0.945s] Level 1:colcon.colcon_core.shell:create_environment_hook('armor_tracker', 'ld_library_path_lib')
[0.945s] INFO:colcon.colcon_core.shell:Creating environment hook '/home/ljoy/Robomaster/PIONEER/new_rv/install/armor_tracker/share/armor_tracker/hook/ld_library_path_lib.ps1'
[0.946s] INFO:colcon.colcon_core.shell:Creating environment descriptor '/home/ljoy/Robomaster/PIONEER/new_rv/install/armor_tracker/share/armor_tracker/hook/ld_library_path_lib.dsv'
[0.946s] INFO:colcon.colcon_core.shell:Creating environment hook '/home/ljoy/Robomaster/PIONEER/new_rv/install/armor_tracker/share/armor_tracker/hook/ld_library_path_lib.sh'
[0.946s] Level 1:colcon.colcon_core.environment:checking '/home/ljoy/Robomaster/PIONEER/new_rv/install/armor_tracker/bin'
[0.946s] Level 1:colcon.colcon_core.environment:checking '/home/ljoy/Robomaster/PIONEER/new_rv/install/armor_tracker/lib/pkgconfig/armor_tracker.pc'
[0.946s] Level 1:colcon.colcon_core.environment:checking '/home/ljoy/Robomaster/PIONEER/new_rv/install/armor_tracker/lib/python3.10/site-packages'
[0.946s] Level 1:colcon.colcon_core.environment:checking '/home/ljoy/Robomaster/PIONEER/new_rv/install/armor_tracker/bin'
[0.946s] INFO:colcon.colcon_core.shell:Creating package script '/home/ljoy/Robomaster/PIONEER/new_rv/install/armor_tracker/share/armor_tracker/package.ps1'
[0.947s] INFO:colcon.colcon_core.shell:Creating package descriptor '/home/ljoy/Robomaster/PIONEER/new_rv/install/armor_tracker/share/armor_tracker/package.dsv'
[0.947s] INFO:colcon.colcon_core.shell:Creating package script '/home/ljoy/Robomaster/PIONEER/new_rv/install/armor_tracker/share/armor_tracker/package.sh'
[0.947s] INFO:colcon.colcon_core.shell:Creating package script '/home/ljoy/Robomaster/PIONEER/new_rv/install/armor_tracker/share/armor_tracker/package.bash'
[0.947s] INFO:colcon.colcon_core.shell:Creating package script '/home/ljoy/Robomaster/PIONEER/new_rv/install/armor_tracker/share/armor_tracker/package.zsh'
[0.947s] Level 1:colcon.colcon_core.environment:create_file_with_runtime_dependencies(/home/ljoy/Robomaster/PIONEER/new_rv/install/armor_tracker/share/colcon-core/packages/armor_tracker)
[0.949s] DEBUG:colcon.colcon_core.event_handler.log_command:Invoking command in '/home/ljoy/Robomaster/PIONEER/new_rv/build/rm_serial_driver': AMENT_PREFIX_PATH=/home/ljoy/Robomaster/PIONEER/new_rv/install/auto_aim_interfaces CMAKE_PREFIX_PATH=/home/ljoy/Robomaster/PIONEER/new_rv/install/auto_aim_interfaces LD_LIBRARY_PATH=/home/ljoy/Robomaster/PIONEER/new_rv/install/auto_aim_interfaces/lib:/opt/MVS/lib/64:/opt/MVS/lib/32:/opt/MVS/lib/64:/opt/MVS/lib/64 PYTHONPATH=/home/ljoy/Robomaster/PIONEER/new_rv/install/auto_aim_interfaces/local/lib/python3.10/dist-packages /usr/bin/cmake --install /home/ljoy/Robomaster/PIONEER/new_rv/build/rm_serial_driver
[0.953s] Level 1:colcon.colcon_core.environment:create_environment_scripts_only(rm_serial_driver)
[0.953s] Level 1:colcon.colcon_core.environment:checking '/home/ljoy/Robomaster/PIONEER/new_rv/install/rm_serial_driver' for CMake module files
[0.953s] DEBUG:colcon.colcon_core.event_handler.log_command:Invoked command in '/home/ljoy/Robomaster/PIONEER/new_rv/build/rm_serial_driver' returned '0': AMENT_PREFIX_PATH=/home/ljoy/Robomaster/PIONEER/new_rv/install/auto_aim_interfaces CMAKE_PREFIX_PATH=/home/ljoy/Robomaster/PIONEER/new_rv/install/auto_aim_interfaces LD_LIBRARY_PATH=/home/ljoy/Robomaster/PIONEER/new_rv/install/auto_aim_interfaces/lib:/opt/MVS/lib/64:/opt/MVS/lib/32:/opt/MVS/lib/64:/opt/MVS/lib/64 PYTHONPATH=/home/ljoy/Robomaster/PIONEER/new_rv/install/auto_aim_interfaces/local/lib/python3.10/dist-packages /usr/bin/cmake --install /home/ljoy/Robomaster/PIONEER/new_rv/build/rm_serial_driver
[0.953s] Level 1:colcon.colcon_core.environment:checking '/home/ljoy/Robomaster/PIONEER/new_rv/install/rm_serial_driver' for CMake config files
[0.954s] Level 1:colcon.colcon_core.shell:create_environment_hook('rm_serial_driver', 'cmake_prefix_path')
[0.954s] INFO:colcon.colcon_core.shell:Creating environment hook '/home/ljoy/Robomaster/PIONEER/new_rv/install/rm_serial_driver/share/rm_serial_driver/hook/cmake_prefix_path.ps1'
[0.954s] INFO:colcon.colcon_core.shell:Creating environment descriptor '/home/ljoy/Robomaster/PIONEER/new_rv/install/rm_serial_driver/share/rm_serial_driver/hook/cmake_prefix_path.dsv'
[0.954s] INFO:colcon.colcon_core.shell:Creating environment hook '/home/ljoy/Robomaster/PIONEER/new_rv/install/rm_serial_driver/share/rm_serial_driver/hook/cmake_prefix_path.sh'
[0.954s] Level 1:colcon.colcon_core.environment:checking '/home/ljoy/Robomaster/PIONEER/new_rv/install/rm_serial_driver/lib'
[0.954s] Level 1:colcon.colcon_core.shell:create_environment_hook('rm_serial_driver', 'ld_library_path_lib')
[0.954s] INFO:colcon.colcon_core.shell:Creating environment hook '/home/ljoy/Robomaster/PIONEER/new_rv/install/rm_serial_driver/share/rm_serial_driver/hook/ld_library_path_lib.ps1'
[0.954s] INFO:colcon.colcon_core.shell:Creating environment descriptor '/home/ljoy/Robomaster/PIONEER/new_rv/install/rm_serial_driver/share/rm_serial_driver/hook/ld_library_path_lib.dsv'
[0.955s] INFO:colcon.colcon_core.shell:Creating environment hook '/home/ljoy/Robomaster/PIONEER/new_rv/install/rm_serial_driver/share/rm_serial_driver/hook/ld_library_path_lib.sh'
[0.955s] Level 1:colcon.colcon_core.environment:checking '/home/ljoy/Robomaster/PIONEER/new_rv/install/rm_serial_driver/bin'
[0.955s] Level 1:colcon.colcon_core.environment:checking '/home/ljoy/Robomaster/PIONEER/new_rv/install/rm_serial_driver/lib/pkgconfig/rm_serial_driver.pc'
[0.955s] Level 1:colcon.colcon_core.environment:checking '/home/ljoy/Robomaster/PIONEER/new_rv/install/rm_serial_driver/lib/python3.10/site-packages'
[0.955s] Level 1:colcon.colcon_core.environment:checking '/home/ljoy/Robomaster/PIONEER/new_rv/install/rm_serial_driver/bin'
[0.955s] INFO:colcon.colcon_core.shell:Creating package script '/home/ljoy/Robomaster/PIONEER/new_rv/install/rm_serial_driver/share/rm_serial_driver/package.ps1'
[0.955s] INFO:colcon.colcon_core.shell:Creating package descriptor '/home/ljoy/Robomaster/PIONEER/new_rv/install/rm_serial_driver/share/rm_serial_driver/package.dsv'
[0.956s] INFO:colcon.colcon_core.shell:Creating package script '/home/ljoy/Robomaster/PIONEER/new_rv/install/rm_serial_driver/share/rm_serial_driver/package.sh'
[0.956s] INFO:colcon.colcon_core.shell:Creating package script '/home/ljoy/Robomaster/PIONEER/new_rv/install/rm_serial_driver/share/rm_serial_driver/package.bash'
[0.956s] INFO:colcon.colcon_core.shell:Creating package script '/home/ljoy/Robomaster/PIONEER/new_rv/install/rm_serial_driver/share/rm_serial_driver/package.zsh'
[0.956s] Level 1:colcon.colcon_core.environment:create_file_with_runtime_dependencies(/home/ljoy/Robomaster/PIONEER/new_rv/install/rm_serial_driver/share/colcon-core/packages/rm_serial_driver)
[0.957s] DEBUG:colcon.colcon_core.event_handler.log_command:Invoked command in '/home/ljoy/Robomaster/PIONEER/new_rv/build/armor_detector' returned '0': AMENT_PREFIX_PATH=/home/ljoy/Robomaster/PIONEER/new_rv/install/rm_tools:/home/ljoy/Robomaster/PIONEER/new_rv/install/auto_aim_interfaces CMAKE_PREFIX_PATH=/home/ljoy/Robomaster/PIONEER/new_rv/install/rm_tools:/home/ljoy/Robomaster/PIONEER/new_rv/install/auto_aim_interfaces LD_LIBRARY_PATH=/home/ljoy/Robomaster/PIONEER/new_rv/install/rm_tools/lib:/home/ljoy/Robomaster/PIONEER/new_rv/install/auto_aim_interfaces/lib:/opt/MVS/lib/64:/opt/MVS/lib/32:/opt/MVS/lib/64:/opt/MVS/lib/64 PYTHONPATH=/home/ljoy/Robomaster/PIONEER/new_rv/install/auto_aim_interfaces/local/lib/python3.10/dist-packages /usr/bin/cmake --build /home/ljoy/Robomaster/PIONEER/new_rv/build/armor_detector -- -j32 -l32
[0.961s] Level 1:colcon.colcon_core.environment:create_environment_scripts_only(armor_tracker)
[0.961s] Level 1:colcon.colcon_core.environment:checking '/home/ljoy/Robomaster/PIONEER/new_rv/install/armor_tracker' for CMake module files
[0.961s] Level 1:colcon.colcon_core.environment:checking '/home/ljoy/Robomaster/PIONEER/new_rv/install/armor_tracker' for CMake config files
[0.961s] Level 1:colcon.colcon_core.shell:create_environment_hook('armor_tracker', 'cmake_prefix_path')
[0.962s] INFO:colcon.colcon_core.shell:Creating environment hook '/home/ljoy/Robomaster/PIONEER/new_rv/install/armor_tracker/share/armor_tracker/hook/cmake_prefix_path.ps1'
[0.962s] INFO:colcon.colcon_core.shell:Creating environment descriptor '/home/ljoy/Robomaster/PIONEER/new_rv/install/armor_tracker/share/armor_tracker/hook/cmake_prefix_path.dsv'
[0.962s] INFO:colcon.colcon_core.shell:Creating environment hook '/home/ljoy/Robomaster/PIONEER/new_rv/install/armor_tracker/share/armor_tracker/hook/cmake_prefix_path.sh'
[0.962s] Level 1:colcon.colcon_core.environment:checking '/home/ljoy/Robomaster/PIONEER/new_rv/install/armor_tracker/lib'
[0.962s] Level 1:colcon.colcon_core.shell:create_environment_hook('armor_tracker', 'ld_library_path_lib')
[0.962s] INFO:colcon.colcon_core.shell:Creating environment hook '/home/ljoy/Robomaster/PIONEER/new_rv/install/armor_tracker/share/armor_tracker/hook/ld_library_path_lib.ps1'
[0.962s] INFO:colcon.colcon_core.shell:Creating environment descriptor '/home/ljoy/Robomaster/PIONEER/new_rv/install/armor_tracker/share/armor_tracker/hook/ld_library_path_lib.dsv'
[0.963s] INFO:colcon.colcon_core.shell:Creating environment hook '/home/ljoy/Robomaster/PIONEER/new_rv/install/armor_tracker/share/armor_tracker/hook/ld_library_path_lib.sh'
[0.963s] Level 1:colcon.colcon_core.environment:checking '/home/ljoy/Robomaster/PIONEER/new_rv/install/armor_tracker/bin'
[0.963s] Level 1:colcon.colcon_core.environment:checking '/home/ljoy/Robomaster/PIONEER/new_rv/install/armor_tracker/lib/pkgconfig/armor_tracker.pc'
[0.963s] Level 1:colcon.colcon_core.environment:checking '/home/ljoy/Robomaster/PIONEER/new_rv/install/armor_tracker/lib/python3.10/site-packages'
[0.963s] Level 1:colcon.colcon_core.environment:checking '/home/ljoy/Robomaster/PIONEER/new_rv/install/armor_tracker/bin'
[0.963s] INFO:colcon.colcon_core.shell:Creating package script '/home/ljoy/Robomaster/PIONEER/new_rv/install/armor_tracker/share/armor_tracker/package.ps1'
[0.963s] INFO:colcon.colcon_core.shell:Creating package descriptor '/home/ljoy/Robomaster/PIONEER/new_rv/install/armor_tracker/share/armor_tracker/package.dsv'
[0.963s] INFO:colcon.colcon_core.shell:Creating package script '/home/ljoy/Robomaster/PIONEER/new_rv/install/armor_tracker/share/armor_tracker/package.sh'
[0.964s] INFO:colcon.colcon_core.shell:Creating package script '/home/ljoy/Robomaster/PIONEER/new_rv/install/armor_tracker/share/armor_tracker/package.bash'
[0.964s] INFO:colcon.colcon_core.shell:Creating package script '/home/ljoy/Robomaster/PIONEER/new_rv/install/armor_tracker/share/armor_tracker/package.zsh'
[0.964s] Level 1:colcon.colcon_core.environment:create_file_with_runtime_dependencies(/home/ljoy/Robomaster/PIONEER/new_rv/install/armor_tracker/share/colcon-core/packages/armor_tracker)
[0.973s] Level 1:colcon.colcon_core.environment:create_environment_scripts_only(rm_serial_driver)
[0.973s] Level 1:colcon.colcon_core.environment:checking '/home/ljoy/Robomaster/PIONEER/new_rv/install/rm_serial_driver' for CMake module files
[0.973s] Level 1:colcon.colcon_core.environment:checking '/home/ljoy/Robomaster/PIONEER/new_rv/install/rm_serial_driver' for CMake config files
[0.974s] Level 1:colcon.colcon_core.shell:create_environment_hook('rm_serial_driver', 'cmake_prefix_path')
[0.974s] INFO:colcon.colcon_core.shell:Creating environment hook '/home/ljoy/Robomaster/PIONEER/new_rv/install/rm_serial_driver/share/rm_serial_driver/hook/cmake_prefix_path.ps1'
[0.974s] INFO:colcon.colcon_core.shell:Creating environment descriptor '/home/ljoy/Robomaster/PIONEER/new_rv/install/rm_serial_driver/share/rm_serial_driver/hook/cmake_prefix_path.dsv'
[0.974s] INFO:colcon.colcon_core.shell:Creating environment hook '/home/ljoy/Robomaster/PIONEER/new_rv/install/rm_serial_driver/share/rm_serial_driver/hook/cmake_prefix_path.sh'
[0.974s] Level 1:colcon.colcon_core.environment:checking '/home/ljoy/Robomaster/PIONEER/new_rv/install/rm_serial_driver/lib'
[0.974s] Level 1:colcon.colcon_core.shell:create_environment_hook('rm_serial_driver', 'ld_library_path_lib')
[0.974s] INFO:colcon.colcon_core.shell:Creating environment hook '/home/ljoy/Robomaster/PIONEER/new_rv/install/rm_serial_driver/share/rm_serial_driver/hook/ld_library_path_lib.ps1'
[0.975s] INFO:colcon.colcon_core.shell:Creating environment descriptor '/home/ljoy/Robomaster/PIONEER/new_rv/install/rm_serial_driver/share/rm_serial_driver/hook/ld_library_path_lib.dsv'
[0.975s] INFO:colcon.colcon_core.shell:Creating environment hook '/home/ljoy/Robomaster/PIONEER/new_rv/install/rm_serial_driver/share/rm_serial_driver/hook/ld_library_path_lib.sh'
[0.975s] Level 1:colcon.colcon_core.environment:checking '/home/ljoy/Robomaster/PIONEER/new_rv/install/rm_serial_driver/bin'
[0.975s] Level 1:colcon.colcon_core.environment:checking '/home/ljoy/Robomaster/PIONEER/new_rv/install/rm_serial_driver/lib/pkgconfig/rm_serial_driver.pc'
[0.975s] Level 1:colcon.colcon_core.environment:checking '/home/ljoy/Robomaster/PIONEER/new_rv/install/rm_serial_driver/lib/python3.10/site-packages'
[0.975s] Level 1:colcon.colcon_core.environment:checking '/home/ljoy/Robomaster/PIONEER/new_rv/install/rm_serial_driver/bin'
[0.975s] INFO:colcon.colcon_core.shell:Creating package script '/home/ljoy/Robomaster/PIONEER/new_rv/install/rm_serial_driver/share/rm_serial_driver/package.ps1'
[0.975s] INFO:colcon.colcon_core.shell:Creating package descriptor '/home/ljoy/Robomaster/PIONEER/new_rv/install/rm_serial_driver/share/rm_serial_driver/package.dsv'
[0.976s] INFO:colcon.colcon_core.shell:Creating package script '/home/ljoy/Robomaster/PIONEER/new_rv/install/rm_serial_driver/share/rm_serial_driver/package.sh'
[0.976s] INFO:colcon.colcon_core.shell:Creating package script '/home/ljoy/Robomaster/PIONEER/new_rv/install/rm_serial_driver/share/rm_serial_driver/package.bash'
[0.976s] INFO:colcon.colcon_core.shell:Creating package script '/home/ljoy/Robomaster/PIONEER/new_rv/install/rm_serial_driver/share/rm_serial_driver/package.zsh'
[0.976s] Level 1:colcon.colcon_core.environment:create_file_with_runtime_dependencies(/home/ljoy/Robomaster/PIONEER/new_rv/install/rm_serial_driver/share/colcon-core/packages/rm_serial_driver)
[0.976s] INFO:colcon.colcon_ros.task.ament_cmake.build:Building ROS package in '/home/ljoy/Robomaster/PIONEER/new_rv/rm_vision/rm_vision_bringup' with build type 'ament_cmake'
[0.977s] INFO:colcon.colcon_cmake.task.cmake.build:Building CMake package in '/home/ljoy/Robomaster/PIONEER/new_rv/rm_vision/rm_vision_bringup'
[0.977s] INFO:colcon.colcon_core.shell:Skip shell extension 'powershell' for command environment: Not usable outside of PowerShell
[0.977s] DEBUG:colcon.colcon_core.shell:Skip shell extension 'dsv' for command environment
[0.978s] DEBUG:colcon.colcon_core.event_handler.log_command:Invoking command in '/home/ljoy/Robomaster/PIONEER/new_rv/build/armor_detector': AMENT_PREFIX_PATH=/home/ljoy/Robomaster/PIONEER/new_rv/install/rm_tools:/home/ljoy/Robomaster/PIONEER/new_rv/install/auto_aim_interfaces CMAKE_PREFIX_PATH=/home/ljoy/Robomaster/PIONEER/new_rv/install/rm_tools:/home/ljoy/Robomaster/PIONEER/new_rv/install/auto_aim_interfaces LD_LIBRARY_PATH=/home/ljoy/Robomaster/PIONEER/new_rv/install/rm_tools/lib:/home/ljoy/Robomaster/PIONEER/new_rv/install/auto_aim_interfaces/lib:/opt/MVS/lib/64:/opt/MVS/lib/32:/opt/MVS/lib/64:/opt/MVS/lib/64 PYTHONPATH=/home/ljoy/Robomaster/PIONEER/new_rv/install/auto_aim_interfaces/local/lib/python3.10/dist-packages /usr/bin/cmake --install /home/ljoy/Robomaster/PIONEER/new_rv/build/armor_detector
[0.983s] Level 1:colcon.colcon_core.environment:create_environment_scripts_only(armor_detector)
[0.983s] Level 1:colcon.colcon_core.environment:checking '/home/ljoy/Robomaster/PIONEER/new_rv/install/armor_detector' for CMake module files
[0.984s] DEBUG:colcon.colcon_core.event_handler.log_command:Invoking command in '/home/ljoy/Robomaster/PIONEER/new_rv/build/rm_vision_bringup': AMENT_PREFIX_PATH=/home/ljoy/Robomaster/PIONEER/new_rv/install/rm_serial_driver:/home/ljoy/Robomaster/PIONEER/new_rv/install/auto_aim_interfaces CMAKE_PREFIX_PATH=/home/ljoy/Robomaster/PIONEER/new_rv/install/rm_serial_driver:/home/ljoy/Robomaster/PIONEER/new_rv/install/auto_aim_interfaces LD_LIBRARY_PATH=/home/ljoy/Robomaster/PIONEER/new_rv/install/rm_serial_driver/lib:/home/ljoy/Robomaster/PIONEER/new_rv/install/auto_aim_interfaces/lib:/opt/MVS/lib/64:/opt/MVS/lib/32:/opt/MVS/lib/64:/opt/MVS/lib/64 PYTHONPATH=/home/ljoy/Robomaster/PIONEER/new_rv/install/auto_aim_interfaces/local/lib/python3.10/dist-packages /usr/bin/cmake --build /home/ljoy/Robomaster/PIONEER/new_rv/build/rm_vision_bringup -- -j32 -l32
[0.984s] DEBUG:colcon.colcon_core.event_handler.log_command:Invoked command in '/home/ljoy/Robomaster/PIONEER/new_rv/build/armor_detector' returned '0': AMENT_PREFIX_PATH=/home/ljoy/Robomaster/PIONEER/new_rv/install/rm_tools:/home/ljoy/Robomaster/PIONEER/new_rv/install/auto_aim_interfaces CMAKE_PREFIX_PATH=/home/ljoy/Robomaster/PIONEER/new_rv/install/rm_tools:/home/ljoy/Robomaster/PIONEER/new_rv/install/auto_aim_interfaces LD_LIBRARY_PATH=/home/ljoy/Robomaster/PIONEER/new_rv/install/rm_tools/lib:/home/ljoy/Robomaster/PIONEER/new_rv/install/auto_aim_interfaces/lib:/opt/MVS/lib/64:/opt/MVS/lib/32:/opt/MVS/lib/64:/opt/MVS/lib/64 PYTHONPATH=/home/ljoy/Robomaster/PIONEER/new_rv/install/auto_aim_interfaces/local/lib/python3.10/dist-packages /usr/bin/cmake --install /home/ljoy/Robomaster/PIONEER/new_rv/build/armor_detector
[0.984s] Level 1:colcon.colcon_core.environment:checking '/home/ljoy/Robomaster/PIONEER/new_rv/install/armor_detector' for CMake config files
[0.984s] Level 1:colcon.colcon_core.shell:create_environment_hook('armor_detector', 'cmake_prefix_path')
[0.984s] INFO:colcon.colcon_core.shell:Creating environment hook '/home/ljoy/Robomaster/PIONEER/new_rv/install/armor_detector/share/armor_detector/hook/cmake_prefix_path.ps1'
[0.984s] INFO:colcon.colcon_core.shell:Creating environment descriptor '/home/ljoy/Robomaster/PIONEER/new_rv/install/armor_detector/share/armor_detector/hook/cmake_prefix_path.dsv'
[0.985s] INFO:colcon.colcon_core.shell:Creating environment hook '/home/ljoy/Robomaster/PIONEER/new_rv/install/armor_detector/share/armor_detector/hook/cmake_prefix_path.sh'
[0.985s] Level 1:colcon.colcon_core.environment:checking '/home/ljoy/Robomaster/PIONEER/new_rv/install/armor_detector/lib'
[0.985s] Level 1:colcon.colcon_core.shell:create_environment_hook('armor_detector', 'ld_library_path_lib')
[0.985s] INFO:colcon.colcon_core.shell:Creating environment hook '/home/ljoy/Robomaster/PIONEER/new_rv/install/armor_detector/share/armor_detector/hook/ld_library_path_lib.ps1'
[0.985s] INFO:colcon.colcon_core.shell:Creating environment descriptor '/home/ljoy/Robomaster/PIONEER/new_rv/install/armor_detector/share/armor_detector/hook/ld_library_path_lib.dsv'
[0.985s] INFO:colcon.colcon_core.shell:Creating environment hook '/home/ljoy/Robomaster/PIONEER/new_rv/install/armor_detector/share/armor_detector/hook/ld_library_path_lib.sh'
[0.985s] Level 1:colcon.colcon_core.environment:checking '/home/ljoy/Robomaster/PIONEER/new_rv/install/armor_detector/bin'
[0.985s] Level 1:colcon.colcon_core.environment:checking '/home/ljoy/Robomaster/PIONEER/new_rv/install/armor_detector/lib/pkgconfig/armor_detector.pc'
[0.986s] Level 1:colcon.colcon_core.environment:checking '/home/ljoy/Robomaster/PIONEER/new_rv/install/armor_detector/lib/python3.10/site-packages'
[0.986s] Level 1:colcon.colcon_core.environment:checking '/home/ljoy/Robomaster/PIONEER/new_rv/install/armor_detector/bin'
[0.986s] INFO:colcon.colcon_core.shell:Creating package script '/home/ljoy/Robomaster/PIONEER/new_rv/install/armor_detector/share/armor_detector/package.ps1'
[0.986s] INFO:colcon.colcon_core.shell:Creating package descriptor '/home/ljoy/Robomaster/PIONEER/new_rv/install/armor_detector/share/armor_detector/package.dsv'
[0.986s] INFO:colcon.colcon_core.shell:Creating package script '/home/ljoy/Robomaster/PIONEER/new_rv/install/armor_detector/share/armor_detector/package.sh'
[0.986s] INFO:colcon.colcon_core.shell:Creating package script '/home/ljoy/Robomaster/PIONEER/new_rv/install/armor_detector/share/armor_detector/package.bash'
[0.986s] INFO:colcon.colcon_core.shell:Creating package script '/home/ljoy/Robomaster/PIONEER/new_rv/install/armor_detector/share/armor_detector/package.zsh'
[0.987s] Level 1:colcon.colcon_core.environment:create_file_with_runtime_dependencies(/home/ljoy/Robomaster/PIONEER/new_rv/install/armor_detector/share/colcon-core/packages/armor_detector)
[0.991s] DEBUG:colcon.colcon_core.event_handler.log_command:Invoked command in '/home/ljoy/Robomaster/PIONEER/new_rv/build/rm_vision_bringup' returned '0': AMENT_PREFIX_PATH=/home/ljoy/Robomaster/PIONEER/new_rv/install/rm_serial_driver:/home/ljoy/Robomaster/PIONEER/new_rv/install/auto_aim_interfaces CMAKE_PREFIX_PATH=/home/ljoy/Robomaster/PIONEER/new_rv/install/rm_serial_driver:/home/ljoy/Robomaster/PIONEER/new_rv/install/auto_aim_interfaces LD_LIBRARY_PATH=/home/ljoy/Robomaster/PIONEER/new_rv/install/rm_serial_driver/lib:/home/ljoy/Robomaster/PIONEER/new_rv/install/auto_aim_interfaces/lib:/opt/MVS/lib/64:/opt/MVS/lib/32:/opt/MVS/lib/64:/opt/MVS/lib/64 PYTHONPATH=/home/ljoy/Robomaster/PIONEER/new_rv/install/auto_aim_interfaces/local/lib/python3.10/dist-packages /usr/bin/cmake --build /home/ljoy/Robomaster/PIONEER/new_rv/build/rm_vision_bringup -- -j32 -l32
[1.000s] DEBUG:colcon.colcon_core.event_handler.log_command:Invoking command in '/home/ljoy/Robomaster/PIONEER/new_rv/build/rm_vision_bringup': AMENT_PREFIX_PATH=/home/ljoy/Robomaster/PIONEER/new_rv/install/rm_serial_driver:/home/ljoy/Robomaster/PIONEER/new_rv/install/auto_aim_interfaces CMAKE_PREFIX_PATH=/home/ljoy/Robomaster/PIONEER/new_rv/install/rm_serial_driver:/home/ljoy/Robomaster/PIONEER/new_rv/install/auto_aim_interfaces LD_LIBRARY_PATH=/home/ljoy/Robomaster/PIONEER/new_rv/install/rm_serial_driver/lib:/home/ljoy/Robomaster/PIONEER/new_rv/install/auto_aim_interfaces/lib:/opt/MVS/lib/64:/opt/MVS/lib/32:/opt/MVS/lib/64:/opt/MVS/lib/64 PYTHONPATH=/home/ljoy/Robomaster/PIONEER/new_rv/install/auto_aim_interfaces/local/lib/python3.10/dist-packages /usr/bin/cmake --install /home/ljoy/Robomaster/PIONEER/new_rv/build/rm_vision_bringup
[1.002s] Level 1:colcon.colcon_core.environment:create_environment_scripts_only(rm_vision_bringup)
[1.002s] DEBUG:colcon.colcon_core.event_handler.log_command:Invoked command in '/home/ljoy/Robomaster/PIONEER/new_rv/build/rm_vision_bringup' returned '0': AMENT_PREFIX_PATH=/home/ljoy/Robomaster/PIONEER/new_rv/install/rm_serial_driver:/home/ljoy/Robomaster/PIONEER/new_rv/install/auto_aim_interfaces CMAKE_PREFIX_PATH=/home/ljoy/Robomaster/PIONEER/new_rv/install/rm_serial_driver:/home/ljoy/Robomaster/PIONEER/new_rv/install/auto_aim_interfaces LD_LIBRARY_PATH=/home/ljoy/Robomaster/PIONEER/new_rv/install/rm_serial_driver/lib:/home/ljoy/Robomaster/PIONEER/new_rv/install/auto_aim_interfaces/lib:/opt/MVS/lib/64:/opt/MVS/lib/32:/opt/MVS/lib/64:/opt/MVS/lib/64 PYTHONPATH=/home/ljoy/Robomaster/PIONEER/new_rv/install/auto_aim_interfaces/local/lib/python3.10/dist-packages /usr/bin/cmake --install /home/ljoy/Robomaster/PIONEER/new_rv/build/rm_vision_bringup
[1.003s] Level 1:colcon.colcon_core.environment:checking '/home/ljoy/Robomaster/PIONEER/new_rv/install/rm_vision_bringup' for CMake module files
[1.003s] Level 1:colcon.colcon_core.environment:checking '/home/ljoy/Robomaster/PIONEER/new_rv/install/rm_vision_bringup' for CMake config files
[1.003s] Level 1:colcon.colcon_core.shell:create_environment_hook('rm_vision_bringup', 'cmake_prefix_path')
[1.003s] INFO:colcon.colcon_core.shell:Creating environment hook '/home/ljoy/Robomaster/PIONEER/new_rv/install/rm_vision_bringup/share/rm_vision_bringup/hook/cmake_prefix_path.ps1'
[1.003s] INFO:colcon.colcon_core.shell:Creating environment descriptor '/home/ljoy/Robomaster/PIONEER/new_rv/install/rm_vision_bringup/share/rm_vision_bringup/hook/cmake_prefix_path.dsv'
[1.003s] INFO:colcon.colcon_core.shell:Creating environment hook '/home/ljoy/Robomaster/PIONEER/new_rv/install/rm_vision_bringup/share/rm_vision_bringup/hook/cmake_prefix_path.sh'
[1.004s] Level 1:colcon.colcon_core.environment:checking '/home/ljoy/Robomaster/PIONEER/new_rv/install/rm_vision_bringup/bin'
[1.004s] Level 1:colcon.colcon_core.environment:checking '/home/ljoy/Robomaster/PIONEER/new_rv/install/rm_vision_bringup/lib/pkgconfig/rm_vision_bringup.pc'
[1.004s] Level 1:colcon.colcon_core.environment:checking '/home/ljoy/Robomaster/PIONEER/new_rv/install/rm_vision_bringup/lib/python3.10/site-packages'
[1.004s] Level 1:colcon.colcon_core.environment:checking '/home/ljoy/Robomaster/PIONEER/new_rv/install/rm_vision_bringup/bin'
[1.004s] INFO:colcon.colcon_core.shell:Creating package script '/home/ljoy/Robomaster/PIONEER/new_rv/install/rm_vision_bringup/share/rm_vision_bringup/package.ps1'
[1.004s] INFO:colcon.colcon_core.shell:Creating package descriptor '/home/ljoy/Robomaster/PIONEER/new_rv/install/rm_vision_bringup/share/rm_vision_bringup/package.dsv'
[1.004s] INFO:colcon.colcon_core.shell:Creating package script '/home/ljoy/Robomaster/PIONEER/new_rv/install/rm_vision_bringup/share/rm_vision_bringup/package.sh'
[1.005s] INFO:colcon.colcon_core.shell:Creating package script '/home/ljoy/Robomaster/PIONEER/new_rv/install/rm_vision_bringup/share/rm_vision_bringup/package.bash'
[1.005s] INFO:colcon.colcon_core.shell:Creating package script '/home/ljoy/Robomaster/PIONEER/new_rv/install/rm_vision_bringup/share/rm_vision_bringup/package.zsh'
[1.005s] Level 1:colcon.colcon_core.environment:create_file_with_runtime_dependencies(/home/ljoy/Robomaster/PIONEER/new_rv/install/rm_vision_bringup/share/colcon-core/packages/rm_vision_bringup)
[1.006s] Level 1:colcon.colcon_core.environment:create_environment_scripts_only(armor_detector)
[1.006s] Level 1:colcon.colcon_core.environment:checking '/home/ljoy/Robomaster/PIONEER/new_rv/install/armor_detector' for CMake module files
[1.006s] Level 1:colcon.colcon_core.environment:checking '/home/ljoy/Robomaster/PIONEER/new_rv/install/armor_detector' for CMake config files
[1.006s] Level 1:colcon.colcon_core.shell:create_environment_hook('armor_detector', 'cmake_prefix_path')
[1.006s] INFO:colcon.colcon_core.shell:Creating environment hook '/home/ljoy/Robomaster/PIONEER/new_rv/install/armor_detector/share/armor_detector/hook/cmake_prefix_path.ps1'
[1.006s] INFO:colcon.colcon_core.shell:Creating environment descriptor '/home/ljoy/Robomaster/PIONEER/new_rv/install/armor_detector/share/armor_detector/hook/cmake_prefix_path.dsv'
[1.007s] INFO:colcon.colcon_core.shell:Creating environment hook '/home/ljoy/Robomaster/PIONEER/new_rv/install/armor_detector/share/armor_detector/hook/cmake_prefix_path.sh'
[1.007s] Level 1:colcon.colcon_core.environment:checking '/home/ljoy/Robomaster/PIONEER/new_rv/install/armor_detector/lib'
[1.007s] Level 1:colcon.colcon_core.shell:create_environment_hook('armor_detector', 'ld_library_path_lib')
[1.007s] INFO:colcon.colcon_core.shell:Creating environment hook '/home/ljoy/Robomaster/PIONEER/new_rv/install/armor_detector/share/armor_detector/hook/ld_library_path_lib.ps1'
[1.007s] INFO:colcon.colcon_core.shell:Creating environment descriptor '/home/ljoy/Robomaster/PIONEER/new_rv/install/armor_detector/share/armor_detector/hook/ld_library_path_lib.dsv'
[1.007s] INFO:colcon.colcon_core.shell:Creating environment hook '/home/ljoy/Robomaster/PIONEER/new_rv/install/armor_detector/share/armor_detector/hook/ld_library_path_lib.sh'
[1.007s] Level 1:colcon.colcon_core.environment:checking '/home/ljoy/Robomaster/PIONEER/new_rv/install/armor_detector/bin'
[1.007s] Level 1:colcon.colcon_core.environment:checking '/home/ljoy/Robomaster/PIONEER/new_rv/install/armor_detector/lib/pkgconfig/armor_detector.pc'
[1.008s] Level 1:colcon.colcon_core.environment:checking '/home/ljoy/Robomaster/PIONEER/new_rv/install/armor_detector/lib/python3.10/site-packages'
[1.008s] Level 1:colcon.colcon_core.environment:checking '/home/ljoy/Robomaster/PIONEER/new_rv/install/armor_detector/bin'
[1.008s] INFO:colcon.colcon_core.shell:Creating package script '/home/ljoy/Robomaster/PIONEER/new_rv/install/armor_detector/share/armor_detector/package.ps1'
[1.008s] INFO:colcon.colcon_core.shell:Creating package descriptor '/home/ljoy/Robomaster/PIONEER/new_rv/install/armor_detector/share/armor_detector/package.dsv'
[1.008s] INFO:colcon.colcon_core.shell:Creating package script '/home/ljoy/Robomaster/PIONEER/new_rv/install/armor_detector/share/armor_detector/package.sh'
[1.008s] INFO:colcon.colcon_core.shell:Creating package script '/home/ljoy/Robomaster/PIONEER/new_rv/install/armor_detector/share/armor_detector/package.bash'
[1.009s] INFO:colcon.colcon_core.shell:Creating package script '/home/ljoy/Robomaster/PIONEER/new_rv/install/armor_detector/share/armor_detector/package.zsh'
[1.009s] Level 1:colcon.colcon_core.environment:create_file_with_runtime_dependencies(/home/ljoy/Robomaster/PIONEER/new_rv/install/armor_detector/share/colcon-core/packages/armor_detector)
[1.013s] Level 1:colcon.colcon_core.environment:create_environment_scripts_only(rm_vision_bringup)
[1.013s] Level 1:colcon.colcon_core.environment:checking '/home/ljoy/Robomaster/PIONEER/new_rv/install/rm_vision_bringup' for CMake module files
[1.013s] Level 1:colcon.colcon_core.environment:checking '/home/ljoy/Robomaster/PIONEER/new_rv/install/rm_vision_bringup' for CMake config files
[1.013s] Level 1:colcon.colcon_core.shell:create_environment_hook('rm_vision_bringup', 'cmake_prefix_path')
[1.014s] INFO:colcon.colcon_core.shell:Creating environment hook '/home/ljoy/Robomaster/PIONEER/new_rv/install/rm_vision_bringup/share/rm_vision_bringup/hook/cmake_prefix_path.ps1'
[1.014s] INFO:colcon.colcon_core.shell:Creating environment descriptor '/home/ljoy/Robomaster/PIONEER/new_rv/install/rm_vision_bringup/share/rm_vision_bringup/hook/cmake_prefix_path.dsv'
[1.014s] INFO:colcon.colcon_core.shell:Creating environment hook '/home/ljoy/Robomaster/PIONEER/new_rv/install/rm_vision_bringup/share/rm_vision_bringup/hook/cmake_prefix_path.sh'
[1.014s] Level 1:colcon.colcon_core.environment:checking '/home/ljoy/Robomaster/PIONEER/new_rv/install/rm_vision_bringup/bin'
[1.014s] Level 1:colcon.colcon_core.environment:checking '/home/ljoy/Robomaster/PIONEER/new_rv/install/rm_vision_bringup/lib/pkgconfig/rm_vision_bringup.pc'
[1.014s] Level 1:colcon.colcon_core.environment:checking '/home/ljoy/Robomaster/PIONEER/new_rv/install/rm_vision_bringup/lib/python3.10/site-packages'
[1.014s] Level 1:colcon.colcon_core.environment:checking '/home/ljoy/Robomaster/PIONEER/new_rv/install/rm_vision_bringup/bin'
[1.014s] INFO:colcon.colcon_core.shell:Creating package script '/home/ljoy/Robomaster/PIONEER/new_rv/install/rm_vision_bringup/share/rm_vision_bringup/package.ps1'
[1.015s] INFO:colcon.colcon_core.shell:Creating package descriptor '/home/ljoy/Robomaster/PIONEER/new_rv/install/rm_vision_bringup/share/rm_vision_bringup/package.dsv'
[1.015s] INFO:colcon.colcon_core.shell:Creating package script '/home/ljoy/Robomaster/PIONEER/new_rv/install/rm_vision_bringup/share/rm_vision_bringup/package.sh'
[1.015s] INFO:colcon.colcon_core.shell:Creating package script '/home/ljoy/Robomaster/PIONEER/new_rv/install/rm_vision_bringup/share/rm_vision_bringup/package.bash'
[1.015s] INFO:colcon.colcon_core.shell:Creating package script '/home/ljoy/Robomaster/PIONEER/new_rv/install/rm_vision_bringup/share/rm_vision_bringup/package.zsh'
[1.015s] Level 1:colcon.colcon_core.environment:create_file_with_runtime_dependencies(/home/ljoy/Robomaster/PIONEER/new_rv/install/rm_vision_bringup/share/colcon-core/packages/rm_vision_bringup)
[5.141s] DEBUG:colcon.colcon_core.event_handler.log_command:Invoked command in '/home/ljoy/Robomaster/PIONEER/new_rv/build/rm_planner' returned '2': AMENT_PREFIX_PATH=/home/ljoy/Robomaster/PIONEER/new_rv/install/rm_tools:/home/ljoy/Robomaster/PIONEER/new_rv/install/auto_aim_interfaces CMAKE_PREFIX_PATH=/home/ljoy/Robomaster/PIONEER/new_rv/install/rm_tools:/home/ljoy/Robomaster/PIONEER/new_rv/install/auto_aim_interfaces LD_LIBRARY_PATH=/home/ljoy/Robomaster/PIONEER/new_rv/install/rm_tools/lib:/home/ljoy/Robomaster/PIONEER/new_rv/install/auto_aim_interfaces/lib:/opt/MVS/lib/64:/opt/MVS/lib/32:/opt/MVS/lib/64:/opt/MVS/lib/64 PYTHONPATH=/home/ljoy/Robomaster/PIONEER/new_rv/install/auto_aim_interfaces/local/lib/python3.10/dist-packages /usr/bin/cmake --build /home/ljoy/Robomaster/PIONEER/new_rv/build/rm_planner -- -j32 -l32
[5.156s] Level 1:colcon.colcon_core.environment:create_environment_scripts_only(rm_planner)
[5.156s] Level 1:colcon.colcon_core.environment:checking '/home/ljoy/Robomaster/PIONEER/new_rv/install/rm_planner' for CMake module files
[5.157s] Level 1:colcon.colcon_core.environment:checking '/home/ljoy/Robomaster/PIONEER/new_rv/install/rm_planner' for CMake config files
[5.157s] Level 1:colcon.colcon_core.shell:create_environment_hook('rm_planner', 'cmake_prefix_path')
[5.157s] INFO:colcon.colcon_core.shell:Creating environment hook '/home/ljoy/Robomaster/PIONEER/new_rv/install/rm_planner/share/rm_planner/hook/cmake_prefix_path.ps1'
[5.157s] INFO:colcon.colcon_core.shell:Creating environment descriptor '/home/ljoy/Robomaster/PIONEER/new_rv/install/rm_planner/share/rm_planner/hook/cmake_prefix_path.dsv'
[5.157s] INFO:colcon.colcon_core.shell:Creating environment hook '/home/ljoy/Robomaster/PIONEER/new_rv/install/rm_planner/share/rm_planner/hook/cmake_prefix_path.sh'
[5.157s] Level 1:colcon.colcon_core.environment:checking '/home/ljoy/Robomaster/PIONEER/new_rv/install/rm_planner/lib'
[5.158s] Level 1:colcon.colcon_core.shell:create_environment_hook('rm_planner', 'ld_library_path_lib')
[5.158s] INFO:colcon.colcon_core.shell:Creating environment hook '/home/ljoy/Robomaster/PIONEER/new_rv/install/rm_planner/share/rm_planner/hook/ld_library_path_lib.ps1'
[5.158s] INFO:colcon.colcon_core.shell:Creating environment descriptor '/home/ljoy/Robomaster/PIONEER/new_rv/install/rm_planner/share/rm_planner/hook/ld_library_path_lib.dsv'
[5.158s] INFO:colcon.colcon_core.shell:Creating environment hook '/home/ljoy/Robomaster/PIONEER/new_rv/install/rm_planner/share/rm_planner/hook/ld_library_path_lib.sh'
[5.158s] Level 1:colcon.colcon_core.environment:checking '/home/ljoy/Robomaster/PIONEER/new_rv/install/rm_planner/bin'
[5.158s] Level 1:colcon.colcon_core.environment:checking '/home/ljoy/Robomaster/PIONEER/new_rv/install/rm_planner/lib/pkgconfig/rm_planner.pc'
[5.158s] Level 1:colcon.colcon_core.environment:checking '/home/ljoy/Robomaster/PIONEER/new_rv/install/rm_planner/lib/python3.10/site-packages'
[5.158s] Level 1:colcon.colcon_core.environment:checking '/home/ljoy/Robomaster/PIONEER/new_rv/install/rm_planner/bin'
[5.158s] INFO:colcon.colcon_core.shell:Creating package script '/home/ljoy/Robomaster/PIONEER/new_rv/install/rm_planner/share/rm_planner/package.ps1'
[5.159s] INFO:colcon.colcon_core.shell:Creating package descriptor '/home/ljoy/Robomaster/PIONEER/new_rv/install/rm_planner/share/rm_planner/package.dsv'
[5.159s] INFO:colcon.colcon_core.shell:Creating package script '/home/ljoy/Robomaster/PIONEER/new_rv/install/rm_planner/share/rm_planner/package.sh'
[5.159s] INFO:colcon.colcon_core.shell:Creating package script '/home/ljoy/Robomaster/PIONEER/new_rv/install/rm_planner/share/rm_planner/package.bash'
[5.159s] INFO:colcon.colcon_core.shell:Creating package script '/home/ljoy/Robomaster/PIONEER/new_rv/install/rm_planner/share/rm_planner/package.zsh'
[5.159s] Level 1:colcon.colcon_core.environment:create_file_with_runtime_dependencies(/home/ljoy/Robomaster/PIONEER/new_rv/install/rm_planner/share/colcon-core/packages/rm_planner)
[5.170s] DEBUG:colcon.colcon_parallel_executor.executor.parallel:closing loop
[5.170s] DEBUG:colcon.colcon_parallel_executor.executor.parallel:loop closed
[5.170s] DEBUG:colcon.colcon_parallel_executor.executor.parallel:run_until_complete finished with '2'
[5.170s] DEBUG:colcon.colcon_core.event_reactor:joining thread
[5.174s] INFO:colcon.colcon_core.plugin_system:Skipping extension 'colcon_notification.desktop_notification.terminal_notifier': Not used on non-Darwin systems
[5.174s] INFO:colcon.colcon_core.plugin_system:Skipping extension 'colcon_notification.desktop_notification.win32': Not used on non-Windows systems
[5.174s] INFO:colcon.colcon_notification.desktop_notification:Sending desktop notification using 'notify2'
[5.190s] DEBUG:colcon.colcon_core.event_reactor:joined thread
[5.190s] INFO:colcon.colcon_core.shell:Creating prefix script '/home/ljoy/Robomaster/PIONEER/new_rv/install/local_setup.ps1'
[5.191s] INFO:colcon.colcon_core.shell:Creating prefix util module '/home/ljoy/Robomaster/PIONEER/new_rv/install/_local_setup_util_ps1.py'
[5.192s] INFO:colcon.colcon_core.shell:Creating prefix chain script '/home/ljoy/Robomaster/PIONEER/new_rv/install/setup.ps1'
[5.192s] INFO:colcon.colcon_core.shell:Creating prefix script '/home/ljoy/Robomaster/PIONEER/new_rv/install/local_setup.sh'
[5.193s] INFO:colcon.colcon_core.shell:Creating prefix util module '/home/ljoy/Robomaster/PIONEER/new_rv/install/_local_setup_util_sh.py'
[5.193s] INFO:colcon.colcon_core.shell:Creating prefix chain script '/home/ljoy/Robomaster/PIONEER/new_rv/install/setup.sh'
[5.193s] INFO:colcon.colcon_core.shell:Creating prefix script '/home/ljoy/Robomaster/PIONEER/new_rv/install/local_setup.bash'
[5.194s] INFO:colcon.colcon_core.shell:Creating prefix chain script '/home/ljoy/Robomaster/PIONEER/new_rv/install/setup.bash'
[5.194s] INFO:colcon.colcon_core.shell:Creating prefix script '/home/ljoy/Robomaster/PIONEER/new_rv/install/local_setup.zsh'
[5.194s] INFO:colcon.colcon_core.shell:Creating prefix chain script '/home/ljoy/Robomaster/PIONEER/new_rv/install/setup.zsh'
