[0.068s] DEBUG:colcon:Command line arguments: ['/usr/bin/colcon', 'build']
[0.068s] DEBUG:colcon:Parsed command line arguments: Namespace(log_base=None, log_level=None, verb_name='build', build_base='build', install_base='install', merge_install=False, symlink_install=False, test_result_base=None, continue_on_error=False, executor='parallel', parallel_workers=32, event_handlers=None, ignore_user_meta=False, metas=['./colcon.meta'], base_paths=['.'], packages_ignore=None, packages_ignore_regex=None, paths=None, packages_up_to=None, packages_up_to_regex=None, packages_above=None, packages_above_and_dependencies=None, packages_above_depth=None, packages_select_by_dep=None, packages_skip_by_dep=None, packages_skip_up_to=None, packages_select_build_failed=False, packages_skip_build_finished=False, packages_select_test_failures=False, packages_skip_test_passed=False, packages_select=None, packages_skip=None, packages_select_regex=None, packages_skip_regex=None, packages_start=None, packages_end=None, allow_overriding=[], cmake_args=None, cmake_target=None, cmake_target_skip_unavailable=False, cmake_clean_cache=False, cmake_clean_first=False, cmake_force_configure=False, ament_cmake_args=None, catkin_cmake_args=None, catkin_skip_building_tests=False, verb_parser=<colcon_defaults.argument_parser.defaults.DefaultArgumentsDecorator object at 0x770d7ec323e0>, verb_extension=<colcon_core.verb.build.BuildVerb object at 0x770d7ed3f010>, main=<bound method BuildVerb.main of <colcon_core.verb.build.BuildVerb object at 0x770d7ed3f010>>)
[0.178s] Level 1:colcon.colcon_core.package_discovery:discover_packages(colcon_meta) check parameters
[0.178s] Level 1:colcon.colcon_core.package_discovery:discover_packages(recursive) check parameters
[0.178s] Level 1:colcon.colcon_core.package_discovery:discover_packages(ignore) check parameters
[0.178s] Level 1:colcon.colcon_core.package_discovery:discover_packages(path) check parameters
[0.178s] Level 1:colcon.colcon_core.package_discovery:discover_packages(colcon_meta) discover
[0.178s] Level 1:colcon.colcon_core.package_discovery:discover_packages(recursive) discover
[0.178s] INFO:colcon.colcon_core.package_discovery:Crawling recursively for packages in '/home/ljoy/Robomaster/PIONEER/new_rv'
[0.178s] Level 1:colcon.colcon_core.package_identification:_identify(.) by extensions ['ignore', 'ignore_ament_install']
[0.178s] Level 1:colcon.colcon_core.package_identification:_identify(.) by extension 'ignore'
[0.178s] Level 1:colcon.colcon_core.package_identification:_identify(.) by extension 'ignore_ament_install'
[0.178s] Level 1:colcon.colcon_core.package_identification:_identify(.) by extensions ['colcon_pkg']
[0.178s] Level 1:colcon.colcon_core.package_identification:_identify(.) by extension 'colcon_pkg'
[0.178s] Level 1:colcon.colcon_core.package_identification:_identify(.) by extensions ['colcon_meta']
[0.178s] Level 1:colcon.colcon_core.package_identification:_identify(.) by extension 'colcon_meta'
[0.178s] Level 1:colcon.colcon_core.package_identification:_identify(.) by extensions ['ros']
[0.178s] Level 1:colcon.colcon_core.package_identification:_identify(.) by extension 'ros'
[0.186s] Level 1:colcon.colcon_core.package_identification:_identify(.) by extensions ['cmake', 'python']
[0.186s] Level 1:colcon.colcon_core.package_identification:_identify(.) by extension 'cmake'
[0.186s] Level 1:colcon.colcon_core.package_identification:_identify(.) by extension 'python'
[0.186s] Level 1:colcon.colcon_core.package_identification:_identify(.) by extensions ['python_setup_py']
[0.186s] Level 1:colcon.colcon_core.package_identification:_identify(.) by extension 'python_setup_py'
[0.186s] Level 1:colcon.colcon_core.package_identification:_identify(auto_aim_interfaces) by extensions ['ignore', 'ignore_ament_install']
[0.186s] Level 1:colcon.colcon_core.package_identification:_identify(auto_aim_interfaces) by extension 'ignore'
[0.186s] Level 1:colcon.colcon_core.package_identification:_identify(auto_aim_interfaces) by extension 'ignore_ament_install'
[0.186s] Level 1:colcon.colcon_core.package_identification:_identify(auto_aim_interfaces) by extensions ['colcon_pkg']
[0.186s] Level 1:colcon.colcon_core.package_identification:_identify(auto_aim_interfaces) by extension 'colcon_pkg'
[0.186s] Level 1:colcon.colcon_core.package_identification:_identify(auto_aim_interfaces) by extensions ['colcon_meta']
[0.186s] Level 1:colcon.colcon_core.package_identification:_identify(auto_aim_interfaces) by extension 'colcon_meta'
[0.186s] Level 1:colcon.colcon_core.package_identification:_identify(auto_aim_interfaces) by extensions ['ros']
[0.186s] Level 1:colcon.colcon_core.package_identification:_identify(auto_aim_interfaces) by extension 'ros'
[0.188s] DEBUG:colcon.colcon_core.package_identification:Package 'auto_aim_interfaces' with type 'ros.ament_cmake' and name 'auto_aim_interfaces'
[0.188s] Level 1:colcon.colcon_core.package_identification:_identify(build) by extensions ['ignore', 'ignore_ament_install']
[0.188s] Level 1:colcon.colcon_core.package_identification:_identify(build) by extension 'ignore'
[0.188s] Level 1:colcon.colcon_core.package_identification:_identify(build) ignored
[0.188s] Level 1:colcon.colcon_core.package_identification:_identify(hik_camera) by extensions ['ignore', 'ignore_ament_install']
[0.188s] Level 1:colcon.colcon_core.package_identification:_identify(hik_camera) by extension 'ignore'
[0.188s] Level 1:colcon.colcon_core.package_identification:_identify(hik_camera) by extension 'ignore_ament_install'
[0.188s] Level 1:colcon.colcon_core.package_identification:_identify(hik_camera) by extensions ['colcon_pkg']
[0.188s] Level 1:colcon.colcon_core.package_identification:_identify(hik_camera) by extension 'colcon_pkg'
[0.188s] Level 1:colcon.colcon_core.package_identification:_identify(hik_camera) by extensions ['colcon_meta']
[0.188s] Level 1:colcon.colcon_core.package_identification:_identify(hik_camera) by extension 'colcon_meta'
[0.188s] Level 1:colcon.colcon_core.package_identification:_identify(hik_camera) by extensions ['ros']
[0.188s] Level 1:colcon.colcon_core.package_identification:_identify(hik_camera) by extension 'ros'
[0.189s] DEBUG:colcon.colcon_core.package_identification:Package 'hik_camera' with type 'ros.ament_cmake' and name 'hik_camera'
[0.189s] Level 1:colcon.colcon_core.package_identification:_identify(install) by extensions ['ignore', 'ignore_ament_install']
[0.189s] Level 1:colcon.colcon_core.package_identification:_identify(install) by extension 'ignore'
[0.189s] Level 1:colcon.colcon_core.package_identification:_identify(install) ignored
[0.189s] Level 1:colcon.colcon_core.package_identification:_identify(log) by extensions ['ignore', 'ignore_ament_install']
[0.189s] Level 1:colcon.colcon_core.package_identification:_identify(log) by extension 'ignore'
[0.189s] Level 1:colcon.colcon_core.package_identification:_identify(log) ignored
[0.189s] Level 1:colcon.colcon_core.package_identification:_identify(rm_auto_aim) by extensions ['ignore', 'ignore_ament_install']
[0.189s] Level 1:colcon.colcon_core.package_identification:_identify(rm_auto_aim) by extension 'ignore'
[0.189s] Level 1:colcon.colcon_core.package_identification:_identify(rm_auto_aim) by extension 'ignore_ament_install'
[0.189s] Level 1:colcon.colcon_core.package_identification:_identify(rm_auto_aim) by extensions ['colcon_pkg']
[0.189s] Level 1:colcon.colcon_core.package_identification:_identify(rm_auto_aim) by extension 'colcon_pkg'
[0.189s] Level 1:colcon.colcon_core.package_identification:_identify(rm_auto_aim) by extensions ['colcon_meta']
[0.189s] Level 1:colcon.colcon_core.package_identification:_identify(rm_auto_aim) by extension 'colcon_meta'
[0.189s] Level 1:colcon.colcon_core.package_identification:_identify(rm_auto_aim) by extensions ['ros']
[0.189s] Level 1:colcon.colcon_core.package_identification:_identify(rm_auto_aim) by extension 'ros'
[0.190s] Level 1:colcon.colcon_core.package_identification:_identify(rm_auto_aim) by extensions ['cmake', 'python']
[0.190s] Level 1:colcon.colcon_core.package_identification:_identify(rm_auto_aim) by extension 'cmake'
[0.190s] Level 1:colcon.colcon_core.package_identification:_identify(rm_auto_aim) by extension 'python'
[0.190s] Level 1:colcon.colcon_core.package_identification:_identify(rm_auto_aim) by extensions ['python_setup_py']
[0.190s] Level 1:colcon.colcon_core.package_identification:_identify(rm_auto_aim) by extension 'python_setup_py'
[0.190s] Level 1:colcon.colcon_core.package_identification:_identify(rm_auto_aim/armor_detector) by extensions ['ignore', 'ignore_ament_install']
[0.190s] Level 1:colcon.colcon_core.package_identification:_identify(rm_auto_aim/armor_detector) by extension 'ignore'
[0.190s] Level 1:colcon.colcon_core.package_identification:_identify(rm_auto_aim/armor_detector) by extension 'ignore_ament_install'
[0.190s] Level 1:colcon.colcon_core.package_identification:_identify(rm_auto_aim/armor_detector) by extensions ['colcon_pkg']
[0.190s] Level 1:colcon.colcon_core.package_identification:_identify(rm_auto_aim/armor_detector) by extension 'colcon_pkg'
[0.190s] Level 1:colcon.colcon_core.package_identification:_identify(rm_auto_aim/armor_detector) by extensions ['colcon_meta']
[0.190s] Level 1:colcon.colcon_core.package_identification:_identify(rm_auto_aim/armor_detector) by extension 'colcon_meta'
[0.190s] Level 1:colcon.colcon_core.package_identification:_identify(rm_auto_aim/armor_detector) by extensions ['ros']
[0.190s] Level 1:colcon.colcon_core.package_identification:_identify(rm_auto_aim/armor_detector) by extension 'ros'
[0.191s] DEBUG:colcon.colcon_core.package_identification:Package 'rm_auto_aim/armor_detector' with type 'ros.ament_cmake' and name 'armor_detector'
[0.191s] Level 1:colcon.colcon_core.package_identification:_identify(rm_auto_aim/armor_tracker) by extensions ['ignore', 'ignore_ament_install']
[0.191s] Level 1:colcon.colcon_core.package_identification:_identify(rm_auto_aim/armor_tracker) by extension 'ignore'
[0.191s] Level 1:colcon.colcon_core.package_identification:_identify(rm_auto_aim/armor_tracker) by extension 'ignore_ament_install'
[0.191s] Level 1:colcon.colcon_core.package_identification:_identify(rm_auto_aim/armor_tracker) by extensions ['colcon_pkg']
[0.191s] Level 1:colcon.colcon_core.package_identification:_identify(rm_auto_aim/armor_tracker) by extension 'colcon_pkg'
[0.191s] Level 1:colcon.colcon_core.package_identification:_identify(rm_auto_aim/armor_tracker) by extensions ['colcon_meta']
[0.191s] Level 1:colcon.colcon_core.package_identification:_identify(rm_auto_aim/armor_tracker) by extension 'colcon_meta'
[0.191s] Level 1:colcon.colcon_core.package_identification:_identify(rm_auto_aim/armor_tracker) by extensions ['ros']
[0.191s] Level 1:colcon.colcon_core.package_identification:_identify(rm_auto_aim/armor_tracker) by extension 'ros'
[0.192s] DEBUG:colcon.colcon_core.package_identification:Package 'rm_auto_aim/armor_tracker' with type 'ros.ament_cmake' and name 'armor_tracker'
[0.192s] Level 1:colcon.colcon_core.package_identification:_identify(rm_gimbal_description) by extensions ['ignore', 'ignore_ament_install']
[0.192s] Level 1:colcon.colcon_core.package_identification:_identify(rm_gimbal_description) by extension 'ignore'
[0.192s] Level 1:colcon.colcon_core.package_identification:_identify(rm_gimbal_description) by extension 'ignore_ament_install'
[0.192s] Level 1:colcon.colcon_core.package_identification:_identify(rm_gimbal_description) by extensions ['colcon_pkg']
[0.192s] Level 1:colcon.colcon_core.package_identification:_identify(rm_gimbal_description) by extension 'colcon_pkg'
[0.192s] Level 1:colcon.colcon_core.package_identification:_identify(rm_gimbal_description) by extensions ['colcon_meta']
[0.192s] Level 1:colcon.colcon_core.package_identification:_identify(rm_gimbal_description) by extension 'colcon_meta'
[0.192s] Level 1:colcon.colcon_core.package_identification:_identify(rm_gimbal_description) by extensions ['ros']
[0.192s] Level 1:colcon.colcon_core.package_identification:_identify(rm_gimbal_description) by extension 'ros'
[0.193s] DEBUG:colcon.colcon_core.package_identification:Package 'rm_gimbal_description' with type 'ros.ament_cmake' and name 'rm_gimbal_description'
[0.193s] Level 1:colcon.colcon_core.package_identification:_identify(rm_planner) by extensions ['ignore', 'ignore_ament_install']
[0.193s] Level 1:colcon.colcon_core.package_identification:_identify(rm_planner) by extension 'ignore'
[0.193s] Level 1:colcon.colcon_core.package_identification:_identify(rm_planner) by extension 'ignore_ament_install'
[0.193s] Level 1:colcon.colcon_core.package_identification:_identify(rm_planner) by extensions ['colcon_pkg']
[0.193s] Level 1:colcon.colcon_core.package_identification:_identify(rm_planner) by extension 'colcon_pkg'
[0.193s] Level 1:colcon.colcon_core.package_identification:_identify(rm_planner) by extensions ['colcon_meta']
[0.193s] Level 1:colcon.colcon_core.package_identification:_identify(rm_planner) by extension 'colcon_meta'
[0.193s] Level 1:colcon.colcon_core.package_identification:_identify(rm_planner) by extensions ['ros']
[0.193s] Level 1:colcon.colcon_core.package_identification:_identify(rm_planner) by extension 'ros'
[0.194s] DEBUG:colcon.colcon_core.package_identification:Package 'rm_planner' with type 'ros.ament_cmake' and name 'rm_planner'
[0.194s] Level 1:colcon.colcon_core.package_identification:_identify(rm_serial_driver) by extensions ['ignore', 'ignore_ament_install']
[0.194s] Level 1:colcon.colcon_core.package_identification:_identify(rm_serial_driver) by extension 'ignore'
[0.194s] Level 1:colcon.colcon_core.package_identification:_identify(rm_serial_driver) by extension 'ignore_ament_install'
[0.194s] Level 1:colcon.colcon_core.package_identification:_identify(rm_serial_driver) by extensions ['colcon_pkg']
[0.194s] Level 1:colcon.colcon_core.package_identification:_identify(rm_serial_driver) by extension 'colcon_pkg'
[0.194s] Level 1:colcon.colcon_core.package_identification:_identify(rm_serial_driver) by extensions ['colcon_meta']
[0.194s] Level 1:colcon.colcon_core.package_identification:_identify(rm_serial_driver) by extension 'colcon_meta'
[0.194s] Level 1:colcon.colcon_core.package_identification:_identify(rm_serial_driver) by extensions ['ros']
[0.194s] Level 1:colcon.colcon_core.package_identification:_identify(rm_serial_driver) by extension 'ros'
[0.195s] DEBUG:colcon.colcon_core.package_identification:Package 'rm_serial_driver' with type 'ros.ament_cmake' and name 'rm_serial_driver'
[0.195s] Level 1:colcon.colcon_core.package_identification:_identify(rm_tools) by extensions ['ignore', 'ignore_ament_install']
[0.195s] Level 1:colcon.colcon_core.package_identification:_identify(rm_tools) by extension 'ignore'
[0.195s] Level 1:colcon.colcon_core.package_identification:_identify(rm_tools) by extension 'ignore_ament_install'
[0.195s] Level 1:colcon.colcon_core.package_identification:_identify(rm_tools) by extensions ['colcon_pkg']
[0.195s] Level 1:colcon.colcon_core.package_identification:_identify(rm_tools) by extension 'colcon_pkg'
[0.195s] Level 1:colcon.colcon_core.package_identification:_identify(rm_tools) by extensions ['colcon_meta']
[0.195s] Level 1:colcon.colcon_core.package_identification:_identify(rm_tools) by extension 'colcon_meta'
[0.195s] Level 1:colcon.colcon_core.package_identification:_identify(rm_tools) by extensions ['ros']
[0.195s] Level 1:colcon.colcon_core.package_identification:_identify(rm_tools) by extension 'ros'
[0.196s] DEBUG:colcon.colcon_core.package_identification:Package 'rm_tools' with type 'ros.ament_cmake' and name 'rm_tools'
[0.196s] Level 1:colcon.colcon_core.package_identification:_identify(rm_vision) by extensions ['ignore', 'ignore_ament_install']
[0.196s] Level 1:colcon.colcon_core.package_identification:_identify(rm_vision) by extension 'ignore'
[0.196s] Level 1:colcon.colcon_core.package_identification:_identify(rm_vision) by extension 'ignore_ament_install'
[0.196s] Level 1:colcon.colcon_core.package_identification:_identify(rm_vision) by extensions ['colcon_pkg']
[0.196s] Level 1:colcon.colcon_core.package_identification:_identify(rm_vision) by extension 'colcon_pkg'
[0.196s] Level 1:colcon.colcon_core.package_identification:_identify(rm_vision) by extensions ['colcon_meta']
[0.196s] Level 1:colcon.colcon_core.package_identification:_identify(rm_vision) by extension 'colcon_meta'
[0.196s] Level 1:colcon.colcon_core.package_identification:_identify(rm_vision) by extensions ['ros']
[0.196s] Level 1:colcon.colcon_core.package_identification:_identify(rm_vision) by extension 'ros'
[0.196s] Level 1:colcon.colcon_core.package_identification:_identify(rm_vision) by extensions ['cmake', 'python']
[0.196s] Level 1:colcon.colcon_core.package_identification:_identify(rm_vision) by extension 'cmake'
[0.196s] Level 1:colcon.colcon_core.package_identification:_identify(rm_vision) by extension 'python'
[0.196s] Level 1:colcon.colcon_core.package_identification:_identify(rm_vision) by extensions ['python_setup_py']
[0.196s] Level 1:colcon.colcon_core.package_identification:_identify(rm_vision) by extension 'python_setup_py'
[0.196s] Level 1:colcon.colcon_core.package_identification:_identify(rm_vision/docs) by extensions ['ignore', 'ignore_ament_install']
[0.196s] Level 1:colcon.colcon_core.package_identification:_identify(rm_vision/docs) by extension 'ignore'
[0.196s] Level 1:colcon.colcon_core.package_identification:_identify(rm_vision/docs) by extension 'ignore_ament_install'
[0.196s] Level 1:colcon.colcon_core.package_identification:_identify(rm_vision/docs) by extensions ['colcon_pkg']
[0.196s] Level 1:colcon.colcon_core.package_identification:_identify(rm_vision/docs) by extension 'colcon_pkg'
[0.196s] Level 1:colcon.colcon_core.package_identification:_identify(rm_vision/docs) by extensions ['colcon_meta']
[0.197s] Level 1:colcon.colcon_core.package_identification:_identify(rm_vision/docs) by extension 'colcon_meta'
[0.197s] Level 1:colcon.colcon_core.package_identification:_identify(rm_vision/docs) by extensions ['ros']
[0.197s] Level 1:colcon.colcon_core.package_identification:_identify(rm_vision/docs) by extension 'ros'
[0.197s] Level 1:colcon.colcon_core.package_identification:_identify(rm_vision/docs) by extensions ['cmake', 'python']
[0.197s] Level 1:colcon.colcon_core.package_identification:_identify(rm_vision/docs) by extension 'cmake'
[0.197s] Level 1:colcon.colcon_core.package_identification:_identify(rm_vision/docs) by extension 'python'
[0.197s] Level 1:colcon.colcon_core.package_identification:_identify(rm_vision/docs) by extensions ['python_setup_py']
[0.197s] Level 1:colcon.colcon_core.package_identification:_identify(rm_vision/docs) by extension 'python_setup_py'
[0.197s] Level 1:colcon.colcon_core.package_identification:_identify(rm_vision/rm_vision_bringup) by extensions ['ignore', 'ignore_ament_install']
[0.197s] Level 1:colcon.colcon_core.package_identification:_identify(rm_vision/rm_vision_bringup) by extension 'ignore'
[0.197s] Level 1:colcon.colcon_core.package_identification:_identify(rm_vision/rm_vision_bringup) by extension 'ignore_ament_install'
[0.197s] Level 1:colcon.colcon_core.package_identification:_identify(rm_vision/rm_vision_bringup) by extensions ['colcon_pkg']
[0.197s] Level 1:colcon.colcon_core.package_identification:_identify(rm_vision/rm_vision_bringup) by extension 'colcon_pkg'
[0.197s] Level 1:colcon.colcon_core.package_identification:_identify(rm_vision/rm_vision_bringup) by extensions ['colcon_meta']
[0.197s] Level 1:colcon.colcon_core.package_identification:_identify(rm_vision/rm_vision_bringup) by extension 'colcon_meta'
[0.197s] Level 1:colcon.colcon_core.package_identification:_identify(rm_vision/rm_vision_bringup) by extensions ['ros']
[0.197s] Level 1:colcon.colcon_core.package_identification:_identify(rm_vision/rm_vision_bringup) by extension 'ros'
[0.197s] DEBUG:colcon.colcon_core.package_identification:Package 'rm_vision/rm_vision_bringup' with type 'ros.ament_cmake' and name 'rm_vision_bringup'
[0.197s] Level 1:colcon.colcon_core.package_discovery:discover_packages(recursive) using defaults
[0.197s] Level 1:colcon.colcon_core.package_discovery:discover_packages(ignore) discover
[0.197s] Level 1:colcon.colcon_core.package_discovery:discover_packages(ignore) using defaults
[0.197s] Level 1:colcon.colcon_core.package_discovery:discover_packages(path) discover
[0.197s] Level 1:colcon.colcon_core.package_discovery:discover_packages(path) using defaults
[0.217s] Level 1:colcon.colcon_core.package_discovery:discover_packages(prefix_path) check parameters
[0.217s] Level 1:colcon.colcon_core.package_discovery:discover_packages(prefix_path) discover
[0.218s] DEBUG:colcon.colcon_installed_package_information.package_discovery:Found 9 installed packages in /home/ljoy/Robomaster/PIONEER/new_rv/install
[0.220s] DEBUG:colcon.colcon_installed_package_information.package_discovery:Found 304 installed packages in /opt/ros/humble
[0.221s] Level 1:colcon.colcon_core.package_discovery:discover_packages(prefix_path) using defaults
[0.248s] Level 5:colcon.colcon_core.verb:set package 'auto_aim_interfaces' build argument 'cmake_args' from command line to 'None'
[0.248s] Level 5:colcon.colcon_core.verb:set package 'auto_aim_interfaces' build argument 'cmake_target' from command line to 'None'
[0.248s] Level 5:colcon.colcon_core.verb:set package 'auto_aim_interfaces' build argument 'cmake_target_skip_unavailable' from command line to 'False'
[0.248s] Level 5:colcon.colcon_core.verb:set package 'auto_aim_interfaces' build argument 'cmake_clean_cache' from command line to 'False'
[0.248s] Level 5:colcon.colcon_core.verb:set package 'auto_aim_interfaces' build argument 'cmake_clean_first' from command line to 'False'
[0.248s] Level 5:colcon.colcon_core.verb:set package 'auto_aim_interfaces' build argument 'cmake_force_configure' from command line to 'False'
[0.248s] Level 5:colcon.colcon_core.verb:set package 'auto_aim_interfaces' build argument 'ament_cmake_args' from command line to 'None'
[0.248s] Level 5:colcon.colcon_core.verb:set package 'auto_aim_interfaces' build argument 'catkin_cmake_args' from command line to 'None'
[0.248s] Level 5:colcon.colcon_core.verb:set package 'auto_aim_interfaces' build argument 'catkin_skip_building_tests' from command line to 'False'
[0.248s] DEBUG:colcon.colcon_core.verb:Building package 'auto_aim_interfaces' with the following arguments: {'ament_cmake_args': None, 'build_base': '/home/ljoy/Robomaster/PIONEER/new_rv/build/auto_aim_interfaces', 'catkin_cmake_args': None, 'catkin_skip_building_tests': False, 'cmake_args': None, 'cmake_clean_cache': False, 'cmake_clean_first': False, 'cmake_force_configure': False, 'cmake_target': None, 'cmake_target_skip_unavailable': False, 'install_base': '/home/ljoy/Robomaster/PIONEER/new_rv/install/auto_aim_interfaces', 'merge_install': False, 'path': '/home/ljoy/Robomaster/PIONEER/new_rv/auto_aim_interfaces', 'symlink_install': False, 'test_result_base': None}
[0.248s] Level 5:colcon.colcon_core.verb:set package 'hik_camera' build argument 'cmake_args' from command line to 'None'
[0.248s] Level 5:colcon.colcon_core.verb:set package 'hik_camera' build argument 'cmake_target' from command line to 'None'
[0.248s] Level 5:colcon.colcon_core.verb:set package 'hik_camera' build argument 'cmake_target_skip_unavailable' from command line to 'False'
[0.248s] Level 5:colcon.colcon_core.verb:set package 'hik_camera' build argument 'cmake_clean_cache' from command line to 'False'
[0.248s] Level 5:colcon.colcon_core.verb:set package 'hik_camera' build argument 'cmake_clean_first' from command line to 'False'
[0.248s] Level 5:colcon.colcon_core.verb:set package 'hik_camera' build argument 'cmake_force_configure' from command line to 'False'
[0.248s] Level 5:colcon.colcon_core.verb:set package 'hik_camera' build argument 'ament_cmake_args' from command line to 'None'
[0.248s] Level 5:colcon.colcon_core.verb:set package 'hik_camera' build argument 'catkin_cmake_args' from command line to 'None'
[0.248s] Level 5:colcon.colcon_core.verb:set package 'hik_camera' build argument 'catkin_skip_building_tests' from command line to 'False'
[0.248s] DEBUG:colcon.colcon_core.verb:Building package 'hik_camera' with the following arguments: {'ament_cmake_args': None, 'build_base': '/home/ljoy/Robomaster/PIONEER/new_rv/build/hik_camera', 'catkin_cmake_args': None, 'catkin_skip_building_tests': False, 'cmake_args': None, 'cmake_clean_cache': False, 'cmake_clean_first': False, 'cmake_force_configure': False, 'cmake_target': None, 'cmake_target_skip_unavailable': False, 'install_base': '/home/ljoy/Robomaster/PIONEER/new_rv/install/hik_camera', 'merge_install': False, 'path': '/home/ljoy/Robomaster/PIONEER/new_rv/hik_camera', 'symlink_install': False, 'test_result_base': None}
[0.248s] Level 5:colcon.colcon_core.verb:set package 'rm_gimbal_description' build argument 'cmake_args' from command line to 'None'
[0.249s] Level 5:colcon.colcon_core.verb:set package 'rm_gimbal_description' build argument 'cmake_target' from command line to 'None'
[0.249s] Level 5:colcon.colcon_core.verb:set package 'rm_gimbal_description' build argument 'cmake_target_skip_unavailable' from command line to 'False'
[0.249s] Level 5:colcon.colcon_core.verb:set package 'rm_gimbal_description' build argument 'cmake_clean_cache' from command line to 'False'
[0.249s] Level 5:colcon.colcon_core.verb:set package 'rm_gimbal_description' build argument 'cmake_clean_first' from command line to 'False'
[0.249s] Level 5:colcon.colcon_core.verb:set package 'rm_gimbal_description' build argument 'cmake_force_configure' from command line to 'False'
[0.249s] Level 5:colcon.colcon_core.verb:set package 'rm_gimbal_description' build argument 'ament_cmake_args' from command line to 'None'
[0.249s] Level 5:colcon.colcon_core.verb:set package 'rm_gimbal_description' build argument 'catkin_cmake_args' from command line to 'None'
[0.249s] Level 5:colcon.colcon_core.verb:set package 'rm_gimbal_description' build argument 'catkin_skip_building_tests' from command line to 'False'
[0.249s] DEBUG:colcon.colcon_core.verb:Building package 'rm_gimbal_description' with the following arguments: {'ament_cmake_args': None, 'build_base': '/home/ljoy/Robomaster/PIONEER/new_rv/build/rm_gimbal_description', 'catkin_cmake_args': None, 'catkin_skip_building_tests': False, 'cmake_args': None, 'cmake_clean_cache': False, 'cmake_clean_first': False, 'cmake_force_configure': False, 'cmake_target': None, 'cmake_target_skip_unavailable': False, 'install_base': '/home/ljoy/Robomaster/PIONEER/new_rv/install/rm_gimbal_description', 'merge_install': False, 'path': '/home/ljoy/Robomaster/PIONEER/new_rv/rm_gimbal_description', 'symlink_install': False, 'test_result_base': None}
[0.249s] Level 5:colcon.colcon_core.verb:set package 'rm_tools' build argument 'cmake_args' from command line to 'None'
[0.249s] Level 5:colcon.colcon_core.verb:set package 'rm_tools' build argument 'cmake_target' from command line to 'None'
[0.249s] Level 5:colcon.colcon_core.verb:set package 'rm_tools' build argument 'cmake_target_skip_unavailable' from command line to 'False'
[0.249s] Level 5:colcon.colcon_core.verb:set package 'rm_tools' build argument 'cmake_clean_cache' from command line to 'False'
[0.249s] Level 5:colcon.colcon_core.verb:set package 'rm_tools' build argument 'cmake_clean_first' from command line to 'False'
[0.249s] Level 5:colcon.colcon_core.verb:set package 'rm_tools' build argument 'cmake_force_configure' from command line to 'False'
[0.249s] Level 5:colcon.colcon_core.verb:set package 'rm_tools' build argument 'ament_cmake_args' from command line to 'None'
[0.249s] Level 5:colcon.colcon_core.verb:set package 'rm_tools' build argument 'catkin_cmake_args' from command line to 'None'
[0.249s] Level 5:colcon.colcon_core.verb:set package 'rm_tools' build argument 'catkin_skip_building_tests' from command line to 'False'
[0.249s] DEBUG:colcon.colcon_core.verb:Building package 'rm_tools' with the following arguments: {'ament_cmake_args': None, 'build_base': '/home/ljoy/Robomaster/PIONEER/new_rv/build/rm_tools', 'catkin_cmake_args': None, 'catkin_skip_building_tests': False, 'cmake_args': None, 'cmake_clean_cache': False, 'cmake_clean_first': False, 'cmake_force_configure': False, 'cmake_target': None, 'cmake_target_skip_unavailable': False, 'install_base': '/home/ljoy/Robomaster/PIONEER/new_rv/install/rm_tools', 'merge_install': False, 'path': '/home/ljoy/Robomaster/PIONEER/new_rv/rm_tools', 'symlink_install': False, 'test_result_base': None}
[0.249s] Level 5:colcon.colcon_core.verb:set package 'armor_detector' build argument 'cmake_args' from command line to 'None'
[0.249s] Level 5:colcon.colcon_core.verb:set package 'armor_detector' build argument 'cmake_target' from command line to 'None'
[0.249s] Level 5:colcon.colcon_core.verb:set package 'armor_detector' build argument 'cmake_target_skip_unavailable' from command line to 'False'
[0.249s] Level 5:colcon.colcon_core.verb:set package 'armor_detector' build argument 'cmake_clean_cache' from command line to 'False'
[0.249s] Level 5:colcon.colcon_core.verb:set package 'armor_detector' build argument 'cmake_clean_first' from command line to 'False'
[0.249s] Level 5:colcon.colcon_core.verb:set package 'armor_detector' build argument 'cmake_force_configure' from command line to 'False'
[0.249s] Level 5:colcon.colcon_core.verb:set package 'armor_detector' build argument 'ament_cmake_args' from command line to 'None'
[0.249s] Level 5:colcon.colcon_core.verb:set package 'armor_detector' build argument 'catkin_cmake_args' from command line to 'None'
[0.249s] Level 5:colcon.colcon_core.verb:set package 'armor_detector' build argument 'catkin_skip_building_tests' from command line to 'False'
[0.249s] DEBUG:colcon.colcon_core.verb:Building package 'armor_detector' with the following arguments: {'ament_cmake_args': None, 'build_base': '/home/ljoy/Robomaster/PIONEER/new_rv/build/armor_detector', 'catkin_cmake_args': None, 'catkin_skip_building_tests': False, 'cmake_args': None, 'cmake_clean_cache': False, 'cmake_clean_first': False, 'cmake_force_configure': False, 'cmake_target': None, 'cmake_target_skip_unavailable': False, 'install_base': '/home/ljoy/Robomaster/PIONEER/new_rv/install/armor_detector', 'merge_install': False, 'path': '/home/ljoy/Robomaster/PIONEER/new_rv/rm_auto_aim/armor_detector', 'symlink_install': False, 'test_result_base': None}
[0.250s] Level 5:colcon.colcon_core.verb:set package 'armor_tracker' build argument 'cmake_args' from command line to 'None'
[0.250s] Level 5:colcon.colcon_core.verb:set package 'armor_tracker' build argument 'cmake_target' from command line to 'None'
[0.250s] Level 5:colcon.colcon_core.verb:set package 'armor_tracker' build argument 'cmake_target_skip_unavailable' from command line to 'False'
[0.250s] Level 5:colcon.colcon_core.verb:set package 'armor_tracker' build argument 'cmake_clean_cache' from command line to 'False'
[0.250s] Level 5:colcon.colcon_core.verb:set package 'armor_tracker' build argument 'cmake_clean_first' from command line to 'False'
[0.250s] Level 5:colcon.colcon_core.verb:set package 'armor_tracker' build argument 'cmake_force_configure' from command line to 'False'
[0.250s] Level 5:colcon.colcon_core.verb:set package 'armor_tracker' build argument 'ament_cmake_args' from command line to 'None'
[0.250s] Level 5:colcon.colcon_core.verb:set package 'armor_tracker' build argument 'catkin_cmake_args' from command line to 'None'
[0.250s] Level 5:colcon.colcon_core.verb:set package 'armor_tracker' build argument 'catkin_skip_building_tests' from command line to 'False'
[0.250s] DEBUG:colcon.colcon_core.verb:Building package 'armor_tracker' with the following arguments: {'ament_cmake_args': None, 'build_base': '/home/ljoy/Robomaster/PIONEER/new_rv/build/armor_tracker', 'catkin_cmake_args': None, 'catkin_skip_building_tests': False, 'cmake_args': None, 'cmake_clean_cache': False, 'cmake_clean_first': False, 'cmake_force_configure': False, 'cmake_target': None, 'cmake_target_skip_unavailable': False, 'install_base': '/home/ljoy/Robomaster/PIONEER/new_rv/install/armor_tracker', 'merge_install': False, 'path': '/home/ljoy/Robomaster/PIONEER/new_rv/rm_auto_aim/armor_tracker', 'symlink_install': False, 'test_result_base': None}
[0.250s] Level 5:colcon.colcon_core.verb:set package 'rm_planner' build argument 'cmake_args' from command line to 'None'
[0.250s] Level 5:colcon.colcon_core.verb:set package 'rm_planner' build argument 'cmake_target' from command line to 'None'
[0.250s] Level 5:colcon.colcon_core.verb:set package 'rm_planner' build argument 'cmake_target_skip_unavailable' from command line to 'False'
[0.250s] Level 5:colcon.colcon_core.verb:set package 'rm_planner' build argument 'cmake_clean_cache' from command line to 'False'
[0.250s] Level 5:colcon.colcon_core.verb:set package 'rm_planner' build argument 'cmake_clean_first' from command line to 'False'
[0.250s] Level 5:colcon.colcon_core.verb:set package 'rm_planner' build argument 'cmake_force_configure' from command line to 'False'
[0.250s] Level 5:colcon.colcon_core.verb:set package 'rm_planner' build argument 'ament_cmake_args' from command line to 'None'
[0.250s] Level 5:colcon.colcon_core.verb:set package 'rm_planner' build argument 'catkin_cmake_args' from command line to 'None'
[0.250s] Level 5:colcon.colcon_core.verb:set package 'rm_planner' build argument 'catkin_skip_building_tests' from command line to 'False'
[0.250s] DEBUG:colcon.colcon_core.verb:Building package 'rm_planner' with the following arguments: {'ament_cmake_args': None, 'build_base': '/home/ljoy/Robomaster/PIONEER/new_rv/build/rm_planner', 'catkin_cmake_args': None, 'catkin_skip_building_tests': False, 'cmake_args': None, 'cmake_clean_cache': False, 'cmake_clean_first': False, 'cmake_force_configure': False, 'cmake_target': None, 'cmake_target_skip_unavailable': False, 'install_base': '/home/ljoy/Robomaster/PIONEER/new_rv/install/rm_planner', 'merge_install': False, 'path': '/home/ljoy/Robomaster/PIONEER/new_rv/rm_planner', 'symlink_install': False, 'test_result_base': None}
[0.250s] Level 5:colcon.colcon_core.verb:set package 'rm_serial_driver' build argument 'cmake_args' from command line to 'None'
[0.250s] Level 5:colcon.colcon_core.verb:set package 'rm_serial_driver' build argument 'cmake_target' from command line to 'None'
[0.250s] Level 5:colcon.colcon_core.verb:set package 'rm_serial_driver' build argument 'cmake_target_skip_unavailable' from command line to 'False'
[0.250s] Level 5:colcon.colcon_core.verb:set package 'rm_serial_driver' build argument 'cmake_clean_cache' from command line to 'False'
[0.250s] Level 5:colcon.colcon_core.verb:set package 'rm_serial_driver' build argument 'cmake_clean_first' from command line to 'False'
[0.250s] Level 5:colcon.colcon_core.verb:set package 'rm_serial_driver' build argument 'cmake_force_configure' from command line to 'False'
[0.250s] Level 5:colcon.colcon_core.verb:set package 'rm_serial_driver' build argument 'ament_cmake_args' from command line to 'None'
[0.250s] Level 5:colcon.colcon_core.verb:set package 'rm_serial_driver' build argument 'catkin_cmake_args' from command line to 'None'
[0.250s] Level 5:colcon.colcon_core.verb:set package 'rm_serial_driver' build argument 'catkin_skip_building_tests' from command line to 'False'
[0.250s] DEBUG:colcon.colcon_core.verb:Building package 'rm_serial_driver' with the following arguments: {'ament_cmake_args': None, 'build_base': '/home/ljoy/Robomaster/PIONEER/new_rv/build/rm_serial_driver', 'catkin_cmake_args': None, 'catkin_skip_building_tests': False, 'cmake_args': None, 'cmake_clean_cache': False, 'cmake_clean_first': False, 'cmake_force_configure': False, 'cmake_target': None, 'cmake_target_skip_unavailable': False, 'install_base': '/home/ljoy/Robomaster/PIONEER/new_rv/install/rm_serial_driver', 'merge_install': False, 'path': '/home/ljoy/Robomaster/PIONEER/new_rv/rm_serial_driver', 'symlink_install': False, 'test_result_base': None}
[0.251s] Level 5:colcon.colcon_core.verb:set package 'rm_vision_bringup' build argument 'cmake_args' from command line to 'None'
[0.251s] Level 5:colcon.colcon_core.verb:set package 'rm_vision_bringup' build argument 'cmake_target' from command line to 'None'
[0.251s] Level 5:colcon.colcon_core.verb:set package 'rm_vision_bringup' build argument 'cmake_target_skip_unavailable' from command line to 'False'
[0.251s] Level 5:colcon.colcon_core.verb:set package 'rm_vision_bringup' build argument 'cmake_clean_cache' from command line to 'False'
[0.251s] Level 5:colcon.colcon_core.verb:set package 'rm_vision_bringup' build argument 'cmake_clean_first' from command line to 'False'
[0.251s] Level 5:colcon.colcon_core.verb:set package 'rm_vision_bringup' build argument 'cmake_force_configure' from command line to 'False'
[0.251s] Level 5:colcon.colcon_core.verb:set package 'rm_vision_bringup' build argument 'ament_cmake_args' from command line to 'None'
[0.251s] Level 5:colcon.colcon_core.verb:set package 'rm_vision_bringup' build argument 'catkin_cmake_args' from command line to 'None'
[0.251s] Level 5:colcon.colcon_core.verb:set package 'rm_vision_bringup' build argument 'catkin_skip_building_tests' from command line to 'False'
[0.251s] DEBUG:colcon.colcon_core.verb:Building package 'rm_vision_bringup' with the following arguments: {'ament_cmake_args': None, 'build_base': '/home/ljoy/Robomaster/PIONEER/new_rv/build/rm_vision_bringup', 'catkin_cmake_args': None, 'catkin_skip_building_tests': False, 'cmake_args': None, 'cmake_clean_cache': False, 'cmake_clean_first': False, 'cmake_force_configure': False, 'cmake_target': None, 'cmake_target_skip_unavailable': False, 'install_base': '/home/ljoy/Robomaster/PIONEER/new_rv/install/rm_vision_bringup', 'merge_install': False, 'path': '/home/ljoy/Robomaster/PIONEER/new_rv/rm_vision/rm_vision_bringup', 'symlink_install': False, 'test_result_base': None}
[0.251s] INFO:colcon.colcon_core.executor:Executing jobs using 'parallel' executor
[0.251s] DEBUG:colcon.colcon_parallel_executor.executor.parallel:run_until_complete
[0.252s] INFO:colcon.colcon_ros.task.ament_cmake.build:Building ROS package in '/home/ljoy/Robomaster/PIONEER/new_rv/auto_aim_interfaces' with build type 'ament_cmake'
[0.252s] INFO:colcon.colcon_cmake.task.cmake.build:Building CMake package in '/home/ljoy/Robomaster/PIONEER/new_rv/auto_aim_interfaces'
[0.253s] INFO:colcon.colcon_core.plugin_system:Skipping extension 'colcon_core.shell.bat': Not used on non-Windows systems
[0.253s] INFO:colcon.colcon_core.shell:Skip shell extension 'powershell' for command environment: Not usable outside of PowerShell
[0.253s] DEBUG:colcon.colcon_core.shell:Skip shell extension 'dsv' for command environment
[0.256s] INFO:colcon.colcon_ros.task.ament_cmake.build:Building ROS package in '/home/ljoy/Robomaster/PIONEER/new_rv/rm_tools' with build type 'ament_cmake'
[0.256s] INFO:colcon.colcon_cmake.task.cmake.build:Building CMake package in '/home/ljoy/Robomaster/PIONEER/new_rv/rm_tools'
[0.256s] INFO:colcon.colcon_core.shell:Skip shell extension 'powershell' for command environment: Not usable outside of PowerShell
[0.256s] DEBUG:colcon.colcon_core.shell:Skip shell extension 'dsv' for command environment
[0.259s] INFO:colcon.colcon_ros.task.ament_cmake.build:Building ROS package in '/home/ljoy/Robomaster/PIONEER/new_rv/hik_camera' with build type 'ament_cmake'
[0.259s] INFO:colcon.colcon_cmake.task.cmake.build:Building CMake package in '/home/ljoy/Robomaster/PIONEER/new_rv/hik_camera'
[0.259s] INFO:colcon.colcon_core.shell:Skip shell extension 'powershell' for command environment: Not usable outside of PowerShell
[0.259s] DEBUG:colcon.colcon_core.shell:Skip shell extension 'dsv' for command environment
[0.262s] INFO:colcon.colcon_ros.task.ament_cmake.build:Building ROS package in '/home/ljoy/Robomaster/PIONEER/new_rv/rm_gimbal_description' with build type 'ament_cmake'
[0.262s] INFO:colcon.colcon_cmake.task.cmake.build:Building CMake package in '/home/ljoy/Robomaster/PIONEER/new_rv/rm_gimbal_description'
[0.262s] INFO:colcon.colcon_core.shell:Skip shell extension 'powershell' for command environment: Not usable outside of PowerShell
[0.262s] DEBUG:colcon.colcon_core.shell:Skip shell extension 'dsv' for command environment
[0.269s] DEBUG:colcon.colcon_core.event_handler.log_command:Invoking command in '/home/ljoy/Robomaster/PIONEER/new_rv/build/auto_aim_interfaces': CMAKE_PREFIX_PATH=${CMAKE_PREFIX_PATH}:/opt/ros/humble /usr/bin/cmake --build /home/ljoy/Robomaster/PIONEER/new_rv/build/auto_aim_interfaces -- -j32 -l32
[0.271s] DEBUG:colcon.colcon_core.event_handler.log_command:Invoking command in '/home/ljoy/Robomaster/PIONEER/new_rv/build/rm_tools': CMAKE_PREFIX_PATH=${CMAKE_PREFIX_PATH}:/opt/ros/humble /usr/bin/cmake --build /home/ljoy/Robomaster/PIONEER/new_rv/build/rm_tools -- -j32 -l32
[0.273s] DEBUG:colcon.colcon_core.event_handler.log_command:Invoking command in '/home/ljoy/Robomaster/PIONEER/new_rv/build/hik_camera': CMAKE_PREFIX_PATH=${CMAKE_PREFIX_PATH}:/opt/ros/humble /usr/bin/cmake --build /home/ljoy/Robomaster/PIONEER/new_rv/build/hik_camera -- -j32 -l32
[0.276s] DEBUG:colcon.colcon_core.event_handler.log_command:Invoking command in '/home/ljoy/Robomaster/PIONEER/new_rv/build/rm_gimbal_description': CMAKE_PREFIX_PATH=${CMAKE_PREFIX_PATH}:/opt/ros/humble /usr/bin/cmake --build /home/ljoy/Robomaster/PIONEER/new_rv/build/rm_gimbal_description -- -j32 -l32
[0.289s] DEBUG:colcon.colcon_core.event_handler.log_command:Invoked command in '/home/ljoy/Robomaster/PIONEER/new_rv/build/rm_gimbal_description' returned '0': CMAKE_PREFIX_PATH=${CMAKE_PREFIX_PATH}:/opt/ros/humble /usr/bin/cmake --build /home/ljoy/Robomaster/PIONEER/new_rv/build/rm_gimbal_description -- -j32 -l32
[0.300s] DEBUG:colcon.colcon_core.event_handler.log_command:Invoked command in '/home/ljoy/Robomaster/PIONEER/new_rv/build/rm_tools' returned '0': CMAKE_PREFIX_PATH=${CMAKE_PREFIX_PATH}:/opt/ros/humble /usr/bin/cmake --build /home/ljoy/Robomaster/PIONEER/new_rv/build/rm_tools -- -j32 -l32
[0.301s] DEBUG:colcon.colcon_core.event_handler.log_command:Invoked command in '/home/ljoy/Robomaster/PIONEER/new_rv/build/hik_camera' returned '0': CMAKE_PREFIX_PATH=${CMAKE_PREFIX_PATH}:/opt/ros/humble /usr/bin/cmake --build /home/ljoy/Robomaster/PIONEER/new_rv/build/hik_camera -- -j32 -l32
[0.309s] DEBUG:colcon.colcon_core.event_handler.log_command:Invoking command in '/home/ljoy/Robomaster/PIONEER/new_rv/build/rm_gimbal_description': CMAKE_PREFIX_PATH=${CMAKE_PREFIX_PATH}:/opt/ros/humble /usr/bin/cmake --install /home/ljoy/Robomaster/PIONEER/new_rv/build/rm_gimbal_description
[0.313s] Level 1:colcon.colcon_core.environment:create_environment_scripts_only(rm_gimbal_description)
[0.313s] DEBUG:colcon.colcon_core.event_handler.log_command:Invoked command in '/home/ljoy/Robomaster/PIONEER/new_rv/build/rm_gimbal_description' returned '0': CMAKE_PREFIX_PATH=${CMAKE_PREFIX_PATH}:/opt/ros/humble /usr/bin/cmake --install /home/ljoy/Robomaster/PIONEER/new_rv/build/rm_gimbal_description
[0.314s] Level 1:colcon.colcon_core.environment:checking '/home/ljoy/Robomaster/PIONEER/new_rv/install/rm_gimbal_description' for CMake module files
[0.315s] Level 1:colcon.colcon_core.environment:checking '/home/ljoy/Robomaster/PIONEER/new_rv/install/rm_gimbal_description' for CMake config files
[0.315s] Level 1:colcon.colcon_core.shell:create_environment_hook('rm_gimbal_description', 'cmake_prefix_path')
[0.315s] INFO:colcon.colcon_core.shell:Creating environment hook '/home/ljoy/Robomaster/PIONEER/new_rv/install/rm_gimbal_description/share/rm_gimbal_description/hook/cmake_prefix_path.ps1'
[0.315s] INFO:colcon.colcon_core.shell:Creating environment descriptor '/home/ljoy/Robomaster/PIONEER/new_rv/install/rm_gimbal_description/share/rm_gimbal_description/hook/cmake_prefix_path.dsv'
[0.316s] INFO:colcon.colcon_core.shell:Creating environment hook '/home/ljoy/Robomaster/PIONEER/new_rv/install/rm_gimbal_description/share/rm_gimbal_description/hook/cmake_prefix_path.sh'
[0.316s] Level 1:colcon.colcon_core.environment:checking '/home/ljoy/Robomaster/PIONEER/new_rv/install/rm_gimbal_description/bin'
[0.316s] Level 1:colcon.colcon_core.environment:checking '/home/ljoy/Robomaster/PIONEER/new_rv/install/rm_gimbal_description/lib/pkgconfig/rm_gimbal_description.pc'
[0.316s] Level 1:colcon.colcon_core.environment:checking '/home/ljoy/Robomaster/PIONEER/new_rv/install/rm_gimbal_description/lib/python3.10/site-packages'
[0.316s] Level 1:colcon.colcon_core.environment:checking '/home/ljoy/Robomaster/PIONEER/new_rv/install/rm_gimbal_description/bin'
[0.317s] INFO:colcon.colcon_core.shell:Creating package script '/home/ljoy/Robomaster/PIONEER/new_rv/install/rm_gimbal_description/share/rm_gimbal_description/package.ps1'
[0.317s] INFO:colcon.colcon_core.shell:Creating package descriptor '/home/ljoy/Robomaster/PIONEER/new_rv/install/rm_gimbal_description/share/rm_gimbal_description/package.dsv'
[0.318s] INFO:colcon.colcon_core.shell:Creating package script '/home/ljoy/Robomaster/PIONEER/new_rv/install/rm_gimbal_description/share/rm_gimbal_description/package.sh'
[0.318s] INFO:colcon.colcon_core.shell:Creating package script '/home/ljoy/Robomaster/PIONEER/new_rv/install/rm_gimbal_description/share/rm_gimbal_description/package.bash'
[0.319s] INFO:colcon.colcon_core.shell:Creating package script '/home/ljoy/Robomaster/PIONEER/new_rv/install/rm_gimbal_description/share/rm_gimbal_description/package.zsh'
[0.319s] Level 1:colcon.colcon_core.environment:create_file_with_runtime_dependencies(/home/ljoy/Robomaster/PIONEER/new_rv/install/rm_gimbal_description/share/colcon-core/packages/rm_gimbal_description)
[0.327s] DEBUG:colcon.colcon_core.event_handler.log_command:Invoking command in '/home/ljoy/Robomaster/PIONEER/new_rv/build/hik_camera': CMAKE_PREFIX_PATH=${CMAKE_PREFIX_PATH}:/opt/ros/humble /usr/bin/cmake --install /home/ljoy/Robomaster/PIONEER/new_rv/build/hik_camera
[0.331s] Level 1:colcon.colcon_core.environment:create_environment_scripts_only(hik_camera)
[0.331s] DEBUG:colcon.colcon_core.event_handler.log_command:Invoked command in '/home/ljoy/Robomaster/PIONEER/new_rv/build/hik_camera' returned '0': CMAKE_PREFIX_PATH=${CMAKE_PREFIX_PATH}:/opt/ros/humble /usr/bin/cmake --install /home/ljoy/Robomaster/PIONEER/new_rv/build/hik_camera
[0.332s] Level 1:colcon.colcon_core.environment:checking '/home/ljoy/Robomaster/PIONEER/new_rv/install/hik_camera' for CMake module files
[0.332s] Level 1:colcon.colcon_core.environment:checking '/home/ljoy/Robomaster/PIONEER/new_rv/install/hik_camera' for CMake config files
[0.332s] Level 1:colcon.colcon_core.shell:create_environment_hook('hik_camera', 'cmake_prefix_path')
[0.332s] INFO:colcon.colcon_core.shell:Creating environment hook '/home/ljoy/Robomaster/PIONEER/new_rv/install/hik_camera/share/hik_camera/hook/cmake_prefix_path.ps1'
[0.333s] INFO:colcon.colcon_core.shell:Creating environment descriptor '/home/ljoy/Robomaster/PIONEER/new_rv/install/hik_camera/share/hik_camera/hook/cmake_prefix_path.dsv'
[0.333s] INFO:colcon.colcon_core.shell:Creating environment hook '/home/ljoy/Robomaster/PIONEER/new_rv/install/hik_camera/share/hik_camera/hook/cmake_prefix_path.sh'
[0.333s] Level 1:colcon.colcon_core.environment:checking '/home/ljoy/Robomaster/PIONEER/new_rv/install/hik_camera/lib'
[0.333s] Level 1:colcon.colcon_core.shell:create_environment_hook('hik_camera', 'ld_library_path_lib')
[0.334s] INFO:colcon.colcon_core.shell:Creating environment hook '/home/ljoy/Robomaster/PIONEER/new_rv/install/hik_camera/share/hik_camera/hook/ld_library_path_lib.ps1'
[0.334s] INFO:colcon.colcon_core.shell:Creating environment descriptor '/home/ljoy/Robomaster/PIONEER/new_rv/install/hik_camera/share/hik_camera/hook/ld_library_path_lib.dsv'
[0.334s] INFO:colcon.colcon_core.shell:Creating environment hook '/home/ljoy/Robomaster/PIONEER/new_rv/install/hik_camera/share/hik_camera/hook/ld_library_path_lib.sh'
[0.334s] Level 1:colcon.colcon_core.environment:checking '/home/ljoy/Robomaster/PIONEER/new_rv/install/hik_camera/bin'
[0.334s] Level 1:colcon.colcon_core.environment:checking '/home/ljoy/Robomaster/PIONEER/new_rv/install/hik_camera/lib/pkgconfig/hik_camera.pc'
[0.335s] Level 1:colcon.colcon_core.environment:checking '/home/ljoy/Robomaster/PIONEER/new_rv/install/hik_camera/lib/python3.10/site-packages'
[0.335s] Level 1:colcon.colcon_core.environment:checking '/home/ljoy/Robomaster/PIONEER/new_rv/install/hik_camera/bin'
[0.335s] INFO:colcon.colcon_core.shell:Creating package script '/home/ljoy/Robomaster/PIONEER/new_rv/install/hik_camera/share/hik_camera/package.ps1'
[0.335s] INFO:colcon.colcon_core.shell:Creating package descriptor '/home/ljoy/Robomaster/PIONEER/new_rv/install/hik_camera/share/hik_camera/package.dsv'
[0.336s] INFO:colcon.colcon_core.shell:Creating package script '/home/ljoy/Robomaster/PIONEER/new_rv/install/hik_camera/share/hik_camera/package.sh'
[0.336s] INFO:colcon.colcon_core.shell:Creating package script '/home/ljoy/Robomaster/PIONEER/new_rv/install/hik_camera/share/hik_camera/package.bash'
[0.336s] INFO:colcon.colcon_core.shell:Creating package script '/home/ljoy/Robomaster/PIONEER/new_rv/install/hik_camera/share/hik_camera/package.zsh'
[0.336s] Level 1:colcon.colcon_core.environment:create_file_with_runtime_dependencies(/home/ljoy/Robomaster/PIONEER/new_rv/install/hik_camera/share/colcon-core/packages/hik_camera)
[0.338s] Level 1:colcon.colcon_core.environment:create_environment_scripts_only(rm_gimbal_description)
[0.339s] DEBUG:colcon.colcon_core.event_handler.log_command:Invoking command in '/home/ljoy/Robomaster/PIONEER/new_rv/build/rm_tools': CMAKE_PREFIX_PATH=${CMAKE_PREFIX_PATH}:/opt/ros/humble /usr/bin/cmake --install /home/ljoy/Robomaster/PIONEER/new_rv/build/rm_tools
[0.339s] Level 1:colcon.colcon_core.environment:checking '/home/ljoy/Robomaster/PIONEER/new_rv/install/rm_gimbal_description' for CMake module files
[0.339s] Level 1:colcon.colcon_core.environment:checking '/home/ljoy/Robomaster/PIONEER/new_rv/install/rm_gimbal_description' for CMake config files
[0.339s] Level 1:colcon.colcon_core.shell:create_environment_hook('rm_gimbal_description', 'cmake_prefix_path')
[0.339s] INFO:colcon.colcon_core.shell:Creating environment hook '/home/ljoy/Robomaster/PIONEER/new_rv/install/rm_gimbal_description/share/rm_gimbal_description/hook/cmake_prefix_path.ps1'
[0.340s] INFO:colcon.colcon_core.shell:Creating environment descriptor '/home/ljoy/Robomaster/PIONEER/new_rv/install/rm_gimbal_description/share/rm_gimbal_description/hook/cmake_prefix_path.dsv'
[0.340s] INFO:colcon.colcon_core.shell:Creating environment hook '/home/ljoy/Robomaster/PIONEER/new_rv/install/rm_gimbal_description/share/rm_gimbal_description/hook/cmake_prefix_path.sh'
[0.340s] Level 1:colcon.colcon_core.environment:checking '/home/ljoy/Robomaster/PIONEER/new_rv/install/rm_gimbal_description/bin'
[0.340s] Level 1:colcon.colcon_core.environment:checking '/home/ljoy/Robomaster/PIONEER/new_rv/install/rm_gimbal_description/lib/pkgconfig/rm_gimbal_description.pc'
[0.341s] Level 1:colcon.colcon_core.environment:checking '/home/ljoy/Robomaster/PIONEER/new_rv/install/rm_gimbal_description/lib/python3.10/site-packages'
[0.341s] Level 1:colcon.colcon_core.environment:checking '/home/ljoy/Robomaster/PIONEER/new_rv/install/rm_gimbal_description/bin'
[0.341s] INFO:colcon.colcon_core.shell:Creating package script '/home/ljoy/Robomaster/PIONEER/new_rv/install/rm_gimbal_description/share/rm_gimbal_description/package.ps1'
[0.341s] INFO:colcon.colcon_core.shell:Creating package descriptor '/home/ljoy/Robomaster/PIONEER/new_rv/install/rm_gimbal_description/share/rm_gimbal_description/package.dsv'
[0.341s] INFO:colcon.colcon_core.shell:Creating package script '/home/ljoy/Robomaster/PIONEER/new_rv/install/rm_gimbal_description/share/rm_gimbal_description/package.sh'
[0.342s] INFO:colcon.colcon_core.shell:Creating package script '/home/ljoy/Robomaster/PIONEER/new_rv/install/rm_gimbal_description/share/rm_gimbal_description/package.bash'
[0.342s] INFO:colcon.colcon_core.shell:Creating package script '/home/ljoy/Robomaster/PIONEER/new_rv/install/rm_gimbal_description/share/rm_gimbal_description/package.zsh'
[0.342s] Level 1:colcon.colcon_core.environment:create_file_with_runtime_dependencies(/home/ljoy/Robomaster/PIONEER/new_rv/install/rm_gimbal_description/share/colcon-core/packages/rm_gimbal_description)
[0.343s] Level 1:colcon.colcon_core.environment:create_environment_scripts_only(rm_tools)
[0.344s] Level 1:colcon.colcon_core.environment:checking '/home/ljoy/Robomaster/PIONEER/new_rv/install/rm_tools' for CMake module files
[0.345s] Level 1:colcon.colcon_core.environment:checking '/home/ljoy/Robomaster/PIONEER/new_rv/install/rm_tools' for CMake config files
[0.345s] DEBUG:colcon.colcon_core.event_handler.log_command:Invoked command in '/home/ljoy/Robomaster/PIONEER/new_rv/build/rm_tools' returned '0': CMAKE_PREFIX_PATH=${CMAKE_PREFIX_PATH}:/opt/ros/humble /usr/bin/cmake --install /home/ljoy/Robomaster/PIONEER/new_rv/build/rm_tools
[0.346s] Level 1:colcon.colcon_core.shell:create_environment_hook('rm_tools', 'cmake_prefix_path')
[0.346s] INFO:colcon.colcon_core.shell:Creating environment hook '/home/ljoy/Robomaster/PIONEER/new_rv/install/rm_tools/share/rm_tools/hook/cmake_prefix_path.ps1'
[0.346s] INFO:colcon.colcon_core.shell:Creating environment descriptor '/home/ljoy/Robomaster/PIONEER/new_rv/install/rm_tools/share/rm_tools/hook/cmake_prefix_path.dsv'
[0.346s] INFO:colcon.colcon_core.shell:Creating environment hook '/home/ljoy/Robomaster/PIONEER/new_rv/install/rm_tools/share/rm_tools/hook/cmake_prefix_path.sh'
[0.347s] Level 1:colcon.colcon_core.environment:checking '/home/ljoy/Robomaster/PIONEER/new_rv/install/rm_tools/lib'
[0.347s] Level 1:colcon.colcon_core.shell:create_environment_hook('rm_tools', 'ld_library_path_lib')
[0.347s] INFO:colcon.colcon_core.shell:Creating environment hook '/home/ljoy/Robomaster/PIONEER/new_rv/install/rm_tools/share/rm_tools/hook/ld_library_path_lib.ps1'
[0.347s] INFO:colcon.colcon_core.shell:Creating environment descriptor '/home/ljoy/Robomaster/PIONEER/new_rv/install/rm_tools/share/rm_tools/hook/ld_library_path_lib.dsv'
[0.348s] INFO:colcon.colcon_core.shell:Creating environment hook '/home/ljoy/Robomaster/PIONEER/new_rv/install/rm_tools/share/rm_tools/hook/ld_library_path_lib.sh'
[0.348s] Level 1:colcon.colcon_core.environment:checking '/home/ljoy/Robomaster/PIONEER/new_rv/install/rm_tools/bin'
[0.348s] Level 1:colcon.colcon_core.environment:checking '/home/ljoy/Robomaster/PIONEER/new_rv/install/rm_tools/lib/pkgconfig/rm_tools.pc'
[0.348s] Level 1:colcon.colcon_core.environment:checking '/home/ljoy/Robomaster/PIONEER/new_rv/install/rm_tools/lib/python3.10/site-packages'
[0.348s] Level 1:colcon.colcon_core.environment:checking '/home/ljoy/Robomaster/PIONEER/new_rv/install/rm_tools/bin'
[0.349s] INFO:colcon.colcon_core.shell:Creating package script '/home/ljoy/Robomaster/PIONEER/new_rv/install/rm_tools/share/rm_tools/package.ps1'
[0.349s] INFO:colcon.colcon_core.shell:Creating package descriptor '/home/ljoy/Robomaster/PIONEER/new_rv/install/rm_tools/share/rm_tools/package.dsv'
[0.349s] INFO:colcon.colcon_core.shell:Creating package script '/home/ljoy/Robomaster/PIONEER/new_rv/install/rm_tools/share/rm_tools/package.sh'
[0.349s] INFO:colcon.colcon_core.shell:Creating package script '/home/ljoy/Robomaster/PIONEER/new_rv/install/rm_tools/share/rm_tools/package.bash'
[0.350s] INFO:colcon.colcon_core.shell:Creating package script '/home/ljoy/Robomaster/PIONEER/new_rv/install/rm_tools/share/rm_tools/package.zsh'
[0.350s] Level 1:colcon.colcon_core.environment:create_file_with_runtime_dependencies(/home/ljoy/Robomaster/PIONEER/new_rv/install/rm_tools/share/colcon-core/packages/rm_tools)
[0.360s] Level 1:colcon.colcon_core.environment:create_environment_scripts_only(hik_camera)
[0.360s] Level 1:colcon.colcon_core.environment:checking '/home/ljoy/Robomaster/PIONEER/new_rv/install/hik_camera' for CMake module files
[0.361s] Level 1:colcon.colcon_core.environment:checking '/home/ljoy/Robomaster/PIONEER/new_rv/install/hik_camera' for CMake config files
[0.361s] Level 1:colcon.colcon_core.shell:create_environment_hook('hik_camera', 'cmake_prefix_path')
[0.361s] INFO:colcon.colcon_core.shell:Creating environment hook '/home/ljoy/Robomaster/PIONEER/new_rv/install/hik_camera/share/hik_camera/hook/cmake_prefix_path.ps1'
[0.361s] INFO:colcon.colcon_core.shell:Creating environment descriptor '/home/ljoy/Robomaster/PIONEER/new_rv/install/hik_camera/share/hik_camera/hook/cmake_prefix_path.dsv'
[0.362s] INFO:colcon.colcon_core.shell:Creating environment hook '/home/ljoy/Robomaster/PIONEER/new_rv/install/hik_camera/share/hik_camera/hook/cmake_prefix_path.sh'
[0.362s] Level 1:colcon.colcon_core.environment:checking '/home/ljoy/Robomaster/PIONEER/new_rv/install/hik_camera/lib'
[0.362s] Level 1:colcon.colcon_core.shell:create_environment_hook('hik_camera', 'ld_library_path_lib')
[0.362s] INFO:colcon.colcon_core.shell:Creating environment hook '/home/ljoy/Robomaster/PIONEER/new_rv/install/hik_camera/share/hik_camera/hook/ld_library_path_lib.ps1'
[0.362s] INFO:colcon.colcon_core.shell:Creating environment descriptor '/home/ljoy/Robomaster/PIONEER/new_rv/install/hik_camera/share/hik_camera/hook/ld_library_path_lib.dsv'
[0.363s] INFO:colcon.colcon_core.shell:Creating environment hook '/home/ljoy/Robomaster/PIONEER/new_rv/install/hik_camera/share/hik_camera/hook/ld_library_path_lib.sh'
[0.363s] Level 1:colcon.colcon_core.environment:checking '/home/ljoy/Robomaster/PIONEER/new_rv/install/hik_camera/bin'
[0.363s] Level 1:colcon.colcon_core.environment:checking '/home/ljoy/Robomaster/PIONEER/new_rv/install/hik_camera/lib/pkgconfig/hik_camera.pc'
[0.363s] Level 1:colcon.colcon_core.environment:checking '/home/ljoy/Robomaster/PIONEER/new_rv/install/hik_camera/lib/python3.10/site-packages'
[0.363s] Level 1:colcon.colcon_core.environment:checking '/home/ljoy/Robomaster/PIONEER/new_rv/install/hik_camera/bin'
[0.363s] INFO:colcon.colcon_core.shell:Creating package script '/home/ljoy/Robomaster/PIONEER/new_rv/install/hik_camera/share/hik_camera/package.ps1'
[0.364s] INFO:colcon.colcon_core.shell:Creating package descriptor '/home/ljoy/Robomaster/PIONEER/new_rv/install/hik_camera/share/hik_camera/package.dsv'
[0.364s] INFO:colcon.colcon_core.shell:Creating package script '/home/ljoy/Robomaster/PIONEER/new_rv/install/hik_camera/share/hik_camera/package.sh'
[0.364s] INFO:colcon.colcon_core.shell:Creating package script '/home/ljoy/Robomaster/PIONEER/new_rv/install/hik_camera/share/hik_camera/package.bash'
[0.365s] INFO:colcon.colcon_core.shell:Creating package script '/home/ljoy/Robomaster/PIONEER/new_rv/install/hik_camera/share/hik_camera/package.zsh'
[0.365s] Level 1:colcon.colcon_core.environment:create_file_with_runtime_dependencies(/home/ljoy/Robomaster/PIONEER/new_rv/install/hik_camera/share/colcon-core/packages/hik_camera)
[0.380s] Level 1:colcon.colcon_core.environment:create_environment_scripts_only(rm_tools)
[0.380s] Level 1:colcon.colcon_core.environment:checking '/home/ljoy/Robomaster/PIONEER/new_rv/install/rm_tools' for CMake module files
[0.381s] Level 1:colcon.colcon_core.environment:checking '/home/ljoy/Robomaster/PIONEER/new_rv/install/rm_tools' for CMake config files
[0.381s] Level 1:colcon.colcon_core.shell:create_environment_hook('rm_tools', 'cmake_prefix_path')
[0.381s] INFO:colcon.colcon_core.shell:Creating environment hook '/home/ljoy/Robomaster/PIONEER/new_rv/install/rm_tools/share/rm_tools/hook/cmake_prefix_path.ps1'
[0.381s] INFO:colcon.colcon_core.shell:Creating environment descriptor '/home/ljoy/Robomaster/PIONEER/new_rv/install/rm_tools/share/rm_tools/hook/cmake_prefix_path.dsv'
[0.382s] INFO:colcon.colcon_core.shell:Creating environment hook '/home/ljoy/Robomaster/PIONEER/new_rv/install/rm_tools/share/rm_tools/hook/cmake_prefix_path.sh'
[0.382s] Level 1:colcon.colcon_core.environment:checking '/home/ljoy/Robomaster/PIONEER/new_rv/install/rm_tools/lib'
[0.382s] Level 1:colcon.colcon_core.shell:create_environment_hook('rm_tools', 'ld_library_path_lib')
[0.382s] INFO:colcon.colcon_core.shell:Creating environment hook '/home/ljoy/Robomaster/PIONEER/new_rv/install/rm_tools/share/rm_tools/hook/ld_library_path_lib.ps1'
[0.382s] INFO:colcon.colcon_core.shell:Creating environment descriptor '/home/ljoy/Robomaster/PIONEER/new_rv/install/rm_tools/share/rm_tools/hook/ld_library_path_lib.dsv'
[0.383s] INFO:colcon.colcon_core.shell:Creating environment hook '/home/ljoy/Robomaster/PIONEER/new_rv/install/rm_tools/share/rm_tools/hook/ld_library_path_lib.sh'
[0.383s] Level 1:colcon.colcon_core.environment:checking '/home/ljoy/Robomaster/PIONEER/new_rv/install/rm_tools/bin'
[0.383s] Level 1:colcon.colcon_core.environment:checking '/home/ljoy/Robomaster/PIONEER/new_rv/install/rm_tools/lib/pkgconfig/rm_tools.pc'
[0.383s] Level 1:colcon.colcon_core.environment:checking '/home/ljoy/Robomaster/PIONEER/new_rv/install/rm_tools/lib/python3.10/site-packages'
[0.383s] Level 1:colcon.colcon_core.environment:checking '/home/ljoy/Robomaster/PIONEER/new_rv/install/rm_tools/bin'
[0.383s] INFO:colcon.colcon_core.shell:Creating package script '/home/ljoy/Robomaster/PIONEER/new_rv/install/rm_tools/share/rm_tools/package.ps1'
[0.384s] INFO:colcon.colcon_core.shell:Creating package descriptor '/home/ljoy/Robomaster/PIONEER/new_rv/install/rm_tools/share/rm_tools/package.dsv'
[0.384s] INFO:colcon.colcon_core.shell:Creating package script '/home/ljoy/Robomaster/PIONEER/new_rv/install/rm_tools/share/rm_tools/package.sh'
[0.384s] INFO:colcon.colcon_core.shell:Creating package script '/home/ljoy/Robomaster/PIONEER/new_rv/install/rm_tools/share/rm_tools/package.bash'
[0.384s] INFO:colcon.colcon_core.shell:Creating package script '/home/ljoy/Robomaster/PIONEER/new_rv/install/rm_tools/share/rm_tools/package.zsh'
[0.385s] Level 1:colcon.colcon_core.environment:create_file_with_runtime_dependencies(/home/ljoy/Robomaster/PIONEER/new_rv/install/rm_tools/share/colcon-core/packages/rm_tools)
[0.481s] DEBUG:colcon.colcon_core.event_handler.log_command:Invoked command in '/home/ljoy/Robomaster/PIONEER/new_rv/build/auto_aim_interfaces' returned '0': CMAKE_PREFIX_PATH=${CMAKE_PREFIX_PATH}:/opt/ros/humble /usr/bin/cmake --build /home/ljoy/Robomaster/PIONEER/new_rv/build/auto_aim_interfaces -- -j32 -l32
[0.672s] DEBUG:colcon.colcon_core.event_handler.log_command:Invoking command in '/home/ljoy/Robomaster/PIONEER/new_rv/build/auto_aim_interfaces': CMAKE_PREFIX_PATH=${CMAKE_PREFIX_PATH}:/opt/ros/humble /usr/bin/cmake --install /home/ljoy/Robomaster/PIONEER/new_rv/build/auto_aim_interfaces
[0.702s] Level 1:colcon.colcon_core.environment:create_environment_scripts_only(auto_aim_interfaces)
[0.702s] DEBUG:colcon.colcon_core.event_handler.log_command:Invoked command in '/home/ljoy/Robomaster/PIONEER/new_rv/build/auto_aim_interfaces' returned '0': CMAKE_PREFIX_PATH=${CMAKE_PREFIX_PATH}:/opt/ros/humble /usr/bin/cmake --install /home/ljoy/Robomaster/PIONEER/new_rv/build/auto_aim_interfaces
[0.702s] Level 1:colcon.colcon_core.environment:checking '/home/ljoy/Robomaster/PIONEER/new_rv/install/auto_aim_interfaces' for CMake module files
[0.703s] Level 1:colcon.colcon_core.environment:checking '/home/ljoy/Robomaster/PIONEER/new_rv/install/auto_aim_interfaces' for CMake config files
[0.703s] Level 1:colcon.colcon_core.shell:create_environment_hook('auto_aim_interfaces', 'cmake_prefix_path')
[0.703s] INFO:colcon.colcon_core.shell:Creating environment hook '/home/ljoy/Robomaster/PIONEER/new_rv/install/auto_aim_interfaces/share/auto_aim_interfaces/hook/cmake_prefix_path.ps1'
[0.704s] INFO:colcon.colcon_core.shell:Creating environment descriptor '/home/ljoy/Robomaster/PIONEER/new_rv/install/auto_aim_interfaces/share/auto_aim_interfaces/hook/cmake_prefix_path.dsv'
[0.704s] INFO:colcon.colcon_core.shell:Creating environment hook '/home/ljoy/Robomaster/PIONEER/new_rv/install/auto_aim_interfaces/share/auto_aim_interfaces/hook/cmake_prefix_path.sh'
[0.704s] Level 1:colcon.colcon_core.environment:checking '/home/ljoy/Robomaster/PIONEER/new_rv/install/auto_aim_interfaces/lib'
[0.704s] Level 1:colcon.colcon_core.shell:create_environment_hook('auto_aim_interfaces', 'ld_library_path_lib')
[0.704s] INFO:colcon.colcon_core.shell:Creating environment hook '/home/ljoy/Robomaster/PIONEER/new_rv/install/auto_aim_interfaces/share/auto_aim_interfaces/hook/ld_library_path_lib.ps1'
[0.704s] INFO:colcon.colcon_core.shell:Creating environment descriptor '/home/ljoy/Robomaster/PIONEER/new_rv/install/auto_aim_interfaces/share/auto_aim_interfaces/hook/ld_library_path_lib.dsv'
[0.704s] INFO:colcon.colcon_core.shell:Creating environment hook '/home/ljoy/Robomaster/PIONEER/new_rv/install/auto_aim_interfaces/share/auto_aim_interfaces/hook/ld_library_path_lib.sh'
[0.705s] Level 1:colcon.colcon_core.environment:checking '/home/ljoy/Robomaster/PIONEER/new_rv/install/auto_aim_interfaces/bin'
[0.705s] Level 1:colcon.colcon_core.environment:checking '/home/ljoy/Robomaster/PIONEER/new_rv/install/auto_aim_interfaces/lib/pkgconfig/auto_aim_interfaces.pc'
[0.705s] Level 1:colcon.colcon_core.environment:checking '/home/ljoy/Robomaster/PIONEER/new_rv/install/auto_aim_interfaces/lib/python3.10/site-packages'
[0.705s] Level 1:colcon.colcon_core.environment:checking '/home/ljoy/Robomaster/PIONEER/new_rv/install/auto_aim_interfaces/bin'
[0.705s] INFO:colcon.colcon_core.shell:Creating package script '/home/ljoy/Robomaster/PIONEER/new_rv/install/auto_aim_interfaces/share/auto_aim_interfaces/package.ps1'
[0.705s] INFO:colcon.colcon_core.shell:Creating package descriptor '/home/ljoy/Robomaster/PIONEER/new_rv/install/auto_aim_interfaces/share/auto_aim_interfaces/package.dsv'
[0.705s] INFO:colcon.colcon_core.shell:Creating package script '/home/ljoy/Robomaster/PIONEER/new_rv/install/auto_aim_interfaces/share/auto_aim_interfaces/package.sh'
[0.706s] INFO:colcon.colcon_core.shell:Creating package script '/home/ljoy/Robomaster/PIONEER/new_rv/install/auto_aim_interfaces/share/auto_aim_interfaces/package.bash'
[0.706s] INFO:colcon.colcon_core.shell:Creating package script '/home/ljoy/Robomaster/PIONEER/new_rv/install/auto_aim_interfaces/share/auto_aim_interfaces/package.zsh'
[0.706s] Level 1:colcon.colcon_core.environment:create_file_with_runtime_dependencies(/home/ljoy/Robomaster/PIONEER/new_rv/install/auto_aim_interfaces/share/colcon-core/packages/auto_aim_interfaces)
[0.884s] Level 1:colcon.colcon_core.environment:create_environment_scripts_only(auto_aim_interfaces)
[0.884s] Level 1:colcon.colcon_core.environment:checking '/home/ljoy/Robomaster/PIONEER/new_rv/install/auto_aim_interfaces' for CMake module files
[0.885s] Level 1:colcon.colcon_core.environment:checking '/home/ljoy/Robomaster/PIONEER/new_rv/install/auto_aim_interfaces' for CMake config files
[0.885s] Level 1:colcon.colcon_core.shell:create_environment_hook('auto_aim_interfaces', 'cmake_prefix_path')
[0.885s] INFO:colcon.colcon_core.shell:Creating environment hook '/home/ljoy/Robomaster/PIONEER/new_rv/install/auto_aim_interfaces/share/auto_aim_interfaces/hook/cmake_prefix_path.ps1'
[0.885s] INFO:colcon.colcon_core.shell:Creating environment descriptor '/home/ljoy/Robomaster/PIONEER/new_rv/install/auto_aim_interfaces/share/auto_aim_interfaces/hook/cmake_prefix_path.dsv'
[0.886s] INFO:colcon.colcon_core.shell:Creating environment hook '/home/ljoy/Robomaster/PIONEER/new_rv/install/auto_aim_interfaces/share/auto_aim_interfaces/hook/cmake_prefix_path.sh'
[0.886s] Level 1:colcon.colcon_core.environment:checking '/home/ljoy/Robomaster/PIONEER/new_rv/install/auto_aim_interfaces/lib'
[0.886s] Level 1:colcon.colcon_core.shell:create_environment_hook('auto_aim_interfaces', 'ld_library_path_lib')
[0.886s] INFO:colcon.colcon_core.shell:Creating environment hook '/home/ljoy/Robomaster/PIONEER/new_rv/install/auto_aim_interfaces/share/auto_aim_interfaces/hook/ld_library_path_lib.ps1'
[0.886s] INFO:colcon.colcon_core.shell:Creating environment descriptor '/home/ljoy/Robomaster/PIONEER/new_rv/install/auto_aim_interfaces/share/auto_aim_interfaces/hook/ld_library_path_lib.dsv'
[0.886s] INFO:colcon.colcon_core.shell:Creating environment hook '/home/ljoy/Robomaster/PIONEER/new_rv/install/auto_aim_interfaces/share/auto_aim_interfaces/hook/ld_library_path_lib.sh'
[0.886s] Level 1:colcon.colcon_core.environment:checking '/home/ljoy/Robomaster/PIONEER/new_rv/install/auto_aim_interfaces/bin'
[0.887s] Level 1:colcon.colcon_core.environment:checking '/home/ljoy/Robomaster/PIONEER/new_rv/install/auto_aim_interfaces/lib/pkgconfig/auto_aim_interfaces.pc'
[0.887s] Level 1:colcon.colcon_core.environment:checking '/home/ljoy/Robomaster/PIONEER/new_rv/install/auto_aim_interfaces/lib/python3.10/site-packages'
[0.887s] Level 1:colcon.colcon_core.environment:checking '/home/ljoy/Robomaster/PIONEER/new_rv/install/auto_aim_interfaces/bin'
[0.887s] INFO:colcon.colcon_core.shell:Creating package script '/home/ljoy/Robomaster/PIONEER/new_rv/install/auto_aim_interfaces/share/auto_aim_interfaces/package.ps1'
[0.887s] INFO:colcon.colcon_core.shell:Creating package descriptor '/home/ljoy/Robomaster/PIONEER/new_rv/install/auto_aim_interfaces/share/auto_aim_interfaces/package.dsv'
[0.887s] INFO:colcon.colcon_core.shell:Creating package script '/home/ljoy/Robomaster/PIONEER/new_rv/install/auto_aim_interfaces/share/auto_aim_interfaces/package.sh'
[0.888s] INFO:colcon.colcon_core.shell:Creating package script '/home/ljoy/Robomaster/PIONEER/new_rv/install/auto_aim_interfaces/share/auto_aim_interfaces/package.bash'
[0.888s] INFO:colcon.colcon_core.shell:Creating package script '/home/ljoy/Robomaster/PIONEER/new_rv/install/auto_aim_interfaces/share/auto_aim_interfaces/package.zsh'
[0.888s] Level 1:colcon.colcon_core.environment:create_file_with_runtime_dependencies(/home/ljoy/Robomaster/PIONEER/new_rv/install/auto_aim_interfaces/share/colcon-core/packages/auto_aim_interfaces)
[0.888s] INFO:colcon.colcon_ros.task.ament_cmake.build:Building ROS package in '/home/ljoy/Robomaster/PIONEER/new_rv/rm_serial_driver' with build type 'ament_cmake'
[0.888s] INFO:colcon.colcon_cmake.task.cmake.build:Building CMake package in '/home/ljoy/Robomaster/PIONEER/new_rv/rm_serial_driver'
[0.888s] INFO:colcon.colcon_core.shell:Skip shell extension 'powershell' for command environment: Not usable outside of PowerShell
[0.888s] DEBUG:colcon.colcon_core.shell:Skip shell extension 'dsv' for command environment
[0.890s] INFO:colcon.colcon_ros.task.ament_cmake.build:Building ROS package in '/home/ljoy/Robomaster/PIONEER/new_rv/rm_auto_aim/armor_detector' with build type 'ament_cmake'
[0.890s] INFO:colcon.colcon_cmake.task.cmake.build:Building CMake package in '/home/ljoy/Robomaster/PIONEER/new_rv/rm_auto_aim/armor_detector'
[0.891s] INFO:colcon.colcon_core.shell:Skip shell extension 'powershell' for command environment: Not usable outside of PowerShell
[0.891s] DEBUG:colcon.colcon_core.shell:Skip shell extension 'dsv' for command environment
[0.892s] INFO:colcon.colcon_ros.task.ament_cmake.build:Building ROS package in '/home/ljoy/Robomaster/PIONEER/new_rv/rm_auto_aim/armor_tracker' with build type 'ament_cmake'
[0.893s] INFO:colcon.colcon_cmake.task.cmake.build:Building CMake package in '/home/ljoy/Robomaster/PIONEER/new_rv/rm_auto_aim/armor_tracker'
[0.893s] INFO:colcon.colcon_core.shell:Skip shell extension 'powershell' for command environment: Not usable outside of PowerShell
[0.893s] DEBUG:colcon.colcon_core.shell:Skip shell extension 'dsv' for command environment
[0.895s] INFO:colcon.colcon_ros.task.ament_cmake.build:Building ROS package in '/home/ljoy/Robomaster/PIONEER/new_rv/rm_planner' with build type 'ament_cmake'
[0.895s] INFO:colcon.colcon_cmake.task.cmake.build:Building CMake package in '/home/ljoy/Robomaster/PIONEER/new_rv/rm_planner'
[0.895s] INFO:colcon.colcon_core.shell:Skip shell extension 'powershell' for command environment: Not usable outside of PowerShell
[0.895s] DEBUG:colcon.colcon_core.shell:Skip shell extension 'dsv' for command environment
[0.899s] DEBUG:colcon.colcon_core.event_handler.log_command:Invoking command in '/home/ljoy/Robomaster/PIONEER/new_rv/build/rm_serial_driver': CMAKE_PREFIX_PATH=/home/ljoy/Robomaster/PIONEER/new_rv/install/auto_aim_interfaces:/home/ljoy/Robomaster/PIONEER/new_rv/install/rm_vision_bringup:/home/ljoy/Robomaster/PIONEER/new_rv/install/rm_planner:/home/ljoy/Robomaster/PIONEER/new_rv/install/armor_tracker:/home/ljoy/Robomaster/PIONEER/new_rv/install/armor_detector:/home/ljoy/Robomaster/PIONEER/new_rv/install/rm_tools:/home/ljoy/Robomaster/PIONEER/new_rv/install/rm_serial_driver:/home/ljoy/Robomaster/PIONEER/new_rv/install/rm_gimbal_description:/home/ljoy/Robomaster/PIONEER/new_rv/install/hik_camera:/opt/ros/humble LD_LIBRARY_PATH=/home/ljoy/Robomaster/PIONEER/new_rv/install/auto_aim_interfaces/lib:/home/ljoy/Robomaster/PIONEER/new_rv/install/rm_planner/lib:/home/ljoy/Robomaster/PIONEER/new_rv/install/armor_tracker/lib:/home/ljoy/Robomaster/PIONEER/new_rv/install/armor_detector/lib:/home/ljoy/Robomaster/PIONEER/new_rv/install/rm_tools/lib:/home/ljoy/Robomaster/PIONEER/new_rv/install/rm_serial_driver/lib:/home/ljoy/Robomaster/PIONEER/new_rv/install/hik_camera/lib:/opt/ros/humble/opt/rviz_ogre_vendor/lib:/opt/ros/humble/lib/x86_64-linux-gnu:/opt/ros/humble/lib:/opt/MVS/lib/64:/opt/MVS/lib/32:/opt/MVS/lib/64:/opt/MVS/lib/64 /usr/bin/cmake --build /home/ljoy/Robomaster/PIONEER/new_rv/build/rm_serial_driver -- -j32 -l32
[0.901s] DEBUG:colcon.colcon_core.event_handler.log_command:Invoking command in '/home/ljoy/Robomaster/PIONEER/new_rv/build/armor_detector': CMAKE_PREFIX_PATH=/home/ljoy/Robomaster/PIONEER/new_rv/install/rm_tools:/home/ljoy/Robomaster/PIONEER/new_rv/install/auto_aim_interfaces:/home/ljoy/Robomaster/PIONEER/new_rv/install/rm_vision_bringup:/home/ljoy/Robomaster/PIONEER/new_rv/install/rm_planner:/home/ljoy/Robomaster/PIONEER/new_rv/install/armor_tracker:/home/ljoy/Robomaster/PIONEER/new_rv/install/armor_detector:/home/ljoy/Robomaster/PIONEER/new_rv/install/rm_serial_driver:/home/ljoy/Robomaster/PIONEER/new_rv/install/rm_gimbal_description:/home/ljoy/Robomaster/PIONEER/new_rv/install/hik_camera:/opt/ros/humble LD_LIBRARY_PATH=/home/ljoy/Robomaster/PIONEER/new_rv/install/rm_tools/lib:/home/ljoy/Robomaster/PIONEER/new_rv/install/auto_aim_interfaces/lib:/home/ljoy/Robomaster/PIONEER/new_rv/install/rm_planner/lib:/home/ljoy/Robomaster/PIONEER/new_rv/install/armor_tracker/lib:/home/ljoy/Robomaster/PIONEER/new_rv/install/armor_detector/lib:/home/ljoy/Robomaster/PIONEER/new_rv/install/rm_serial_driver/lib:/home/ljoy/Robomaster/PIONEER/new_rv/install/hik_camera/lib:/opt/ros/humble/opt/rviz_ogre_vendor/lib:/opt/ros/humble/lib/x86_64-linux-gnu:/opt/ros/humble/lib:/opt/MVS/lib/64:/opt/MVS/lib/32:/opt/MVS/lib/64:/opt/MVS/lib/64 /usr/bin/cmake --build /home/ljoy/Robomaster/PIONEER/new_rv/build/armor_detector -- -j32 -l32
[0.903s] DEBUG:colcon.colcon_core.event_handler.log_command:Invoking command in '/home/ljoy/Robomaster/PIONEER/new_rv/build/armor_tracker': CMAKE_PREFIX_PATH=/home/ljoy/Robomaster/PIONEER/new_rv/install/rm_tools:/home/ljoy/Robomaster/PIONEER/new_rv/install/auto_aim_interfaces:/home/ljoy/Robomaster/PIONEER/new_rv/install/rm_vision_bringup:/home/ljoy/Robomaster/PIONEER/new_rv/install/rm_planner:/home/ljoy/Robomaster/PIONEER/new_rv/install/armor_tracker:/home/ljoy/Robomaster/PIONEER/new_rv/install/armor_detector:/home/ljoy/Robomaster/PIONEER/new_rv/install/rm_serial_driver:/home/ljoy/Robomaster/PIONEER/new_rv/install/rm_gimbal_description:/home/ljoy/Robomaster/PIONEER/new_rv/install/hik_camera:/opt/ros/humble LD_LIBRARY_PATH=/home/ljoy/Robomaster/PIONEER/new_rv/install/rm_tools/lib:/home/ljoy/Robomaster/PIONEER/new_rv/install/auto_aim_interfaces/lib:/home/ljoy/Robomaster/PIONEER/new_rv/install/rm_planner/lib:/home/ljoy/Robomaster/PIONEER/new_rv/install/armor_tracker/lib:/home/ljoy/Robomaster/PIONEER/new_rv/install/armor_detector/lib:/home/ljoy/Robomaster/PIONEER/new_rv/install/rm_serial_driver/lib:/home/ljoy/Robomaster/PIONEER/new_rv/install/hik_camera/lib:/opt/ros/humble/opt/rviz_ogre_vendor/lib:/opt/ros/humble/lib/x86_64-linux-gnu:/opt/ros/humble/lib:/opt/MVS/lib/64:/opt/MVS/lib/32:/opt/MVS/lib/64:/opt/MVS/lib/64 /usr/bin/cmake --build /home/ljoy/Robomaster/PIONEER/new_rv/build/armor_tracker -- -j32 -l32
[0.904s] DEBUG:colcon.colcon_core.event_handler.log_command:Invoking command in '/home/ljoy/Robomaster/PIONEER/new_rv/build/rm_planner': CMAKE_PREFIX_PATH=/home/ljoy/Robomaster/PIONEER/new_rv/install/rm_tools:/home/ljoy/Robomaster/PIONEER/new_rv/install/auto_aim_interfaces:/home/ljoy/Robomaster/PIONEER/new_rv/install/rm_vision_bringup:/home/ljoy/Robomaster/PIONEER/new_rv/install/rm_planner:/home/ljoy/Robomaster/PIONEER/new_rv/install/armor_tracker:/home/ljoy/Robomaster/PIONEER/new_rv/install/armor_detector:/home/ljoy/Robomaster/PIONEER/new_rv/install/rm_serial_driver:/home/ljoy/Robomaster/PIONEER/new_rv/install/rm_gimbal_description:/home/ljoy/Robomaster/PIONEER/new_rv/install/hik_camera:/opt/ros/humble LD_LIBRARY_PATH=/home/ljoy/Robomaster/PIONEER/new_rv/install/rm_tools/lib:/home/ljoy/Robomaster/PIONEER/new_rv/install/auto_aim_interfaces/lib:/home/ljoy/Robomaster/PIONEER/new_rv/install/rm_planner/lib:/home/ljoy/Robomaster/PIONEER/new_rv/install/armor_tracker/lib:/home/ljoy/Robomaster/PIONEER/new_rv/install/armor_detector/lib:/home/ljoy/Robomaster/PIONEER/new_rv/install/rm_serial_driver/lib:/home/ljoy/Robomaster/PIONEER/new_rv/install/hik_camera/lib:/opt/ros/humble/opt/rviz_ogre_vendor/lib:/opt/ros/humble/lib/x86_64-linux-gnu:/opt/ros/humble/lib:/opt/MVS/lib/64:/opt/MVS/lib/32:/opt/MVS/lib/64:/opt/MVS/lib/64 /usr/bin/cmake --build /home/ljoy/Robomaster/PIONEER/new_rv/build/rm_planner -- -j32 -l32
[0.928s] DEBUG:colcon.colcon_core.event_handler.log_command:Invoked command in '/home/ljoy/Robomaster/PIONEER/new_rv/build/armor_tracker' returned '0': CMAKE_PREFIX_PATH=/home/ljoy/Robomaster/PIONEER/new_rv/install/rm_tools:/home/ljoy/Robomaster/PIONEER/new_rv/install/auto_aim_interfaces:/home/ljoy/Robomaster/PIONEER/new_rv/install/rm_vision_bringup:/home/ljoy/Robomaster/PIONEER/new_rv/install/rm_planner:/home/ljoy/Robomaster/PIONEER/new_rv/install/armor_tracker:/home/ljoy/Robomaster/PIONEER/new_rv/install/armor_detector:/home/ljoy/Robomaster/PIONEER/new_rv/install/rm_serial_driver:/home/ljoy/Robomaster/PIONEER/new_rv/install/rm_gimbal_description:/home/ljoy/Robomaster/PIONEER/new_rv/install/hik_camera:/opt/ros/humble LD_LIBRARY_PATH=/home/ljoy/Robomaster/PIONEER/new_rv/install/rm_tools/lib:/home/ljoy/Robomaster/PIONEER/new_rv/install/auto_aim_interfaces/lib:/home/ljoy/Robomaster/PIONEER/new_rv/install/rm_planner/lib:/home/ljoy/Robomaster/PIONEER/new_rv/install/armor_tracker/lib:/home/ljoy/Robomaster/PIONEER/new_rv/install/armor_detector/lib:/home/ljoy/Robomaster/PIONEER/new_rv/install/rm_serial_driver/lib:/home/ljoy/Robomaster/PIONEER/new_rv/install/hik_camera/lib:/opt/ros/humble/opt/rviz_ogre_vendor/lib:/opt/ros/humble/lib/x86_64-linux-gnu:/opt/ros/humble/lib:/opt/MVS/lib/64:/opt/MVS/lib/32:/opt/MVS/lib/64:/opt/MVS/lib/64 /usr/bin/cmake --build /home/ljoy/Robomaster/PIONEER/new_rv/build/armor_tracker -- -j32 -l32
[0.929s] DEBUG:colcon.colcon_core.event_handler.log_command:Invoked command in '/home/ljoy/Robomaster/PIONEER/new_rv/build/armor_detector' returned '0': CMAKE_PREFIX_PATH=/home/ljoy/Robomaster/PIONEER/new_rv/install/rm_tools:/home/ljoy/Robomaster/PIONEER/new_rv/install/auto_aim_interfaces:/home/ljoy/Robomaster/PIONEER/new_rv/install/rm_vision_bringup:/home/ljoy/Robomaster/PIONEER/new_rv/install/rm_planner:/home/ljoy/Robomaster/PIONEER/new_rv/install/armor_tracker:/home/ljoy/Robomaster/PIONEER/new_rv/install/armor_detector:/home/ljoy/Robomaster/PIONEER/new_rv/install/rm_serial_driver:/home/ljoy/Robomaster/PIONEER/new_rv/install/rm_gimbal_description:/home/ljoy/Robomaster/PIONEER/new_rv/install/hik_camera:/opt/ros/humble LD_LIBRARY_PATH=/home/ljoy/Robomaster/PIONEER/new_rv/install/rm_tools/lib:/home/ljoy/Robomaster/PIONEER/new_rv/install/auto_aim_interfaces/lib:/home/ljoy/Robomaster/PIONEER/new_rv/install/rm_planner/lib:/home/ljoy/Robomaster/PIONEER/new_rv/install/armor_tracker/lib:/home/ljoy/Robomaster/PIONEER/new_rv/install/armor_detector/lib:/home/ljoy/Robomaster/PIONEER/new_rv/install/rm_serial_driver/lib:/home/ljoy/Robomaster/PIONEER/new_rv/install/hik_camera/lib:/opt/ros/humble/opt/rviz_ogre_vendor/lib:/opt/ros/humble/lib/x86_64-linux-gnu:/opt/ros/humble/lib:/opt/MVS/lib/64:/opt/MVS/lib/32:/opt/MVS/lib/64:/opt/MVS/lib/64 /usr/bin/cmake --build /home/ljoy/Robomaster/PIONEER/new_rv/build/armor_detector -- -j32 -l32
[0.931s] DEBUG:colcon.colcon_core.event_handler.log_command:Invoked command in '/home/ljoy/Robomaster/PIONEER/new_rv/build/rm_planner' returned '0': CMAKE_PREFIX_PATH=/home/ljoy/Robomaster/PIONEER/new_rv/install/rm_tools:/home/ljoy/Robomaster/PIONEER/new_rv/install/auto_aim_interfaces:/home/ljoy/Robomaster/PIONEER/new_rv/install/rm_vision_bringup:/home/ljoy/Robomaster/PIONEER/new_rv/install/rm_planner:/home/ljoy/Robomaster/PIONEER/new_rv/install/armor_tracker:/home/ljoy/Robomaster/PIONEER/new_rv/install/armor_detector:/home/ljoy/Robomaster/PIONEER/new_rv/install/rm_serial_driver:/home/ljoy/Robomaster/PIONEER/new_rv/install/rm_gimbal_description:/home/ljoy/Robomaster/PIONEER/new_rv/install/hik_camera:/opt/ros/humble LD_LIBRARY_PATH=/home/ljoy/Robomaster/PIONEER/new_rv/install/rm_tools/lib:/home/ljoy/Robomaster/PIONEER/new_rv/install/auto_aim_interfaces/lib:/home/ljoy/Robomaster/PIONEER/new_rv/install/rm_planner/lib:/home/ljoy/Robomaster/PIONEER/new_rv/install/armor_tracker/lib:/home/ljoy/Robomaster/PIONEER/new_rv/install/armor_detector/lib:/home/ljoy/Robomaster/PIONEER/new_rv/install/rm_serial_driver/lib:/home/ljoy/Robomaster/PIONEER/new_rv/install/hik_camera/lib:/opt/ros/humble/opt/rviz_ogre_vendor/lib:/opt/ros/humble/lib/x86_64-linux-gnu:/opt/ros/humble/lib:/opt/MVS/lib/64:/opt/MVS/lib/32:/opt/MVS/lib/64:/opt/MVS/lib/64 /usr/bin/cmake --build /home/ljoy/Robomaster/PIONEER/new_rv/build/rm_planner -- -j32 -l32
[0.932s] DEBUG:colcon.colcon_core.event_handler.log_command:Invoked command in '/home/ljoy/Robomaster/PIONEER/new_rv/build/rm_serial_driver' returned '0': CMAKE_PREFIX_PATH=/home/ljoy/Robomaster/PIONEER/new_rv/install/auto_aim_interfaces:/home/ljoy/Robomaster/PIONEER/new_rv/install/rm_vision_bringup:/home/ljoy/Robomaster/PIONEER/new_rv/install/rm_planner:/home/ljoy/Robomaster/PIONEER/new_rv/install/armor_tracker:/home/ljoy/Robomaster/PIONEER/new_rv/install/armor_detector:/home/ljoy/Robomaster/PIONEER/new_rv/install/rm_tools:/home/ljoy/Robomaster/PIONEER/new_rv/install/rm_serial_driver:/home/ljoy/Robomaster/PIONEER/new_rv/install/rm_gimbal_description:/home/ljoy/Robomaster/PIONEER/new_rv/install/hik_camera:/opt/ros/humble LD_LIBRARY_PATH=/home/ljoy/Robomaster/PIONEER/new_rv/install/auto_aim_interfaces/lib:/home/ljoy/Robomaster/PIONEER/new_rv/install/rm_planner/lib:/home/ljoy/Robomaster/PIONEER/new_rv/install/armor_tracker/lib:/home/ljoy/Robomaster/PIONEER/new_rv/install/armor_detector/lib:/home/ljoy/Robomaster/PIONEER/new_rv/install/rm_tools/lib:/home/ljoy/Robomaster/PIONEER/new_rv/install/rm_serial_driver/lib:/home/ljoy/Robomaster/PIONEER/new_rv/install/hik_camera/lib:/opt/ros/humble/opt/rviz_ogre_vendor/lib:/opt/ros/humble/lib/x86_64-linux-gnu:/opt/ros/humble/lib:/opt/MVS/lib/64:/opt/MVS/lib/32:/opt/MVS/lib/64:/opt/MVS/lib/64 /usr/bin/cmake --build /home/ljoy/Robomaster/PIONEER/new_rv/build/rm_serial_driver -- -j32 -l32
[0.949s] DEBUG:colcon.colcon_core.event_handler.log_command:Invoking command in '/home/ljoy/Robomaster/PIONEER/new_rv/build/armor_tracker': CMAKE_PREFIX_PATH=/home/ljoy/Robomaster/PIONEER/new_rv/install/rm_tools:/home/ljoy/Robomaster/PIONEER/new_rv/install/auto_aim_interfaces:/home/ljoy/Robomaster/PIONEER/new_rv/install/rm_vision_bringup:/home/ljoy/Robomaster/PIONEER/new_rv/install/rm_planner:/home/ljoy/Robomaster/PIONEER/new_rv/install/armor_tracker:/home/ljoy/Robomaster/PIONEER/new_rv/install/armor_detector:/home/ljoy/Robomaster/PIONEER/new_rv/install/rm_serial_driver:/home/ljoy/Robomaster/PIONEER/new_rv/install/rm_gimbal_description:/home/ljoy/Robomaster/PIONEER/new_rv/install/hik_camera:/opt/ros/humble LD_LIBRARY_PATH=/home/ljoy/Robomaster/PIONEER/new_rv/install/rm_tools/lib:/home/ljoy/Robomaster/PIONEER/new_rv/install/auto_aim_interfaces/lib:/home/ljoy/Robomaster/PIONEER/new_rv/install/rm_planner/lib:/home/ljoy/Robomaster/PIONEER/new_rv/install/armor_tracker/lib:/home/ljoy/Robomaster/PIONEER/new_rv/install/armor_detector/lib:/home/ljoy/Robomaster/PIONEER/new_rv/install/rm_serial_driver/lib:/home/ljoy/Robomaster/PIONEER/new_rv/install/hik_camera/lib:/opt/ros/humble/opt/rviz_ogre_vendor/lib:/opt/ros/humble/lib/x86_64-linux-gnu:/opt/ros/humble/lib:/opt/MVS/lib/64:/opt/MVS/lib/32:/opt/MVS/lib/64:/opt/MVS/lib/64 /usr/bin/cmake --install /home/ljoy/Robomaster/PIONEER/new_rv/build/armor_tracker
[0.952s] Level 1:colcon.colcon_core.environment:create_environment_scripts_only(armor_tracker)
[0.953s] Level 1:colcon.colcon_core.environment:checking '/home/ljoy/Robomaster/PIONEER/new_rv/install/armor_tracker' for CMake module files
[0.953s] DEBUG:colcon.colcon_core.event_handler.log_command:Invoked command in '/home/ljoy/Robomaster/PIONEER/new_rv/build/armor_tracker' returned '0': CMAKE_PREFIX_PATH=/home/ljoy/Robomaster/PIONEER/new_rv/install/rm_tools:/home/ljoy/Robomaster/PIONEER/new_rv/install/auto_aim_interfaces:/home/ljoy/Robomaster/PIONEER/new_rv/install/rm_vision_bringup:/home/ljoy/Robomaster/PIONEER/new_rv/install/rm_planner:/home/ljoy/Robomaster/PIONEER/new_rv/install/armor_tracker:/home/ljoy/Robomaster/PIONEER/new_rv/install/armor_detector:/home/ljoy/Robomaster/PIONEER/new_rv/install/rm_serial_driver:/home/ljoy/Robomaster/PIONEER/new_rv/install/rm_gimbal_description:/home/ljoy/Robomaster/PIONEER/new_rv/install/hik_camera:/opt/ros/humble LD_LIBRARY_PATH=/home/ljoy/Robomaster/PIONEER/new_rv/install/rm_tools/lib:/home/ljoy/Robomaster/PIONEER/new_rv/install/auto_aim_interfaces/lib:/home/ljoy/Robomaster/PIONEER/new_rv/install/rm_planner/lib:/home/ljoy/Robomaster/PIONEER/new_rv/install/armor_tracker/lib:/home/ljoy/Robomaster/PIONEER/new_rv/install/armor_detector/lib:/home/ljoy/Robomaster/PIONEER/new_rv/install/rm_serial_driver/lib:/home/ljoy/Robomaster/PIONEER/new_rv/install/hik_camera/lib:/opt/ros/humble/opt/rviz_ogre_vendor/lib:/opt/ros/humble/lib/x86_64-linux-gnu:/opt/ros/humble/lib:/opt/MVS/lib/64:/opt/MVS/lib/32:/opt/MVS/lib/64:/opt/MVS/lib/64 /usr/bin/cmake --install /home/ljoy/Robomaster/PIONEER/new_rv/build/armor_tracker
[0.953s] Level 1:colcon.colcon_core.environment:checking '/home/ljoy/Robomaster/PIONEER/new_rv/install/armor_tracker' for CMake config files
[0.953s] Level 1:colcon.colcon_core.shell:create_environment_hook('armor_tracker', 'cmake_prefix_path')
[0.953s] INFO:colcon.colcon_core.shell:Creating environment hook '/home/ljoy/Robomaster/PIONEER/new_rv/install/armor_tracker/share/armor_tracker/hook/cmake_prefix_path.ps1'
[0.954s] INFO:colcon.colcon_core.shell:Creating environment descriptor '/home/ljoy/Robomaster/PIONEER/new_rv/install/armor_tracker/share/armor_tracker/hook/cmake_prefix_path.dsv'
[0.954s] INFO:colcon.colcon_core.shell:Creating environment hook '/home/ljoy/Robomaster/PIONEER/new_rv/install/armor_tracker/share/armor_tracker/hook/cmake_prefix_path.sh'
[0.954s] Level 1:colcon.colcon_core.environment:checking '/home/ljoy/Robomaster/PIONEER/new_rv/install/armor_tracker/lib'
[0.954s] Level 1:colcon.colcon_core.shell:create_environment_hook('armor_tracker', 'ld_library_path_lib')
[0.954s] INFO:colcon.colcon_core.shell:Creating environment hook '/home/ljoy/Robomaster/PIONEER/new_rv/install/armor_tracker/share/armor_tracker/hook/ld_library_path_lib.ps1'
[0.954s] INFO:colcon.colcon_core.shell:Creating environment descriptor '/home/ljoy/Robomaster/PIONEER/new_rv/install/armor_tracker/share/armor_tracker/hook/ld_library_path_lib.dsv'
[0.955s] INFO:colcon.colcon_core.shell:Creating environment hook '/home/ljoy/Robomaster/PIONEER/new_rv/install/armor_tracker/share/armor_tracker/hook/ld_library_path_lib.sh'
[0.955s] Level 1:colcon.colcon_core.environment:checking '/home/ljoy/Robomaster/PIONEER/new_rv/install/armor_tracker/bin'
[0.955s] Level 1:colcon.colcon_core.environment:checking '/home/ljoy/Robomaster/PIONEER/new_rv/install/armor_tracker/lib/pkgconfig/armor_tracker.pc'
[0.955s] Level 1:colcon.colcon_core.environment:checking '/home/ljoy/Robomaster/PIONEER/new_rv/install/armor_tracker/lib/python3.10/site-packages'
[0.955s] Level 1:colcon.colcon_core.environment:checking '/home/ljoy/Robomaster/PIONEER/new_rv/install/armor_tracker/bin'
[0.955s] INFO:colcon.colcon_core.shell:Creating package script '/home/ljoy/Robomaster/PIONEER/new_rv/install/armor_tracker/share/armor_tracker/package.ps1'
[0.955s] INFO:colcon.colcon_core.shell:Creating package descriptor '/home/ljoy/Robomaster/PIONEER/new_rv/install/armor_tracker/share/armor_tracker/package.dsv'
[0.956s] INFO:colcon.colcon_core.shell:Creating package script '/home/ljoy/Robomaster/PIONEER/new_rv/install/armor_tracker/share/armor_tracker/package.sh'
[0.956s] INFO:colcon.colcon_core.shell:Creating package script '/home/ljoy/Robomaster/PIONEER/new_rv/install/armor_tracker/share/armor_tracker/package.bash'
[0.956s] INFO:colcon.colcon_core.shell:Creating package script '/home/ljoy/Robomaster/PIONEER/new_rv/install/armor_tracker/share/armor_tracker/package.zsh'
[0.956s] Level 1:colcon.colcon_core.environment:create_file_with_runtime_dependencies(/home/ljoy/Robomaster/PIONEER/new_rv/install/armor_tracker/share/colcon-core/packages/armor_tracker)
[0.957s] DEBUG:colcon.colcon_core.event_handler.log_command:Invoking command in '/home/ljoy/Robomaster/PIONEER/new_rv/build/rm_planner': CMAKE_PREFIX_PATH=/home/ljoy/Robomaster/PIONEER/new_rv/install/rm_tools:/home/ljoy/Robomaster/PIONEER/new_rv/install/auto_aim_interfaces:/home/ljoy/Robomaster/PIONEER/new_rv/install/rm_vision_bringup:/home/ljoy/Robomaster/PIONEER/new_rv/install/rm_planner:/home/ljoy/Robomaster/PIONEER/new_rv/install/armor_tracker:/home/ljoy/Robomaster/PIONEER/new_rv/install/armor_detector:/home/ljoy/Robomaster/PIONEER/new_rv/install/rm_serial_driver:/home/ljoy/Robomaster/PIONEER/new_rv/install/rm_gimbal_description:/home/ljoy/Robomaster/PIONEER/new_rv/install/hik_camera:/opt/ros/humble LD_LIBRARY_PATH=/home/ljoy/Robomaster/PIONEER/new_rv/install/rm_tools/lib:/home/ljoy/Robomaster/PIONEER/new_rv/install/auto_aim_interfaces/lib:/home/ljoy/Robomaster/PIONEER/new_rv/install/rm_planner/lib:/home/ljoy/Robomaster/PIONEER/new_rv/install/armor_tracker/lib:/home/ljoy/Robomaster/PIONEER/new_rv/install/armor_detector/lib:/home/ljoy/Robomaster/PIONEER/new_rv/install/rm_serial_driver/lib:/home/ljoy/Robomaster/PIONEER/new_rv/install/hik_camera/lib:/opt/ros/humble/opt/rviz_ogre_vendor/lib:/opt/ros/humble/lib/x86_64-linux-gnu:/opt/ros/humble/lib:/opt/MVS/lib/64:/opt/MVS/lib/32:/opt/MVS/lib/64:/opt/MVS/lib/64 /usr/bin/cmake --install /home/ljoy/Robomaster/PIONEER/new_rv/build/rm_planner
[0.959s] DEBUG:colcon.colcon_core.event_handler.log_command:Invoking command in '/home/ljoy/Robomaster/PIONEER/new_rv/build/rm_serial_driver': CMAKE_PREFIX_PATH=/home/ljoy/Robomaster/PIONEER/new_rv/install/auto_aim_interfaces:/home/ljoy/Robomaster/PIONEER/new_rv/install/rm_vision_bringup:/home/ljoy/Robomaster/PIONEER/new_rv/install/rm_planner:/home/ljoy/Robomaster/PIONEER/new_rv/install/armor_tracker:/home/ljoy/Robomaster/PIONEER/new_rv/install/armor_detector:/home/ljoy/Robomaster/PIONEER/new_rv/install/rm_tools:/home/ljoy/Robomaster/PIONEER/new_rv/install/rm_serial_driver:/home/ljoy/Robomaster/PIONEER/new_rv/install/rm_gimbal_description:/home/ljoy/Robomaster/PIONEER/new_rv/install/hik_camera:/opt/ros/humble LD_LIBRARY_PATH=/home/ljoy/Robomaster/PIONEER/new_rv/install/auto_aim_interfaces/lib:/home/ljoy/Robomaster/PIONEER/new_rv/install/rm_planner/lib:/home/ljoy/Robomaster/PIONEER/new_rv/install/armor_tracker/lib:/home/ljoy/Robomaster/PIONEER/new_rv/install/armor_detector/lib:/home/ljoy/Robomaster/PIONEER/new_rv/install/rm_tools/lib:/home/ljoy/Robomaster/PIONEER/new_rv/install/rm_serial_driver/lib:/home/ljoy/Robomaster/PIONEER/new_rv/install/hik_camera/lib:/opt/ros/humble/opt/rviz_ogre_vendor/lib:/opt/ros/humble/lib/x86_64-linux-gnu:/opt/ros/humble/lib:/opt/MVS/lib/64:/opt/MVS/lib/32:/opt/MVS/lib/64:/opt/MVS/lib/64 /usr/bin/cmake --install /home/ljoy/Robomaster/PIONEER/new_rv/build/rm_serial_driver
[0.961s] Level 1:colcon.colcon_core.environment:create_environment_scripts_only(rm_planner)
[0.961s] Level 1:colcon.colcon_core.environment:checking '/home/ljoy/Robomaster/PIONEER/new_rv/install/rm_planner' for CMake module files
[0.962s] DEBUG:colcon.colcon_core.event_handler.log_command:Invoking command in '/home/ljoy/Robomaster/PIONEER/new_rv/build/armor_detector': CMAKE_PREFIX_PATH=/home/ljoy/Robomaster/PIONEER/new_rv/install/rm_tools:/home/ljoy/Robomaster/PIONEER/new_rv/install/auto_aim_interfaces:/home/ljoy/Robomaster/PIONEER/new_rv/install/rm_vision_bringup:/home/ljoy/Robomaster/PIONEER/new_rv/install/rm_planner:/home/ljoy/Robomaster/PIONEER/new_rv/install/armor_tracker:/home/ljoy/Robomaster/PIONEER/new_rv/install/armor_detector:/home/ljoy/Robomaster/PIONEER/new_rv/install/rm_serial_driver:/home/ljoy/Robomaster/PIONEER/new_rv/install/rm_gimbal_description:/home/ljoy/Robomaster/PIONEER/new_rv/install/hik_camera:/opt/ros/humble LD_LIBRARY_PATH=/home/ljoy/Robomaster/PIONEER/new_rv/install/rm_tools/lib:/home/ljoy/Robomaster/PIONEER/new_rv/install/auto_aim_interfaces/lib:/home/ljoy/Robomaster/PIONEER/new_rv/install/rm_planner/lib:/home/ljoy/Robomaster/PIONEER/new_rv/install/armor_tracker/lib:/home/ljoy/Robomaster/PIONEER/new_rv/install/armor_detector/lib:/home/ljoy/Robomaster/PIONEER/new_rv/install/rm_serial_driver/lib:/home/ljoy/Robomaster/PIONEER/new_rv/install/hik_camera/lib:/opt/ros/humble/opt/rviz_ogre_vendor/lib:/opt/ros/humble/lib/x86_64-linux-gnu:/opt/ros/humble/lib:/opt/MVS/lib/64:/opt/MVS/lib/32:/opt/MVS/lib/64:/opt/MVS/lib/64 /usr/bin/cmake --install /home/ljoy/Robomaster/PIONEER/new_rv/build/armor_detector
[0.963s] Level 1:colcon.colcon_core.environment:checking '/home/ljoy/Robomaster/PIONEER/new_rv/install/rm_planner' for CMake config files
[0.964s] DEBUG:colcon.colcon_core.event_handler.log_command:Invoked command in '/home/ljoy/Robomaster/PIONEER/new_rv/build/rm_planner' returned '0': CMAKE_PREFIX_PATH=/home/ljoy/Robomaster/PIONEER/new_rv/install/rm_tools:/home/ljoy/Robomaster/PIONEER/new_rv/install/auto_aim_interfaces:/home/ljoy/Robomaster/PIONEER/new_rv/install/rm_vision_bringup:/home/ljoy/Robomaster/PIONEER/new_rv/install/rm_planner:/home/ljoy/Robomaster/PIONEER/new_rv/install/armor_tracker:/home/ljoy/Robomaster/PIONEER/new_rv/install/armor_detector:/home/ljoy/Robomaster/PIONEER/new_rv/install/rm_serial_driver:/home/ljoy/Robomaster/PIONEER/new_rv/install/rm_gimbal_description:/home/ljoy/Robomaster/PIONEER/new_rv/install/hik_camera:/opt/ros/humble LD_LIBRARY_PATH=/home/ljoy/Robomaster/PIONEER/new_rv/install/rm_tools/lib:/home/ljoy/Robomaster/PIONEER/new_rv/install/auto_aim_interfaces/lib:/home/ljoy/Robomaster/PIONEER/new_rv/install/rm_planner/lib:/home/ljoy/Robomaster/PIONEER/new_rv/install/armor_tracker/lib:/home/ljoy/Robomaster/PIONEER/new_rv/install/armor_detector/lib:/home/ljoy/Robomaster/PIONEER/new_rv/install/rm_serial_driver/lib:/home/ljoy/Robomaster/PIONEER/new_rv/install/hik_camera/lib:/opt/ros/humble/opt/rviz_ogre_vendor/lib:/opt/ros/humble/lib/x86_64-linux-gnu:/opt/ros/humble/lib:/opt/MVS/lib/64:/opt/MVS/lib/32:/opt/MVS/lib/64:/opt/MVS/lib/64 /usr/bin/cmake --install /home/ljoy/Robomaster/PIONEER/new_rv/build/rm_planner
[0.964s] Level 1:colcon.colcon_core.shell:create_environment_hook('rm_planner', 'cmake_prefix_path')
[0.964s] INFO:colcon.colcon_core.shell:Creating environment hook '/home/ljoy/Robomaster/PIONEER/new_rv/install/rm_planner/share/rm_planner/hook/cmake_prefix_path.ps1'
[0.965s] INFO:colcon.colcon_core.shell:Creating environment descriptor '/home/ljoy/Robomaster/PIONEER/new_rv/install/rm_planner/share/rm_planner/hook/cmake_prefix_path.dsv'
[0.965s] INFO:colcon.colcon_core.shell:Creating environment hook '/home/ljoy/Robomaster/PIONEER/new_rv/install/rm_planner/share/rm_planner/hook/cmake_prefix_path.sh'
[0.966s] Level 1:colcon.colcon_core.environment:checking '/home/ljoy/Robomaster/PIONEER/new_rv/install/rm_planner/lib'
[0.966s] Level 1:colcon.colcon_core.shell:create_environment_hook('rm_planner', 'ld_library_path_lib')
[0.966s] INFO:colcon.colcon_core.shell:Creating environment hook '/home/ljoy/Robomaster/PIONEER/new_rv/install/rm_planner/share/rm_planner/hook/ld_library_path_lib.ps1'
[0.966s] INFO:colcon.colcon_core.shell:Creating environment descriptor '/home/ljoy/Robomaster/PIONEER/new_rv/install/rm_planner/share/rm_planner/hook/ld_library_path_lib.dsv'
[0.967s] INFO:colcon.colcon_core.shell:Creating environment hook '/home/ljoy/Robomaster/PIONEER/new_rv/install/rm_planner/share/rm_planner/hook/ld_library_path_lib.sh'
[0.967s] Level 1:colcon.colcon_core.environment:checking '/home/ljoy/Robomaster/PIONEER/new_rv/install/rm_planner/bin'
[0.967s] Level 1:colcon.colcon_core.environment:checking '/home/ljoy/Robomaster/PIONEER/new_rv/install/rm_planner/lib/pkgconfig/rm_planner.pc'
[0.967s] Level 1:colcon.colcon_core.environment:checking '/home/ljoy/Robomaster/PIONEER/new_rv/install/rm_planner/lib/python3.10/site-packages'
[0.967s] Level 1:colcon.colcon_core.environment:checking '/home/ljoy/Robomaster/PIONEER/new_rv/install/rm_planner/bin'
[0.967s] INFO:colcon.colcon_core.shell:Creating package script '/home/ljoy/Robomaster/PIONEER/new_rv/install/rm_planner/share/rm_planner/package.ps1'
[0.968s] INFO:colcon.colcon_core.shell:Creating package descriptor '/home/ljoy/Robomaster/PIONEER/new_rv/install/rm_planner/share/rm_planner/package.dsv'
[0.968s] INFO:colcon.colcon_core.shell:Creating package script '/home/ljoy/Robomaster/PIONEER/new_rv/install/rm_planner/share/rm_planner/package.sh'
[0.968s] INFO:colcon.colcon_core.shell:Creating package script '/home/ljoy/Robomaster/PIONEER/new_rv/install/rm_planner/share/rm_planner/package.bash'
[0.968s] INFO:colcon.colcon_core.shell:Creating package script '/home/ljoy/Robomaster/PIONEER/new_rv/install/rm_planner/share/rm_planner/package.zsh'
[0.969s] Level 1:colcon.colcon_core.environment:create_file_with_runtime_dependencies(/home/ljoy/Robomaster/PIONEER/new_rv/install/rm_planner/share/colcon-core/packages/rm_planner)
[0.969s] Level 1:colcon.colcon_core.environment:create_environment_scripts_only(rm_serial_driver)
[0.970s] Level 1:colcon.colcon_core.environment:checking '/home/ljoy/Robomaster/PIONEER/new_rv/install/rm_serial_driver' for CMake module files
[0.970s] DEBUG:colcon.colcon_core.event_handler.log_command:Invoked command in '/home/ljoy/Robomaster/PIONEER/new_rv/build/rm_serial_driver' returned '0': CMAKE_PREFIX_PATH=/home/ljoy/Robomaster/PIONEER/new_rv/install/auto_aim_interfaces:/home/ljoy/Robomaster/PIONEER/new_rv/install/rm_vision_bringup:/home/ljoy/Robomaster/PIONEER/new_rv/install/rm_planner:/home/ljoy/Robomaster/PIONEER/new_rv/install/armor_tracker:/home/ljoy/Robomaster/PIONEER/new_rv/install/armor_detector:/home/ljoy/Robomaster/PIONEER/new_rv/install/rm_tools:/home/ljoy/Robomaster/PIONEER/new_rv/install/rm_serial_driver:/home/ljoy/Robomaster/PIONEER/new_rv/install/rm_gimbal_description:/home/ljoy/Robomaster/PIONEER/new_rv/install/hik_camera:/opt/ros/humble LD_LIBRARY_PATH=/home/ljoy/Robomaster/PIONEER/new_rv/install/auto_aim_interfaces/lib:/home/ljoy/Robomaster/PIONEER/new_rv/install/rm_planner/lib:/home/ljoy/Robomaster/PIONEER/new_rv/install/armor_tracker/lib:/home/ljoy/Robomaster/PIONEER/new_rv/install/armor_detector/lib:/home/ljoy/Robomaster/PIONEER/new_rv/install/rm_tools/lib:/home/ljoy/Robomaster/PIONEER/new_rv/install/rm_serial_driver/lib:/home/ljoy/Robomaster/PIONEER/new_rv/install/hik_camera/lib:/opt/ros/humble/opt/rviz_ogre_vendor/lib:/opt/ros/humble/lib/x86_64-linux-gnu:/opt/ros/humble/lib:/opt/MVS/lib/64:/opt/MVS/lib/32:/opt/MVS/lib/64:/opt/MVS/lib/64 /usr/bin/cmake --install /home/ljoy/Robomaster/PIONEER/new_rv/build/rm_serial_driver
[0.970s] Level 1:colcon.colcon_core.environment:checking '/home/ljoy/Robomaster/PIONEER/new_rv/install/rm_serial_driver' for CMake config files
[0.970s] Level 1:colcon.colcon_core.shell:create_environment_hook('rm_serial_driver', 'cmake_prefix_path')
[0.970s] INFO:colcon.colcon_core.shell:Creating environment hook '/home/ljoy/Robomaster/PIONEER/new_rv/install/rm_serial_driver/share/rm_serial_driver/hook/cmake_prefix_path.ps1'
[0.970s] INFO:colcon.colcon_core.shell:Creating environment descriptor '/home/ljoy/Robomaster/PIONEER/new_rv/install/rm_serial_driver/share/rm_serial_driver/hook/cmake_prefix_path.dsv'
[0.971s] INFO:colcon.colcon_core.shell:Creating environment hook '/home/ljoy/Robomaster/PIONEER/new_rv/install/rm_serial_driver/share/rm_serial_driver/hook/cmake_prefix_path.sh'
[0.971s] Level 1:colcon.colcon_core.environment:checking '/home/ljoy/Robomaster/PIONEER/new_rv/install/rm_serial_driver/lib'
[0.971s] Level 1:colcon.colcon_core.shell:create_environment_hook('rm_serial_driver', 'ld_library_path_lib')
[0.971s] INFO:colcon.colcon_core.shell:Creating environment hook '/home/ljoy/Robomaster/PIONEER/new_rv/install/rm_serial_driver/share/rm_serial_driver/hook/ld_library_path_lib.ps1'
[0.971s] INFO:colcon.colcon_core.shell:Creating environment descriptor '/home/ljoy/Robomaster/PIONEER/new_rv/install/rm_serial_driver/share/rm_serial_driver/hook/ld_library_path_lib.dsv'
[0.971s] INFO:colcon.colcon_core.shell:Creating environment hook '/home/ljoy/Robomaster/PIONEER/new_rv/install/rm_serial_driver/share/rm_serial_driver/hook/ld_library_path_lib.sh'
[0.971s] Level 1:colcon.colcon_core.environment:checking '/home/ljoy/Robomaster/PIONEER/new_rv/install/rm_serial_driver/bin'
[0.971s] Level 1:colcon.colcon_core.environment:checking '/home/ljoy/Robomaster/PIONEER/new_rv/install/rm_serial_driver/lib/pkgconfig/rm_serial_driver.pc'
[0.972s] Level 1:colcon.colcon_core.environment:checking '/home/ljoy/Robomaster/PIONEER/new_rv/install/rm_serial_driver/lib/python3.10/site-packages'
[0.972s] Level 1:colcon.colcon_core.environment:checking '/home/ljoy/Robomaster/PIONEER/new_rv/install/rm_serial_driver/bin'
[0.972s] INFO:colcon.colcon_core.shell:Creating package script '/home/ljoy/Robomaster/PIONEER/new_rv/install/rm_serial_driver/share/rm_serial_driver/package.ps1'
[0.972s] INFO:colcon.colcon_core.shell:Creating package descriptor '/home/ljoy/Robomaster/PIONEER/new_rv/install/rm_serial_driver/share/rm_serial_driver/package.dsv'
[0.972s] INFO:colcon.colcon_core.shell:Creating package script '/home/ljoy/Robomaster/PIONEER/new_rv/install/rm_serial_driver/share/rm_serial_driver/package.sh'
[0.972s] INFO:colcon.colcon_core.shell:Creating package script '/home/ljoy/Robomaster/PIONEER/new_rv/install/rm_serial_driver/share/rm_serial_driver/package.bash'
[0.973s] INFO:colcon.colcon_core.shell:Creating package script '/home/ljoy/Robomaster/PIONEER/new_rv/install/rm_serial_driver/share/rm_serial_driver/package.zsh'
[0.973s] Level 1:colcon.colcon_core.environment:create_file_with_runtime_dependencies(/home/ljoy/Robomaster/PIONEER/new_rv/install/rm_serial_driver/share/colcon-core/packages/rm_serial_driver)
[0.973s] Level 1:colcon.colcon_core.environment:create_environment_scripts_only(armor_detector)
[0.973s] Level 1:colcon.colcon_core.environment:checking '/home/ljoy/Robomaster/PIONEER/new_rv/install/armor_detector' for CMake module files
[0.973s] DEBUG:colcon.colcon_core.event_handler.log_command:Invoked command in '/home/ljoy/Robomaster/PIONEER/new_rv/build/armor_detector' returned '0': CMAKE_PREFIX_PATH=/home/ljoy/Robomaster/PIONEER/new_rv/install/rm_tools:/home/ljoy/Robomaster/PIONEER/new_rv/install/auto_aim_interfaces:/home/ljoy/Robomaster/PIONEER/new_rv/install/rm_vision_bringup:/home/ljoy/Robomaster/PIONEER/new_rv/install/rm_planner:/home/ljoy/Robomaster/PIONEER/new_rv/install/armor_tracker:/home/ljoy/Robomaster/PIONEER/new_rv/install/armor_detector:/home/ljoy/Robomaster/PIONEER/new_rv/install/rm_serial_driver:/home/ljoy/Robomaster/PIONEER/new_rv/install/rm_gimbal_description:/home/ljoy/Robomaster/PIONEER/new_rv/install/hik_camera:/opt/ros/humble LD_LIBRARY_PATH=/home/ljoy/Robomaster/PIONEER/new_rv/install/rm_tools/lib:/home/ljoy/Robomaster/PIONEER/new_rv/install/auto_aim_interfaces/lib:/home/ljoy/Robomaster/PIONEER/new_rv/install/rm_planner/lib:/home/ljoy/Robomaster/PIONEER/new_rv/install/armor_tracker/lib:/home/ljoy/Robomaster/PIONEER/new_rv/install/armor_detector/lib:/home/ljoy/Robomaster/PIONEER/new_rv/install/rm_serial_driver/lib:/home/ljoy/Robomaster/PIONEER/new_rv/install/hik_camera/lib:/opt/ros/humble/opt/rviz_ogre_vendor/lib:/opt/ros/humble/lib/x86_64-linux-gnu:/opt/ros/humble/lib:/opt/MVS/lib/64:/opt/MVS/lib/32:/opt/MVS/lib/64:/opt/MVS/lib/64 /usr/bin/cmake --install /home/ljoy/Robomaster/PIONEER/new_rv/build/armor_detector
[0.974s] Level 1:colcon.colcon_core.environment:checking '/home/ljoy/Robomaster/PIONEER/new_rv/install/armor_detector' for CMake config files
[0.974s] Level 1:colcon.colcon_core.shell:create_environment_hook('armor_detector', 'cmake_prefix_path')
[0.974s] INFO:colcon.colcon_core.shell:Creating environment hook '/home/ljoy/Robomaster/PIONEER/new_rv/install/armor_detector/share/armor_detector/hook/cmake_prefix_path.ps1'
[0.974s] INFO:colcon.colcon_core.shell:Creating environment descriptor '/home/ljoy/Robomaster/PIONEER/new_rv/install/armor_detector/share/armor_detector/hook/cmake_prefix_path.dsv'
[0.974s] INFO:colcon.colcon_core.shell:Creating environment hook '/home/ljoy/Robomaster/PIONEER/new_rv/install/armor_detector/share/armor_detector/hook/cmake_prefix_path.sh'
[0.975s] Level 1:colcon.colcon_core.environment:checking '/home/ljoy/Robomaster/PIONEER/new_rv/install/armor_detector/lib'
[0.975s] Level 1:colcon.colcon_core.shell:create_environment_hook('armor_detector', 'ld_library_path_lib')
[0.975s] INFO:colcon.colcon_core.shell:Creating environment hook '/home/ljoy/Robomaster/PIONEER/new_rv/install/armor_detector/share/armor_detector/hook/ld_library_path_lib.ps1'
[0.975s] INFO:colcon.colcon_core.shell:Creating environment descriptor '/home/ljoy/Robomaster/PIONEER/new_rv/install/armor_detector/share/armor_detector/hook/ld_library_path_lib.dsv'
[0.975s] INFO:colcon.colcon_core.shell:Creating environment hook '/home/ljoy/Robomaster/PIONEER/new_rv/install/armor_detector/share/armor_detector/hook/ld_library_path_lib.sh'
[0.975s] Level 1:colcon.colcon_core.environment:checking '/home/ljoy/Robomaster/PIONEER/new_rv/install/armor_detector/bin'
[0.975s] Level 1:colcon.colcon_core.environment:checking '/home/ljoy/Robomaster/PIONEER/new_rv/install/armor_detector/lib/pkgconfig/armor_detector.pc'
[0.975s] Level 1:colcon.colcon_core.environment:checking '/home/ljoy/Robomaster/PIONEER/new_rv/install/armor_detector/lib/python3.10/site-packages'
[0.975s] Level 1:colcon.colcon_core.environment:checking '/home/ljoy/Robomaster/PIONEER/new_rv/install/armor_detector/bin'
[0.976s] INFO:colcon.colcon_core.shell:Creating package script '/home/ljoy/Robomaster/PIONEER/new_rv/install/armor_detector/share/armor_detector/package.ps1'
[0.976s] INFO:colcon.colcon_core.shell:Creating package descriptor '/home/ljoy/Robomaster/PIONEER/new_rv/install/armor_detector/share/armor_detector/package.dsv'
[0.976s] INFO:colcon.colcon_core.shell:Creating package script '/home/ljoy/Robomaster/PIONEER/new_rv/install/armor_detector/share/armor_detector/package.sh'
[0.976s] INFO:colcon.colcon_core.shell:Creating package script '/home/ljoy/Robomaster/PIONEER/new_rv/install/armor_detector/share/armor_detector/package.bash'
[0.976s] INFO:colcon.colcon_core.shell:Creating package script '/home/ljoy/Robomaster/PIONEER/new_rv/install/armor_detector/share/armor_detector/package.zsh'
[0.977s] Level 1:colcon.colcon_core.environment:create_file_with_runtime_dependencies(/home/ljoy/Robomaster/PIONEER/new_rv/install/armor_detector/share/colcon-core/packages/armor_detector)
[0.977s] Level 1:colcon.colcon_core.environment:create_environment_scripts_only(armor_tracker)
[0.977s] Level 1:colcon.colcon_core.environment:checking '/home/ljoy/Robomaster/PIONEER/new_rv/install/armor_tracker' for CMake module files
[0.978s] Level 1:colcon.colcon_core.environment:checking '/home/ljoy/Robomaster/PIONEER/new_rv/install/armor_tracker' for CMake config files
[0.978s] Level 1:colcon.colcon_core.shell:create_environment_hook('armor_tracker', 'cmake_prefix_path')
[0.978s] INFO:colcon.colcon_core.shell:Creating environment hook '/home/ljoy/Robomaster/PIONEER/new_rv/install/armor_tracker/share/armor_tracker/hook/cmake_prefix_path.ps1'
[0.978s] INFO:colcon.colcon_core.shell:Creating environment descriptor '/home/ljoy/Robomaster/PIONEER/new_rv/install/armor_tracker/share/armor_tracker/hook/cmake_prefix_path.dsv'
[0.978s] INFO:colcon.colcon_core.shell:Creating environment hook '/home/ljoy/Robomaster/PIONEER/new_rv/install/armor_tracker/share/armor_tracker/hook/cmake_prefix_path.sh'
[0.978s] Level 1:colcon.colcon_core.environment:checking '/home/ljoy/Robomaster/PIONEER/new_rv/install/armor_tracker/lib'
[0.978s] Level 1:colcon.colcon_core.shell:create_environment_hook('armor_tracker', 'ld_library_path_lib')
[0.979s] INFO:colcon.colcon_core.shell:Creating environment hook '/home/ljoy/Robomaster/PIONEER/new_rv/install/armor_tracker/share/armor_tracker/hook/ld_library_path_lib.ps1'
[0.979s] INFO:colcon.colcon_core.shell:Creating environment descriptor '/home/ljoy/Robomaster/PIONEER/new_rv/install/armor_tracker/share/armor_tracker/hook/ld_library_path_lib.dsv'
[0.979s] INFO:colcon.colcon_core.shell:Creating environment hook '/home/ljoy/Robomaster/PIONEER/new_rv/install/armor_tracker/share/armor_tracker/hook/ld_library_path_lib.sh'
[0.979s] Level 1:colcon.colcon_core.environment:checking '/home/ljoy/Robomaster/PIONEER/new_rv/install/armor_tracker/bin'
[0.979s] Level 1:colcon.colcon_core.environment:checking '/home/ljoy/Robomaster/PIONEER/new_rv/install/armor_tracker/lib/pkgconfig/armor_tracker.pc'
[0.979s] Level 1:colcon.colcon_core.environment:checking '/home/ljoy/Robomaster/PIONEER/new_rv/install/armor_tracker/lib/python3.10/site-packages'
[0.979s] Level 1:colcon.colcon_core.environment:checking '/home/ljoy/Robomaster/PIONEER/new_rv/install/armor_tracker/bin'
[0.979s] INFO:colcon.colcon_core.shell:Creating package script '/home/ljoy/Robomaster/PIONEER/new_rv/install/armor_tracker/share/armor_tracker/package.ps1'
[0.980s] INFO:colcon.colcon_core.shell:Creating package descriptor '/home/ljoy/Robomaster/PIONEER/new_rv/install/armor_tracker/share/armor_tracker/package.dsv'
[0.980s] INFO:colcon.colcon_core.shell:Creating package script '/home/ljoy/Robomaster/PIONEER/new_rv/install/armor_tracker/share/armor_tracker/package.sh'
[0.980s] INFO:colcon.colcon_core.shell:Creating package script '/home/ljoy/Robomaster/PIONEER/new_rv/install/armor_tracker/share/armor_tracker/package.bash'
[0.980s] INFO:colcon.colcon_core.shell:Creating package script '/home/ljoy/Robomaster/PIONEER/new_rv/install/armor_tracker/share/armor_tracker/package.zsh'
[0.980s] Level 1:colcon.colcon_core.environment:create_file_with_runtime_dependencies(/home/ljoy/Robomaster/PIONEER/new_rv/install/armor_tracker/share/colcon-core/packages/armor_tracker)
[0.991s] Level 1:colcon.colcon_core.environment:create_environment_scripts_only(rm_planner)
[0.991s] Level 1:colcon.colcon_core.environment:checking '/home/ljoy/Robomaster/PIONEER/new_rv/install/rm_planner' for CMake module files
[0.991s] Level 1:colcon.colcon_core.environment:checking '/home/ljoy/Robomaster/PIONEER/new_rv/install/rm_planner' for CMake config files
[0.991s] Level 1:colcon.colcon_core.shell:create_environment_hook('rm_planner', 'cmake_prefix_path')
[0.991s] INFO:colcon.colcon_core.shell:Creating environment hook '/home/ljoy/Robomaster/PIONEER/new_rv/install/rm_planner/share/rm_planner/hook/cmake_prefix_path.ps1'
[0.991s] INFO:colcon.colcon_core.shell:Creating environment descriptor '/home/ljoy/Robomaster/PIONEER/new_rv/install/rm_planner/share/rm_planner/hook/cmake_prefix_path.dsv'
[0.992s] INFO:colcon.colcon_core.shell:Creating environment hook '/home/ljoy/Robomaster/PIONEER/new_rv/install/rm_planner/share/rm_planner/hook/cmake_prefix_path.sh'
[0.992s] Level 1:colcon.colcon_core.environment:checking '/home/ljoy/Robomaster/PIONEER/new_rv/install/rm_planner/lib'
[0.992s] Level 1:colcon.colcon_core.shell:create_environment_hook('rm_planner', 'ld_library_path_lib')
[0.992s] INFO:colcon.colcon_core.shell:Creating environment hook '/home/ljoy/Robomaster/PIONEER/new_rv/install/rm_planner/share/rm_planner/hook/ld_library_path_lib.ps1'
[0.992s] INFO:colcon.colcon_core.shell:Creating environment descriptor '/home/ljoy/Robomaster/PIONEER/new_rv/install/rm_planner/share/rm_planner/hook/ld_library_path_lib.dsv'
[0.992s] INFO:colcon.colcon_core.shell:Creating environment hook '/home/ljoy/Robomaster/PIONEER/new_rv/install/rm_planner/share/rm_planner/hook/ld_library_path_lib.sh'
[0.992s] Level 1:colcon.colcon_core.environment:checking '/home/ljoy/Robomaster/PIONEER/new_rv/install/rm_planner/bin'
[0.992s] Level 1:colcon.colcon_core.environment:checking '/home/ljoy/Robomaster/PIONEER/new_rv/install/rm_planner/lib/pkgconfig/rm_planner.pc'
[0.993s] Level 1:colcon.colcon_core.environment:checking '/home/ljoy/Robomaster/PIONEER/new_rv/install/rm_planner/lib/python3.10/site-packages'
[0.993s] Level 1:colcon.colcon_core.environment:checking '/home/ljoy/Robomaster/PIONEER/new_rv/install/rm_planner/bin'
[0.993s] INFO:colcon.colcon_core.shell:Creating package script '/home/ljoy/Robomaster/PIONEER/new_rv/install/rm_planner/share/rm_planner/package.ps1'
[0.993s] INFO:colcon.colcon_core.shell:Creating package descriptor '/home/ljoy/Robomaster/PIONEER/new_rv/install/rm_planner/share/rm_planner/package.dsv'
[0.993s] INFO:colcon.colcon_core.shell:Creating package script '/home/ljoy/Robomaster/PIONEER/new_rv/install/rm_planner/share/rm_planner/package.sh'
[0.993s] INFO:colcon.colcon_core.shell:Creating package script '/home/ljoy/Robomaster/PIONEER/new_rv/install/rm_planner/share/rm_planner/package.bash'
[0.994s] INFO:colcon.colcon_core.shell:Creating package script '/home/ljoy/Robomaster/PIONEER/new_rv/install/rm_planner/share/rm_planner/package.zsh'
[0.994s] Level 1:colcon.colcon_core.environment:create_file_with_runtime_dependencies(/home/ljoy/Robomaster/PIONEER/new_rv/install/rm_planner/share/colcon-core/packages/rm_planner)
[0.998s] Level 1:colcon.colcon_core.environment:create_environment_scripts_only(rm_serial_driver)
[0.998s] Level 1:colcon.colcon_core.environment:checking '/home/ljoy/Robomaster/PIONEER/new_rv/install/rm_serial_driver' for CMake module files
[0.998s] Level 1:colcon.colcon_core.environment:checking '/home/ljoy/Robomaster/PIONEER/new_rv/install/rm_serial_driver' for CMake config files
[0.998s] Level 1:colcon.colcon_core.shell:create_environment_hook('rm_serial_driver', 'cmake_prefix_path')
[0.998s] INFO:colcon.colcon_core.shell:Creating environment hook '/home/ljoy/Robomaster/PIONEER/new_rv/install/rm_serial_driver/share/rm_serial_driver/hook/cmake_prefix_path.ps1'
[0.998s] INFO:colcon.colcon_core.shell:Creating environment descriptor '/home/ljoy/Robomaster/PIONEER/new_rv/install/rm_serial_driver/share/rm_serial_driver/hook/cmake_prefix_path.dsv'
[0.999s] INFO:colcon.colcon_core.shell:Creating environment hook '/home/ljoy/Robomaster/PIONEER/new_rv/install/rm_serial_driver/share/rm_serial_driver/hook/cmake_prefix_path.sh'
[0.999s] Level 1:colcon.colcon_core.environment:checking '/home/ljoy/Robomaster/PIONEER/new_rv/install/rm_serial_driver/lib'
[0.999s] Level 1:colcon.colcon_core.shell:create_environment_hook('rm_serial_driver', 'ld_library_path_lib')
[0.999s] INFO:colcon.colcon_core.shell:Creating environment hook '/home/ljoy/Robomaster/PIONEER/new_rv/install/rm_serial_driver/share/rm_serial_driver/hook/ld_library_path_lib.ps1'
[0.999s] INFO:colcon.colcon_core.shell:Creating environment descriptor '/home/ljoy/Robomaster/PIONEER/new_rv/install/rm_serial_driver/share/rm_serial_driver/hook/ld_library_path_lib.dsv'
[0.999s] INFO:colcon.colcon_core.shell:Creating environment hook '/home/ljoy/Robomaster/PIONEER/new_rv/install/rm_serial_driver/share/rm_serial_driver/hook/ld_library_path_lib.sh'
[0.999s] Level 1:colcon.colcon_core.environment:checking '/home/ljoy/Robomaster/PIONEER/new_rv/install/rm_serial_driver/bin'
[0.999s] Level 1:colcon.colcon_core.environment:checking '/home/ljoy/Robomaster/PIONEER/new_rv/install/rm_serial_driver/lib/pkgconfig/rm_serial_driver.pc'
[0.999s] Level 1:colcon.colcon_core.environment:checking '/home/ljoy/Robomaster/PIONEER/new_rv/install/rm_serial_driver/lib/python3.10/site-packages'
[1.000s] Level 1:colcon.colcon_core.environment:checking '/home/ljoy/Robomaster/PIONEER/new_rv/install/rm_serial_driver/bin'
[1.000s] INFO:colcon.colcon_core.shell:Creating package script '/home/ljoy/Robomaster/PIONEER/new_rv/install/rm_serial_driver/share/rm_serial_driver/package.ps1'
[1.000s] INFO:colcon.colcon_core.shell:Creating package descriptor '/home/ljoy/Robomaster/PIONEER/new_rv/install/rm_serial_driver/share/rm_serial_driver/package.dsv'
[1.000s] INFO:colcon.colcon_core.shell:Creating package script '/home/ljoy/Robomaster/PIONEER/new_rv/install/rm_serial_driver/share/rm_serial_driver/package.sh'
[1.000s] INFO:colcon.colcon_core.shell:Creating package script '/home/ljoy/Robomaster/PIONEER/new_rv/install/rm_serial_driver/share/rm_serial_driver/package.bash'
[1.001s] INFO:colcon.colcon_core.shell:Creating package script '/home/ljoy/Robomaster/PIONEER/new_rv/install/rm_serial_driver/share/rm_serial_driver/package.zsh'
[1.001s] Level 1:colcon.colcon_core.environment:create_file_with_runtime_dependencies(/home/ljoy/Robomaster/PIONEER/new_rv/install/rm_serial_driver/share/colcon-core/packages/rm_serial_driver)
[1.001s] INFO:colcon.colcon_ros.task.ament_cmake.build:Building ROS package in '/home/ljoy/Robomaster/PIONEER/new_rv/rm_vision/rm_vision_bringup' with build type 'ament_cmake'
[1.001s] INFO:colcon.colcon_cmake.task.cmake.build:Building CMake package in '/home/ljoy/Robomaster/PIONEER/new_rv/rm_vision/rm_vision_bringup'
[1.001s] INFO:colcon.colcon_core.shell:Skip shell extension 'powershell' for command environment: Not usable outside of PowerShell
[1.001s] DEBUG:colcon.colcon_core.shell:Skip shell extension 'dsv' for command environment
[1.004s] Level 1:colcon.colcon_core.environment:create_environment_scripts_only(armor_detector)
[1.004s] Level 1:colcon.colcon_core.environment:checking '/home/ljoy/Robomaster/PIONEER/new_rv/install/armor_detector' for CMake module files
[1.005s] Level 1:colcon.colcon_core.environment:checking '/home/ljoy/Robomaster/PIONEER/new_rv/install/armor_detector' for CMake config files
[1.005s] Level 1:colcon.colcon_core.shell:create_environment_hook('armor_detector', 'cmake_prefix_path')
[1.005s] INFO:colcon.colcon_core.shell:Creating environment hook '/home/ljoy/Robomaster/PIONEER/new_rv/install/armor_detector/share/armor_detector/hook/cmake_prefix_path.ps1'
[1.005s] INFO:colcon.colcon_core.shell:Creating environment descriptor '/home/ljoy/Robomaster/PIONEER/new_rv/install/armor_detector/share/armor_detector/hook/cmake_prefix_path.dsv'
[1.005s] INFO:colcon.colcon_core.shell:Creating environment hook '/home/ljoy/Robomaster/PIONEER/new_rv/install/armor_detector/share/armor_detector/hook/cmake_prefix_path.sh'
[1.006s] Level 1:colcon.colcon_core.environment:checking '/home/ljoy/Robomaster/PIONEER/new_rv/install/armor_detector/lib'
[1.006s] Level 1:colcon.colcon_core.shell:create_environment_hook('armor_detector', 'ld_library_path_lib')
[1.006s] INFO:colcon.colcon_core.shell:Creating environment hook '/home/ljoy/Robomaster/PIONEER/new_rv/install/armor_detector/share/armor_detector/hook/ld_library_path_lib.ps1'
[1.006s] INFO:colcon.colcon_core.shell:Creating environment descriptor '/home/ljoy/Robomaster/PIONEER/new_rv/install/armor_detector/share/armor_detector/hook/ld_library_path_lib.dsv'
[1.006s] INFO:colcon.colcon_core.shell:Creating environment hook '/home/ljoy/Robomaster/PIONEER/new_rv/install/armor_detector/share/armor_detector/hook/ld_library_path_lib.sh'
[1.006s] Level 1:colcon.colcon_core.environment:checking '/home/ljoy/Robomaster/PIONEER/new_rv/install/armor_detector/bin'
[1.006s] Level 1:colcon.colcon_core.environment:checking '/home/ljoy/Robomaster/PIONEER/new_rv/install/armor_detector/lib/pkgconfig/armor_detector.pc'
[1.006s] Level 1:colcon.colcon_core.environment:checking '/home/ljoy/Robomaster/PIONEER/new_rv/install/armor_detector/lib/python3.10/site-packages'
[1.006s] Level 1:colcon.colcon_core.environment:checking '/home/ljoy/Robomaster/PIONEER/new_rv/install/armor_detector/bin'
[1.006s] INFO:colcon.colcon_core.shell:Creating package script '/home/ljoy/Robomaster/PIONEER/new_rv/install/armor_detector/share/armor_detector/package.ps1'
[1.007s] INFO:colcon.colcon_core.shell:Creating package descriptor '/home/ljoy/Robomaster/PIONEER/new_rv/install/armor_detector/share/armor_detector/package.dsv'
[1.007s] INFO:colcon.colcon_core.shell:Creating package script '/home/ljoy/Robomaster/PIONEER/new_rv/install/armor_detector/share/armor_detector/package.sh'
[1.007s] INFO:colcon.colcon_core.shell:Creating package script '/home/ljoy/Robomaster/PIONEER/new_rv/install/armor_detector/share/armor_detector/package.bash'
[1.007s] INFO:colcon.colcon_core.shell:Creating package script '/home/ljoy/Robomaster/PIONEER/new_rv/install/armor_detector/share/armor_detector/package.zsh'
[1.007s] Level 1:colcon.colcon_core.environment:create_file_with_runtime_dependencies(/home/ljoy/Robomaster/PIONEER/new_rv/install/armor_detector/share/colcon-core/packages/armor_detector)
[1.009s] DEBUG:colcon.colcon_core.event_handler.log_command:Invoking command in '/home/ljoy/Robomaster/PIONEER/new_rv/build/rm_vision_bringup': CMAKE_PREFIX_PATH=/home/ljoy/Robomaster/PIONEER/new_rv/install/rm_serial_driver:/home/ljoy/Robomaster/PIONEER/new_rv/install/auto_aim_interfaces:/home/ljoy/Robomaster/PIONEER/new_rv/install/rm_vision_bringup:/home/ljoy/Robomaster/PIONEER/new_rv/install/rm_planner:/home/ljoy/Robomaster/PIONEER/new_rv/install/armor_tracker:/home/ljoy/Robomaster/PIONEER/new_rv/install/armor_detector:/home/ljoy/Robomaster/PIONEER/new_rv/install/rm_tools:/home/ljoy/Robomaster/PIONEER/new_rv/install/rm_gimbal_description:/home/ljoy/Robomaster/PIONEER/new_rv/install/hik_camera:/opt/ros/humble LD_LIBRARY_PATH=/home/ljoy/Robomaster/PIONEER/new_rv/install/rm_serial_driver/lib:/home/ljoy/Robomaster/PIONEER/new_rv/install/auto_aim_interfaces/lib:/home/ljoy/Robomaster/PIONEER/new_rv/install/rm_planner/lib:/home/ljoy/Robomaster/PIONEER/new_rv/install/armor_tracker/lib:/home/ljoy/Robomaster/PIONEER/new_rv/install/armor_detector/lib:/home/ljoy/Robomaster/PIONEER/new_rv/install/rm_tools/lib:/home/ljoy/Robomaster/PIONEER/new_rv/install/hik_camera/lib:/opt/ros/humble/opt/rviz_ogre_vendor/lib:/opt/ros/humble/lib/x86_64-linux-gnu:/opt/ros/humble/lib:/opt/MVS/lib/64:/opt/MVS/lib/32:/opt/MVS/lib/64:/opt/MVS/lib/64 /usr/bin/cmake --build /home/ljoy/Robomaster/PIONEER/new_rv/build/rm_vision_bringup -- -j32 -l32
[1.018s] DEBUG:colcon.colcon_core.event_handler.log_command:Invoked command in '/home/ljoy/Robomaster/PIONEER/new_rv/build/rm_vision_bringup' returned '0': CMAKE_PREFIX_PATH=/home/ljoy/Robomaster/PIONEER/new_rv/install/rm_serial_driver:/home/ljoy/Robomaster/PIONEER/new_rv/install/auto_aim_interfaces:/home/ljoy/Robomaster/PIONEER/new_rv/install/rm_vision_bringup:/home/ljoy/Robomaster/PIONEER/new_rv/install/rm_planner:/home/ljoy/Robomaster/PIONEER/new_rv/install/armor_tracker:/home/ljoy/Robomaster/PIONEER/new_rv/install/armor_detector:/home/ljoy/Robomaster/PIONEER/new_rv/install/rm_tools:/home/ljoy/Robomaster/PIONEER/new_rv/install/rm_gimbal_description:/home/ljoy/Robomaster/PIONEER/new_rv/install/hik_camera:/opt/ros/humble LD_LIBRARY_PATH=/home/ljoy/Robomaster/PIONEER/new_rv/install/rm_serial_driver/lib:/home/ljoy/Robomaster/PIONEER/new_rv/install/auto_aim_interfaces/lib:/home/ljoy/Robomaster/PIONEER/new_rv/install/rm_planner/lib:/home/ljoy/Robomaster/PIONEER/new_rv/install/armor_tracker/lib:/home/ljoy/Robomaster/PIONEER/new_rv/install/armor_detector/lib:/home/ljoy/Robomaster/PIONEER/new_rv/install/rm_tools/lib:/home/ljoy/Robomaster/PIONEER/new_rv/install/hik_camera/lib:/opt/ros/humble/opt/rviz_ogre_vendor/lib:/opt/ros/humble/lib/x86_64-linux-gnu:/opt/ros/humble/lib:/opt/MVS/lib/64:/opt/MVS/lib/32:/opt/MVS/lib/64:/opt/MVS/lib/64 /usr/bin/cmake --build /home/ljoy/Robomaster/PIONEER/new_rv/build/rm_vision_bringup -- -j32 -l32
[1.029s] DEBUG:colcon.colcon_core.event_handler.log_command:Invoking command in '/home/ljoy/Robomaster/PIONEER/new_rv/build/rm_vision_bringup': CMAKE_PREFIX_PATH=/home/ljoy/Robomaster/PIONEER/new_rv/install/rm_serial_driver:/home/ljoy/Robomaster/PIONEER/new_rv/install/auto_aim_interfaces:/home/ljoy/Robomaster/PIONEER/new_rv/install/rm_vision_bringup:/home/ljoy/Robomaster/PIONEER/new_rv/install/rm_planner:/home/ljoy/Robomaster/PIONEER/new_rv/install/armor_tracker:/home/ljoy/Robomaster/PIONEER/new_rv/install/armor_detector:/home/ljoy/Robomaster/PIONEER/new_rv/install/rm_tools:/home/ljoy/Robomaster/PIONEER/new_rv/install/rm_gimbal_description:/home/ljoy/Robomaster/PIONEER/new_rv/install/hik_camera:/opt/ros/humble LD_LIBRARY_PATH=/home/ljoy/Robomaster/PIONEER/new_rv/install/rm_serial_driver/lib:/home/ljoy/Robomaster/PIONEER/new_rv/install/auto_aim_interfaces/lib:/home/ljoy/Robomaster/PIONEER/new_rv/install/rm_planner/lib:/home/ljoy/Robomaster/PIONEER/new_rv/install/armor_tracker/lib:/home/ljoy/Robomaster/PIONEER/new_rv/install/armor_detector/lib:/home/ljoy/Robomaster/PIONEER/new_rv/install/rm_tools/lib:/home/ljoy/Robomaster/PIONEER/new_rv/install/hik_camera/lib:/opt/ros/humble/opt/rviz_ogre_vendor/lib:/opt/ros/humble/lib/x86_64-linux-gnu:/opt/ros/humble/lib:/opt/MVS/lib/64:/opt/MVS/lib/32:/opt/MVS/lib/64:/opt/MVS/lib/64 /usr/bin/cmake --install /home/ljoy/Robomaster/PIONEER/new_rv/build/rm_vision_bringup
[1.032s] Level 1:colcon.colcon_core.environment:create_environment_scripts_only(rm_vision_bringup)
[1.032s] Level 1:colcon.colcon_core.environment:checking '/home/ljoy/Robomaster/PIONEER/new_rv/install/rm_vision_bringup' for CMake module files
[1.032s] DEBUG:colcon.colcon_core.event_handler.log_command:Invoked command in '/home/ljoy/Robomaster/PIONEER/new_rv/build/rm_vision_bringup' returned '0': CMAKE_PREFIX_PATH=/home/ljoy/Robomaster/PIONEER/new_rv/install/rm_serial_driver:/home/ljoy/Robomaster/PIONEER/new_rv/install/auto_aim_interfaces:/home/ljoy/Robomaster/PIONEER/new_rv/install/rm_vision_bringup:/home/ljoy/Robomaster/PIONEER/new_rv/install/rm_planner:/home/ljoy/Robomaster/PIONEER/new_rv/install/armor_tracker:/home/ljoy/Robomaster/PIONEER/new_rv/install/armor_detector:/home/ljoy/Robomaster/PIONEER/new_rv/install/rm_tools:/home/ljoy/Robomaster/PIONEER/new_rv/install/rm_gimbal_description:/home/ljoy/Robomaster/PIONEER/new_rv/install/hik_camera:/opt/ros/humble LD_LIBRARY_PATH=/home/ljoy/Robomaster/PIONEER/new_rv/install/rm_serial_driver/lib:/home/ljoy/Robomaster/PIONEER/new_rv/install/auto_aim_interfaces/lib:/home/ljoy/Robomaster/PIONEER/new_rv/install/rm_planner/lib:/home/ljoy/Robomaster/PIONEER/new_rv/install/armor_tracker/lib:/home/ljoy/Robomaster/PIONEER/new_rv/install/armor_detector/lib:/home/ljoy/Robomaster/PIONEER/new_rv/install/rm_tools/lib:/home/ljoy/Robomaster/PIONEER/new_rv/install/hik_camera/lib:/opt/ros/humble/opt/rviz_ogre_vendor/lib:/opt/ros/humble/lib/x86_64-linux-gnu:/opt/ros/humble/lib:/opt/MVS/lib/64:/opt/MVS/lib/32:/opt/MVS/lib/64:/opt/MVS/lib/64 /usr/bin/cmake --install /home/ljoy/Robomaster/PIONEER/new_rv/build/rm_vision_bringup
[1.032s] Level 1:colcon.colcon_core.environment:checking '/home/ljoy/Robomaster/PIONEER/new_rv/install/rm_vision_bringup' for CMake config files
[1.033s] Level 1:colcon.colcon_core.shell:create_environment_hook('rm_vision_bringup', 'cmake_prefix_path')
[1.033s] INFO:colcon.colcon_core.shell:Creating environment hook '/home/ljoy/Robomaster/PIONEER/new_rv/install/rm_vision_bringup/share/rm_vision_bringup/hook/cmake_prefix_path.ps1'
[1.033s] INFO:colcon.colcon_core.shell:Creating environment descriptor '/home/ljoy/Robomaster/PIONEER/new_rv/install/rm_vision_bringup/share/rm_vision_bringup/hook/cmake_prefix_path.dsv'
[1.033s] INFO:colcon.colcon_core.shell:Creating environment hook '/home/ljoy/Robomaster/PIONEER/new_rv/install/rm_vision_bringup/share/rm_vision_bringup/hook/cmake_prefix_path.sh'
[1.033s] Level 1:colcon.colcon_core.environment:checking '/home/ljoy/Robomaster/PIONEER/new_rv/install/rm_vision_bringup/bin'
[1.033s] Level 1:colcon.colcon_core.environment:checking '/home/ljoy/Robomaster/PIONEER/new_rv/install/rm_vision_bringup/lib/pkgconfig/rm_vision_bringup.pc'
[1.033s] Level 1:colcon.colcon_core.environment:checking '/home/ljoy/Robomaster/PIONEER/new_rv/install/rm_vision_bringup/lib/python3.10/site-packages'
[1.033s] Level 1:colcon.colcon_core.environment:checking '/home/ljoy/Robomaster/PIONEER/new_rv/install/rm_vision_bringup/bin'
[1.034s] INFO:colcon.colcon_core.shell:Creating package script '/home/ljoy/Robomaster/PIONEER/new_rv/install/rm_vision_bringup/share/rm_vision_bringup/package.ps1'
[1.034s] INFO:colcon.colcon_core.shell:Creating package descriptor '/home/ljoy/Robomaster/PIONEER/new_rv/install/rm_vision_bringup/share/rm_vision_bringup/package.dsv'
[1.034s] INFO:colcon.colcon_core.shell:Creating package script '/home/ljoy/Robomaster/PIONEER/new_rv/install/rm_vision_bringup/share/rm_vision_bringup/package.sh'
[1.034s] INFO:colcon.colcon_core.shell:Creating package script '/home/ljoy/Robomaster/PIONEER/new_rv/install/rm_vision_bringup/share/rm_vision_bringup/package.bash'
[1.034s] INFO:colcon.colcon_core.shell:Creating package script '/home/ljoy/Robomaster/PIONEER/new_rv/install/rm_vision_bringup/share/rm_vision_bringup/package.zsh'
[1.034s] Level 1:colcon.colcon_core.environment:create_file_with_runtime_dependencies(/home/ljoy/Robomaster/PIONEER/new_rv/install/rm_vision_bringup/share/colcon-core/packages/rm_vision_bringup)
[1.046s] Level 1:colcon.colcon_core.environment:create_environment_scripts_only(rm_vision_bringup)
[1.046s] Level 1:colcon.colcon_core.environment:checking '/home/ljoy/Robomaster/PIONEER/new_rv/install/rm_vision_bringup' for CMake module files
[1.046s] Level 1:colcon.colcon_core.environment:checking '/home/ljoy/Robomaster/PIONEER/new_rv/install/rm_vision_bringup' for CMake config files
[1.046s] Level 1:colcon.colcon_core.shell:create_environment_hook('rm_vision_bringup', 'cmake_prefix_path')
[1.046s] INFO:colcon.colcon_core.shell:Creating environment hook '/home/ljoy/Robomaster/PIONEER/new_rv/install/rm_vision_bringup/share/rm_vision_bringup/hook/cmake_prefix_path.ps1'
[1.046s] INFO:colcon.colcon_core.shell:Creating environment descriptor '/home/ljoy/Robomaster/PIONEER/new_rv/install/rm_vision_bringup/share/rm_vision_bringup/hook/cmake_prefix_path.dsv'
[1.046s] INFO:colcon.colcon_core.shell:Creating environment hook '/home/ljoy/Robomaster/PIONEER/new_rv/install/rm_vision_bringup/share/rm_vision_bringup/hook/cmake_prefix_path.sh'
[1.047s] Level 1:colcon.colcon_core.environment:checking '/home/ljoy/Robomaster/PIONEER/new_rv/install/rm_vision_bringup/bin'
[1.047s] Level 1:colcon.colcon_core.environment:checking '/home/ljoy/Robomaster/PIONEER/new_rv/install/rm_vision_bringup/lib/pkgconfig/rm_vision_bringup.pc'
[1.047s] Level 1:colcon.colcon_core.environment:checking '/home/ljoy/Robomaster/PIONEER/new_rv/install/rm_vision_bringup/lib/python3.10/site-packages'
[1.047s] Level 1:colcon.colcon_core.environment:checking '/home/ljoy/Robomaster/PIONEER/new_rv/install/rm_vision_bringup/bin'
[1.047s] INFO:colcon.colcon_core.shell:Creating package script '/home/ljoy/Robomaster/PIONEER/new_rv/install/rm_vision_bringup/share/rm_vision_bringup/package.ps1'
[1.047s] INFO:colcon.colcon_core.shell:Creating package descriptor '/home/ljoy/Robomaster/PIONEER/new_rv/install/rm_vision_bringup/share/rm_vision_bringup/package.dsv'
[1.047s] INFO:colcon.colcon_core.shell:Creating package script '/home/ljoy/Robomaster/PIONEER/new_rv/install/rm_vision_bringup/share/rm_vision_bringup/package.sh'
[1.048s] INFO:colcon.colcon_core.shell:Creating package script '/home/ljoy/Robomaster/PIONEER/new_rv/install/rm_vision_bringup/share/rm_vision_bringup/package.bash'
[1.048s] INFO:colcon.colcon_core.shell:Creating package script '/home/ljoy/Robomaster/PIONEER/new_rv/install/rm_vision_bringup/share/rm_vision_bringup/package.zsh'
[1.048s] Level 1:colcon.colcon_core.environment:create_file_with_runtime_dependencies(/home/ljoy/Robomaster/PIONEER/new_rv/install/rm_vision_bringup/share/colcon-core/packages/rm_vision_bringup)
[1.048s] DEBUG:colcon.colcon_parallel_executor.executor.parallel:closing loop
[1.048s] DEBUG:colcon.colcon_parallel_executor.executor.parallel:loop closed
[1.048s] DEBUG:colcon.colcon_parallel_executor.executor.parallel:run_until_complete finished with '0'
[1.048s] DEBUG:colcon.colcon_core.event_reactor:joining thread
[1.051s] INFO:colcon.colcon_core.plugin_system:Skipping extension 'colcon_notification.desktop_notification.terminal_notifier': Not used on non-Darwin systems
[1.051s] INFO:colcon.colcon_core.plugin_system:Skipping extension 'colcon_notification.desktop_notification.win32': Not used on non-Windows systems
[1.051s] INFO:colcon.colcon_notification.desktop_notification:Sending desktop notification using 'notify2'
[1.057s] DEBUG:colcon.colcon_core.event_reactor:joined thread
[1.058s] INFO:colcon.colcon_core.shell:Creating prefix script '/home/ljoy/Robomaster/PIONEER/new_rv/install/local_setup.ps1'
[1.058s] INFO:colcon.colcon_core.shell:Creating prefix util module '/home/ljoy/Robomaster/PIONEER/new_rv/install/_local_setup_util_ps1.py'
[1.058s] INFO:colcon.colcon_core.shell:Creating prefix chain script '/home/ljoy/Robomaster/PIONEER/new_rv/install/setup.ps1'
[1.059s] INFO:colcon.colcon_core.shell:Creating prefix script '/home/ljoy/Robomaster/PIONEER/new_rv/install/local_setup.sh'
[1.059s] INFO:colcon.colcon_core.shell:Creating prefix util module '/home/ljoy/Robomaster/PIONEER/new_rv/install/_local_setup_util_sh.py'
[1.060s] INFO:colcon.colcon_core.shell:Creating prefix chain script '/home/ljoy/Robomaster/PIONEER/new_rv/install/setup.sh'
[1.060s] INFO:colcon.colcon_core.shell:Creating prefix script '/home/ljoy/Robomaster/PIONEER/new_rv/install/local_setup.bash'
[1.060s] INFO:colcon.colcon_core.shell:Creating prefix chain script '/home/ljoy/Robomaster/PIONEER/new_rv/install/setup.bash'
[1.061s] INFO:colcon.colcon_core.shell:Creating prefix script '/home/ljoy/Robomaster/PIONEER/new_rv/install/local_setup.zsh'
[1.061s] INFO:colcon.colcon_core.shell:Creating prefix chain script '/home/ljoy/Robomaster/PIONEER/new_rv/install/setup.zsh'
