[0.113s] DEBUG:colcon:Command line arguments: ['/usr/bin/colcon', 'build']
[0.113s] DEBUG:colcon:Parsed command line arguments: Namespace(log_base=None, log_level=None, verb_name='build', build_base='build', install_base='install', merge_install=False, symlink_install=False, test_result_base=None, continue_on_error=False, executor='parallel', parallel_workers=32, event_handlers=None, ignore_user_meta=False, metas=['./colcon.meta'], base_paths=['.'], packages_ignore=None, packages_ignore_regex=None, paths=None, packages_up_to=None, packages_up_to_regex=None, packages_above=None, packages_above_and_dependencies=None, packages_above_depth=None, packages_select_by_dep=None, packages_skip_by_dep=None, packages_skip_up_to=None, packages_select_build_failed=False, packages_skip_build_finished=False, packages_select_test_failures=False, packages_skip_test_passed=False, packages_select=None, packages_skip=None, packages_select_regex=None, packages_skip_regex=None, packages_start=None, packages_end=None, allow_overriding=[], cmake_args=None, cmake_target=None, cmake_target_skip_unavailable=False, cmake_clean_cache=False, cmake_clean_first=False, cmake_force_configure=False, ament_cmake_args=None, catkin_cmake_args=None, catkin_skip_building_tests=False, verb_parser=<colcon_defaults.argument_parser.defaults.DefaultArgumentsDecorator object at 0x7faa59b521a0>, verb_extension=<colcon_core.verb.build.BuildVerb object at 0x7faa59c56dd0>, main=<bound method BuildVerb.main of <colcon_core.verb.build.BuildVerb object at 0x7faa59c56dd0>>)
[0.300s] Level 1:colcon.colcon_core.package_discovery:discover_packages(colcon_meta) check parameters
[0.300s] Level 1:colcon.colcon_core.package_discovery:discover_packages(recursive) check parameters
[0.300s] Level 1:colcon.colcon_core.package_discovery:discover_packages(ignore) check parameters
[0.300s] Level 1:colcon.colcon_core.package_discovery:discover_packages(path) check parameters
[0.300s] Level 1:colcon.colcon_core.package_discovery:discover_packages(colcon_meta) discover
[0.300s] Level 1:colcon.colcon_core.package_discovery:discover_packages(recursive) discover
[0.300s] INFO:colcon.colcon_core.package_discovery:Crawling recursively for packages in '/home/ljoy/Robomaster/PIONEER/new_rv'
[0.300s] Level 1:colcon.colcon_core.package_identification:_identify(.) by extensions ['ignore', 'ignore_ament_install']
[0.300s] Level 1:colcon.colcon_core.package_identification:_identify(.) by extension 'ignore'
[0.300s] Level 1:colcon.colcon_core.package_identification:_identify(.) by extension 'ignore_ament_install'
[0.300s] Level 1:colcon.colcon_core.package_identification:_identify(.) by extensions ['colcon_pkg']
[0.300s] Level 1:colcon.colcon_core.package_identification:_identify(.) by extension 'colcon_pkg'
[0.300s] Level 1:colcon.colcon_core.package_identification:_identify(.) by extensions ['colcon_meta']
[0.300s] Level 1:colcon.colcon_core.package_identification:_identify(.) by extension 'colcon_meta'
[0.300s] Level 1:colcon.colcon_core.package_identification:_identify(.) by extensions ['ros']
[0.300s] Level 1:colcon.colcon_core.package_identification:_identify(.) by extension 'ros'
[0.310s] Level 1:colcon.colcon_core.package_identification:_identify(.) by extensions ['cmake', 'python']
[0.310s] Level 1:colcon.colcon_core.package_identification:_identify(.) by extension 'cmake'
[0.310s] Level 1:colcon.colcon_core.package_identification:_identify(.) by extension 'python'
[0.310s] Level 1:colcon.colcon_core.package_identification:_identify(.) by extensions ['python_setup_py']
[0.310s] Level 1:colcon.colcon_core.package_identification:_identify(.) by extension 'python_setup_py'
[0.310s] Level 1:colcon.colcon_core.package_identification:_identify(auto_aim_interfaces) by extensions ['ignore', 'ignore_ament_install']
[0.311s] Level 1:colcon.colcon_core.package_identification:_identify(auto_aim_interfaces) by extension 'ignore'
[0.311s] Level 1:colcon.colcon_core.package_identification:_identify(auto_aim_interfaces) by extension 'ignore_ament_install'
[0.311s] Level 1:colcon.colcon_core.package_identification:_identify(auto_aim_interfaces) by extensions ['colcon_pkg']
[0.311s] Level 1:colcon.colcon_core.package_identification:_identify(auto_aim_interfaces) by extension 'colcon_pkg'
[0.311s] Level 1:colcon.colcon_core.package_identification:_identify(auto_aim_interfaces) by extensions ['colcon_meta']
[0.311s] Level 1:colcon.colcon_core.package_identification:_identify(auto_aim_interfaces) by extension 'colcon_meta'
[0.311s] Level 1:colcon.colcon_core.package_identification:_identify(auto_aim_interfaces) by extensions ['ros']
[0.311s] Level 1:colcon.colcon_core.package_identification:_identify(auto_aim_interfaces) by extension 'ros'
[0.313s] DEBUG:colcon.colcon_core.package_identification:Package 'auto_aim_interfaces' with type 'ros.ament_cmake' and name 'auto_aim_interfaces'
[0.313s] Level 1:colcon.colcon_core.package_identification:_identify(build) by extensions ['ignore', 'ignore_ament_install']
[0.313s] Level 1:colcon.colcon_core.package_identification:_identify(build) by extension 'ignore'
[0.313s] Level 1:colcon.colcon_core.package_identification:_identify(build) ignored
[0.313s] Level 1:colcon.colcon_core.package_identification:_identify(hik_camera) by extensions ['ignore', 'ignore_ament_install']
[0.313s] Level 1:colcon.colcon_core.package_identification:_identify(hik_camera) by extension 'ignore'
[0.313s] Level 1:colcon.colcon_core.package_identification:_identify(hik_camera) by extension 'ignore_ament_install'
[0.313s] Level 1:colcon.colcon_core.package_identification:_identify(hik_camera) by extensions ['colcon_pkg']
[0.313s] Level 1:colcon.colcon_core.package_identification:_identify(hik_camera) by extension 'colcon_pkg'
[0.313s] Level 1:colcon.colcon_core.package_identification:_identify(hik_camera) by extensions ['colcon_meta']
[0.313s] Level 1:colcon.colcon_core.package_identification:_identify(hik_camera) by extension 'colcon_meta'
[0.313s] Level 1:colcon.colcon_core.package_identification:_identify(hik_camera) by extensions ['ros']
[0.313s] Level 1:colcon.colcon_core.package_identification:_identify(hik_camera) by extension 'ros'
[0.314s] DEBUG:colcon.colcon_core.package_identification:Package 'hik_camera' with type 'ros.ament_cmake' and name 'hik_camera'
[0.314s] Level 1:colcon.colcon_core.package_identification:_identify(install) by extensions ['ignore', 'ignore_ament_install']
[0.314s] Level 1:colcon.colcon_core.package_identification:_identify(install) by extension 'ignore'
[0.314s] Level 1:colcon.colcon_core.package_identification:_identify(install) ignored
[0.314s] Level 1:colcon.colcon_core.package_identification:_identify(log) by extensions ['ignore', 'ignore_ament_install']
[0.314s] Level 1:colcon.colcon_core.package_identification:_identify(log) by extension 'ignore'
[0.314s] Level 1:colcon.colcon_core.package_identification:_identify(log) ignored
[0.314s] Level 1:colcon.colcon_core.package_identification:_identify(rm_auto_aim) by extensions ['ignore', 'ignore_ament_install']
[0.314s] Level 1:colcon.colcon_core.package_identification:_identify(rm_auto_aim) by extension 'ignore'
[0.314s] Level 1:colcon.colcon_core.package_identification:_identify(rm_auto_aim) by extension 'ignore_ament_install'
[0.315s] Level 1:colcon.colcon_core.package_identification:_identify(rm_auto_aim) by extensions ['colcon_pkg']
[0.315s] Level 1:colcon.colcon_core.package_identification:_identify(rm_auto_aim) by extension 'colcon_pkg'
[0.315s] Level 1:colcon.colcon_core.package_identification:_identify(rm_auto_aim) by extensions ['colcon_meta']
[0.315s] Level 1:colcon.colcon_core.package_identification:_identify(rm_auto_aim) by extension 'colcon_meta'
[0.315s] Level 1:colcon.colcon_core.package_identification:_identify(rm_auto_aim) by extensions ['ros']
[0.315s] Level 1:colcon.colcon_core.package_identification:_identify(rm_auto_aim) by extension 'ros'
[0.315s] Level 1:colcon.colcon_core.package_identification:_identify(rm_auto_aim) by extensions ['cmake', 'python']
[0.315s] Level 1:colcon.colcon_core.package_identification:_identify(rm_auto_aim) by extension 'cmake'
[0.315s] Level 1:colcon.colcon_core.package_identification:_identify(rm_auto_aim) by extension 'python'
[0.315s] Level 1:colcon.colcon_core.package_identification:_identify(rm_auto_aim) by extensions ['python_setup_py']
[0.315s] Level 1:colcon.colcon_core.package_identification:_identify(rm_auto_aim) by extension 'python_setup_py'
[0.315s] Level 1:colcon.colcon_core.package_identification:_identify(rm_auto_aim/armor_detector) by extensions ['ignore', 'ignore_ament_install']
[0.315s] Level 1:colcon.colcon_core.package_identification:_identify(rm_auto_aim/armor_detector) by extension 'ignore'
[0.315s] Level 1:colcon.colcon_core.package_identification:_identify(rm_auto_aim/armor_detector) by extension 'ignore_ament_install'
[0.315s] Level 1:colcon.colcon_core.package_identification:_identify(rm_auto_aim/armor_detector) by extensions ['colcon_pkg']
[0.315s] Level 1:colcon.colcon_core.package_identification:_identify(rm_auto_aim/armor_detector) by extension 'colcon_pkg'
[0.315s] Level 1:colcon.colcon_core.package_identification:_identify(rm_auto_aim/armor_detector) by extensions ['colcon_meta']
[0.315s] Level 1:colcon.colcon_core.package_identification:_identify(rm_auto_aim/armor_detector) by extension 'colcon_meta'
[0.315s] Level 1:colcon.colcon_core.package_identification:_identify(rm_auto_aim/armor_detector) by extensions ['ros']
[0.315s] Level 1:colcon.colcon_core.package_identification:_identify(rm_auto_aim/armor_detector) by extension 'ros'
[0.316s] DEBUG:colcon.colcon_core.package_identification:Package 'rm_auto_aim/armor_detector' with type 'ros.ament_cmake' and name 'armor_detector'
[0.316s] Level 1:colcon.colcon_core.package_identification:_identify(rm_auto_aim/armor_tracker) by extensions ['ignore', 'ignore_ament_install']
[0.316s] Level 1:colcon.colcon_core.package_identification:_identify(rm_auto_aim/armor_tracker) by extension 'ignore'
[0.316s] Level 1:colcon.colcon_core.package_identification:_identify(rm_auto_aim/armor_tracker) by extension 'ignore_ament_install'
[0.316s] Level 1:colcon.colcon_core.package_identification:_identify(rm_auto_aim/armor_tracker) by extensions ['colcon_pkg']
[0.316s] Level 1:colcon.colcon_core.package_identification:_identify(rm_auto_aim/armor_tracker) by extension 'colcon_pkg'
[0.316s] Level 1:colcon.colcon_core.package_identification:_identify(rm_auto_aim/armor_tracker) by extensions ['colcon_meta']
[0.316s] Level 1:colcon.colcon_core.package_identification:_identify(rm_auto_aim/armor_tracker) by extension 'colcon_meta'
[0.316s] Level 1:colcon.colcon_core.package_identification:_identify(rm_auto_aim/armor_tracker) by extensions ['ros']
[0.316s] Level 1:colcon.colcon_core.package_identification:_identify(rm_auto_aim/armor_tracker) by extension 'ros'
[0.317s] DEBUG:colcon.colcon_core.package_identification:Package 'rm_auto_aim/armor_tracker' with type 'ros.ament_cmake' and name 'armor_tracker'
[0.318s] Level 1:colcon.colcon_core.package_identification:_identify(rm_gimbal_description) by extensions ['ignore', 'ignore_ament_install']
[0.318s] Level 1:colcon.colcon_core.package_identification:_identify(rm_gimbal_description) by extension 'ignore'
[0.318s] Level 1:colcon.colcon_core.package_identification:_identify(rm_gimbal_description) by extension 'ignore_ament_install'
[0.318s] Level 1:colcon.colcon_core.package_identification:_identify(rm_gimbal_description) by extensions ['colcon_pkg']
[0.318s] Level 1:colcon.colcon_core.package_identification:_identify(rm_gimbal_description) by extension 'colcon_pkg'
[0.318s] Level 1:colcon.colcon_core.package_identification:_identify(rm_gimbal_description) by extensions ['colcon_meta']
[0.318s] Level 1:colcon.colcon_core.package_identification:_identify(rm_gimbal_description) by extension 'colcon_meta'
[0.318s] Level 1:colcon.colcon_core.package_identification:_identify(rm_gimbal_description) by extensions ['ros']
[0.318s] Level 1:colcon.colcon_core.package_identification:_identify(rm_gimbal_description) by extension 'ros'
[0.318s] DEBUG:colcon.colcon_core.package_identification:Package 'rm_gimbal_description' with type 'ros.ament_cmake' and name 'rm_gimbal_description'
[0.318s] Level 1:colcon.colcon_core.package_identification:_identify(rm_planner) by extensions ['ignore', 'ignore_ament_install']
[0.318s] Level 1:colcon.colcon_core.package_identification:_identify(rm_planner) by extension 'ignore'
[0.318s] Level 1:colcon.colcon_core.package_identification:_identify(rm_planner) by extension 'ignore_ament_install'
[0.318s] Level 1:colcon.colcon_core.package_identification:_identify(rm_planner) by extensions ['colcon_pkg']
[0.318s] Level 1:colcon.colcon_core.package_identification:_identify(rm_planner) by extension 'colcon_pkg'
[0.318s] Level 1:colcon.colcon_core.package_identification:_identify(rm_planner) by extensions ['colcon_meta']
[0.318s] Level 1:colcon.colcon_core.package_identification:_identify(rm_planner) by extension 'colcon_meta'
[0.319s] Level 1:colcon.colcon_core.package_identification:_identify(rm_planner) by extensions ['ros']
[0.319s] Level 1:colcon.colcon_core.package_identification:_identify(rm_planner) by extension 'ros'
[0.319s] DEBUG:colcon.colcon_core.package_identification:Package 'rm_planner' with type 'ros.ament_cmake' and name 'rm_planner'
[0.320s] Level 1:colcon.colcon_core.package_identification:_identify(rm_serial_driver) by extensions ['ignore', 'ignore_ament_install']
[0.320s] Level 1:colcon.colcon_core.package_identification:_identify(rm_serial_driver) by extension 'ignore'
[0.320s] Level 1:colcon.colcon_core.package_identification:_identify(rm_serial_driver) by extension 'ignore_ament_install'
[0.320s] Level 1:colcon.colcon_core.package_identification:_identify(rm_serial_driver) by extensions ['colcon_pkg']
[0.320s] Level 1:colcon.colcon_core.package_identification:_identify(rm_serial_driver) by extension 'colcon_pkg'
[0.320s] Level 1:colcon.colcon_core.package_identification:_identify(rm_serial_driver) by extensions ['colcon_meta']
[0.320s] Level 1:colcon.colcon_core.package_identification:_identify(rm_serial_driver) by extension 'colcon_meta'
[0.320s] Level 1:colcon.colcon_core.package_identification:_identify(rm_serial_driver) by extensions ['ros']
[0.320s] Level 1:colcon.colcon_core.package_identification:_identify(rm_serial_driver) by extension 'ros'
[0.321s] DEBUG:colcon.colcon_core.package_identification:Package 'rm_serial_driver' with type 'ros.ament_cmake' and name 'rm_serial_driver'
[0.321s] Level 1:colcon.colcon_core.package_identification:_identify(rm_tools) by extensions ['ignore', 'ignore_ament_install']
[0.321s] Level 1:colcon.colcon_core.package_identification:_identify(rm_tools) by extension 'ignore'
[0.321s] Level 1:colcon.colcon_core.package_identification:_identify(rm_tools) by extension 'ignore_ament_install'
[0.321s] Level 1:colcon.colcon_core.package_identification:_identify(rm_tools) by extensions ['colcon_pkg']
[0.321s] Level 1:colcon.colcon_core.package_identification:_identify(rm_tools) by extension 'colcon_pkg'
[0.321s] Level 1:colcon.colcon_core.package_identification:_identify(rm_tools) by extensions ['colcon_meta']
[0.321s] Level 1:colcon.colcon_core.package_identification:_identify(rm_tools) by extension 'colcon_meta'
[0.321s] Level 1:colcon.colcon_core.package_identification:_identify(rm_tools) by extensions ['ros']
[0.321s] Level 1:colcon.colcon_core.package_identification:_identify(rm_tools) by extension 'ros'
[0.322s] DEBUG:colcon.colcon_core.package_identification:Package 'rm_tools' with type 'ros.ament_cmake' and name 'rm_tools'
[0.322s] Level 1:colcon.colcon_core.package_identification:_identify(rm_vision) by extensions ['ignore', 'ignore_ament_install']
[0.322s] Level 1:colcon.colcon_core.package_identification:_identify(rm_vision) by extension 'ignore'
[0.322s] Level 1:colcon.colcon_core.package_identification:_identify(rm_vision) by extension 'ignore_ament_install'
[0.322s] Level 1:colcon.colcon_core.package_identification:_identify(rm_vision) by extensions ['colcon_pkg']
[0.322s] Level 1:colcon.colcon_core.package_identification:_identify(rm_vision) by extension 'colcon_pkg'
[0.322s] Level 1:colcon.colcon_core.package_identification:_identify(rm_vision) by extensions ['colcon_meta']
[0.322s] Level 1:colcon.colcon_core.package_identification:_identify(rm_vision) by extension 'colcon_meta'
[0.322s] Level 1:colcon.colcon_core.package_identification:_identify(rm_vision) by extensions ['ros']
[0.322s] Level 1:colcon.colcon_core.package_identification:_identify(rm_vision) by extension 'ros'
[0.322s] Level 1:colcon.colcon_core.package_identification:_identify(rm_vision) by extensions ['cmake', 'python']
[0.322s] Level 1:colcon.colcon_core.package_identification:_identify(rm_vision) by extension 'cmake'
[0.322s] Level 1:colcon.colcon_core.package_identification:_identify(rm_vision) by extension 'python'
[0.322s] Level 1:colcon.colcon_core.package_identification:_identify(rm_vision) by extensions ['python_setup_py']
[0.322s] Level 1:colcon.colcon_core.package_identification:_identify(rm_vision) by extension 'python_setup_py'
[0.323s] Level 1:colcon.colcon_core.package_identification:_identify(rm_vision/docs) by extensions ['ignore', 'ignore_ament_install']
[0.323s] Level 1:colcon.colcon_core.package_identification:_identify(rm_vision/docs) by extension 'ignore'
[0.323s] Level 1:colcon.colcon_core.package_identification:_identify(rm_vision/docs) by extension 'ignore_ament_install'
[0.323s] Level 1:colcon.colcon_core.package_identification:_identify(rm_vision/docs) by extensions ['colcon_pkg']
[0.323s] Level 1:colcon.colcon_core.package_identification:_identify(rm_vision/docs) by extension 'colcon_pkg'
[0.323s] Level 1:colcon.colcon_core.package_identification:_identify(rm_vision/docs) by extensions ['colcon_meta']
[0.323s] Level 1:colcon.colcon_core.package_identification:_identify(rm_vision/docs) by extension 'colcon_meta'
[0.323s] Level 1:colcon.colcon_core.package_identification:_identify(rm_vision/docs) by extensions ['ros']
[0.323s] Level 1:colcon.colcon_core.package_identification:_identify(rm_vision/docs) by extension 'ros'
[0.323s] Level 1:colcon.colcon_core.package_identification:_identify(rm_vision/docs) by extensions ['cmake', 'python']
[0.323s] Level 1:colcon.colcon_core.package_identification:_identify(rm_vision/docs) by extension 'cmake'
[0.323s] Level 1:colcon.colcon_core.package_identification:_identify(rm_vision/docs) by extension 'python'
[0.323s] Level 1:colcon.colcon_core.package_identification:_identify(rm_vision/docs) by extensions ['python_setup_py']
[0.323s] Level 1:colcon.colcon_core.package_identification:_identify(rm_vision/docs) by extension 'python_setup_py'
[0.323s] Level 1:colcon.colcon_core.package_identification:_identify(rm_vision/rm_vision_bringup) by extensions ['ignore', 'ignore_ament_install']
[0.323s] Level 1:colcon.colcon_core.package_identification:_identify(rm_vision/rm_vision_bringup) by extension 'ignore'
[0.323s] Level 1:colcon.colcon_core.package_identification:_identify(rm_vision/rm_vision_bringup) by extension 'ignore_ament_install'
[0.323s] Level 1:colcon.colcon_core.package_identification:_identify(rm_vision/rm_vision_bringup) by extensions ['colcon_pkg']
[0.323s] Level 1:colcon.colcon_core.package_identification:_identify(rm_vision/rm_vision_bringup) by extension 'colcon_pkg'
[0.323s] Level 1:colcon.colcon_core.package_identification:_identify(rm_vision/rm_vision_bringup) by extensions ['colcon_meta']
[0.323s] Level 1:colcon.colcon_core.package_identification:_identify(rm_vision/rm_vision_bringup) by extension 'colcon_meta'
[0.323s] Level 1:colcon.colcon_core.package_identification:_identify(rm_vision/rm_vision_bringup) by extensions ['ros']
[0.323s] Level 1:colcon.colcon_core.package_identification:_identify(rm_vision/rm_vision_bringup) by extension 'ros'
[0.324s] DEBUG:colcon.colcon_core.package_identification:Package 'rm_vision/rm_vision_bringup' with type 'ros.ament_cmake' and name 'rm_vision_bringup'
[0.324s] Level 1:colcon.colcon_core.package_discovery:discover_packages(recursive) using defaults
[0.324s] Level 1:colcon.colcon_core.package_discovery:discover_packages(ignore) discover
[0.324s] Level 1:colcon.colcon_core.package_discovery:discover_packages(ignore) using defaults
[0.324s] Level 1:colcon.colcon_core.package_discovery:discover_packages(path) discover
[0.324s] Level 1:colcon.colcon_core.package_discovery:discover_packages(path) using defaults
[0.348s] Level 1:colcon.colcon_core.package_discovery:discover_packages(prefix_path) check parameters
[0.348s] Level 1:colcon.colcon_core.package_discovery:discover_packages(prefix_path) discover
[0.351s] DEBUG:colcon.colcon_installed_package_information.package_discovery:Found 304 installed packages in /opt/ros/humble
[0.352s] Level 1:colcon.colcon_core.package_discovery:discover_packages(prefix_path) using defaults
[0.398s] Level 5:colcon.colcon_core.verb:set package 'auto_aim_interfaces' build argument 'cmake_args' from command line to 'None'
[0.398s] Level 5:colcon.colcon_core.verb:set package 'auto_aim_interfaces' build argument 'cmake_target' from command line to 'None'
[0.398s] Level 5:colcon.colcon_core.verb:set package 'auto_aim_interfaces' build argument 'cmake_target_skip_unavailable' from command line to 'False'
[0.398s] Level 5:colcon.colcon_core.verb:set package 'auto_aim_interfaces' build argument 'cmake_clean_cache' from command line to 'False'
[0.398s] Level 5:colcon.colcon_core.verb:set package 'auto_aim_interfaces' build argument 'cmake_clean_first' from command line to 'False'
[0.398s] Level 5:colcon.colcon_core.verb:set package 'auto_aim_interfaces' build argument 'cmake_force_configure' from command line to 'False'
[0.398s] Level 5:colcon.colcon_core.verb:set package 'auto_aim_interfaces' build argument 'ament_cmake_args' from command line to 'None'
[0.398s] Level 5:colcon.colcon_core.verb:set package 'auto_aim_interfaces' build argument 'catkin_cmake_args' from command line to 'None'
[0.398s] Level 5:colcon.colcon_core.verb:set package 'auto_aim_interfaces' build argument 'catkin_skip_building_tests' from command line to 'False'
[0.398s] DEBUG:colcon.colcon_core.verb:Building package 'auto_aim_interfaces' with the following arguments: {'ament_cmake_args': None, 'build_base': '/home/ljoy/Robomaster/PIONEER/new_rv/build/auto_aim_interfaces', 'catkin_cmake_args': None, 'catkin_skip_building_tests': False, 'cmake_args': None, 'cmake_clean_cache': False, 'cmake_clean_first': False, 'cmake_force_configure': False, 'cmake_target': None, 'cmake_target_skip_unavailable': False, 'install_base': '/home/ljoy/Robomaster/PIONEER/new_rv/install/auto_aim_interfaces', 'merge_install': False, 'path': '/home/ljoy/Robomaster/PIONEER/new_rv/auto_aim_interfaces', 'symlink_install': False, 'test_result_base': None}
[0.398s] Level 5:colcon.colcon_core.verb:set package 'hik_camera' build argument 'cmake_args' from command line to 'None'
[0.398s] Level 5:colcon.colcon_core.verb:set package 'hik_camera' build argument 'cmake_target' from command line to 'None'
[0.398s] Level 5:colcon.colcon_core.verb:set package 'hik_camera' build argument 'cmake_target_skip_unavailable' from command line to 'False'
[0.398s] Level 5:colcon.colcon_core.verb:set package 'hik_camera' build argument 'cmake_clean_cache' from command line to 'False'
[0.398s] Level 5:colcon.colcon_core.verb:set package 'hik_camera' build argument 'cmake_clean_first' from command line to 'False'
[0.398s] Level 5:colcon.colcon_core.verb:set package 'hik_camera' build argument 'cmake_force_configure' from command line to 'False'
[0.398s] Level 5:colcon.colcon_core.verb:set package 'hik_camera' build argument 'ament_cmake_args' from command line to 'None'
[0.398s] Level 5:colcon.colcon_core.verb:set package 'hik_camera' build argument 'catkin_cmake_args' from command line to 'None'
[0.398s] Level 5:colcon.colcon_core.verb:set package 'hik_camera' build argument 'catkin_skip_building_tests' from command line to 'False'
[0.398s] DEBUG:colcon.colcon_core.verb:Building package 'hik_camera' with the following arguments: {'ament_cmake_args': None, 'build_base': '/home/ljoy/Robomaster/PIONEER/new_rv/build/hik_camera', 'catkin_cmake_args': None, 'catkin_skip_building_tests': False, 'cmake_args': None, 'cmake_clean_cache': False, 'cmake_clean_first': False, 'cmake_force_configure': False, 'cmake_target': None, 'cmake_target_skip_unavailable': False, 'install_base': '/home/ljoy/Robomaster/PIONEER/new_rv/install/hik_camera', 'merge_install': False, 'path': '/home/ljoy/Robomaster/PIONEER/new_rv/hik_camera', 'symlink_install': False, 'test_result_base': None}
[0.399s] Level 5:colcon.colcon_core.verb:set package 'rm_gimbal_description' build argument 'cmake_args' from command line to 'None'
[0.399s] Level 5:colcon.colcon_core.verb:set package 'rm_gimbal_description' build argument 'cmake_target' from command line to 'None'
[0.399s] Level 5:colcon.colcon_core.verb:set package 'rm_gimbal_description' build argument 'cmake_target_skip_unavailable' from command line to 'False'
[0.399s] Level 5:colcon.colcon_core.verb:set package 'rm_gimbal_description' build argument 'cmake_clean_cache' from command line to 'False'
[0.399s] Level 5:colcon.colcon_core.verb:set package 'rm_gimbal_description' build argument 'cmake_clean_first' from command line to 'False'
[0.399s] Level 5:colcon.colcon_core.verb:set package 'rm_gimbal_description' build argument 'cmake_force_configure' from command line to 'False'
[0.399s] Level 5:colcon.colcon_core.verb:set package 'rm_gimbal_description' build argument 'ament_cmake_args' from command line to 'None'
[0.399s] Level 5:colcon.colcon_core.verb:set package 'rm_gimbal_description' build argument 'catkin_cmake_args' from command line to 'None'
[0.399s] Level 5:colcon.colcon_core.verb:set package 'rm_gimbal_description' build argument 'catkin_skip_building_tests' from command line to 'False'
[0.399s] DEBUG:colcon.colcon_core.verb:Building package 'rm_gimbal_description' with the following arguments: {'ament_cmake_args': None, 'build_base': '/home/ljoy/Robomaster/PIONEER/new_rv/build/rm_gimbal_description', 'catkin_cmake_args': None, 'catkin_skip_building_tests': False, 'cmake_args': None, 'cmake_clean_cache': False, 'cmake_clean_first': False, 'cmake_force_configure': False, 'cmake_target': None, 'cmake_target_skip_unavailable': False, 'install_base': '/home/ljoy/Robomaster/PIONEER/new_rv/install/rm_gimbal_description', 'merge_install': False, 'path': '/home/ljoy/Robomaster/PIONEER/new_rv/rm_gimbal_description', 'symlink_install': False, 'test_result_base': None}
[0.399s] Level 5:colcon.colcon_core.verb:set package 'rm_tools' build argument 'cmake_args' from command line to 'None'
[0.399s] Level 5:colcon.colcon_core.verb:set package 'rm_tools' build argument 'cmake_target' from command line to 'None'
[0.399s] Level 5:colcon.colcon_core.verb:set package 'rm_tools' build argument 'cmake_target_skip_unavailable' from command line to 'False'
[0.399s] Level 5:colcon.colcon_core.verb:set package 'rm_tools' build argument 'cmake_clean_cache' from command line to 'False'
[0.399s] Level 5:colcon.colcon_core.verb:set package 'rm_tools' build argument 'cmake_clean_first' from command line to 'False'
[0.399s] Level 5:colcon.colcon_core.verb:set package 'rm_tools' build argument 'cmake_force_configure' from command line to 'False'
[0.399s] Level 5:colcon.colcon_core.verb:set package 'rm_tools' build argument 'ament_cmake_args' from command line to 'None'
[0.399s] Level 5:colcon.colcon_core.verb:set package 'rm_tools' build argument 'catkin_cmake_args' from command line to 'None'
[0.399s] Level 5:colcon.colcon_core.verb:set package 'rm_tools' build argument 'catkin_skip_building_tests' from command line to 'False'
[0.399s] DEBUG:colcon.colcon_core.verb:Building package 'rm_tools' with the following arguments: {'ament_cmake_args': None, 'build_base': '/home/ljoy/Robomaster/PIONEER/new_rv/build/rm_tools', 'catkin_cmake_args': None, 'catkin_skip_building_tests': False, 'cmake_args': None, 'cmake_clean_cache': False, 'cmake_clean_first': False, 'cmake_force_configure': False, 'cmake_target': None, 'cmake_target_skip_unavailable': False, 'install_base': '/home/ljoy/Robomaster/PIONEER/new_rv/install/rm_tools', 'merge_install': False, 'path': '/home/ljoy/Robomaster/PIONEER/new_rv/rm_tools', 'symlink_install': False, 'test_result_base': None}
[0.399s] Level 5:colcon.colcon_core.verb:set package 'armor_detector' build argument 'cmake_args' from command line to 'None'
[0.399s] Level 5:colcon.colcon_core.verb:set package 'armor_detector' build argument 'cmake_target' from command line to 'None'
[0.399s] Level 5:colcon.colcon_core.verb:set package 'armor_detector' build argument 'cmake_target_skip_unavailable' from command line to 'False'
[0.399s] Level 5:colcon.colcon_core.verb:set package 'armor_detector' build argument 'cmake_clean_cache' from command line to 'False'
[0.399s] Level 5:colcon.colcon_core.verb:set package 'armor_detector' build argument 'cmake_clean_first' from command line to 'False'
[0.399s] Level 5:colcon.colcon_core.verb:set package 'armor_detector' build argument 'cmake_force_configure' from command line to 'False'
[0.399s] Level 5:colcon.colcon_core.verb:set package 'armor_detector' build argument 'ament_cmake_args' from command line to 'None'
[0.399s] Level 5:colcon.colcon_core.verb:set package 'armor_detector' build argument 'catkin_cmake_args' from command line to 'None'
[0.399s] Level 5:colcon.colcon_core.verb:set package 'armor_detector' build argument 'catkin_skip_building_tests' from command line to 'False'
[0.399s] DEBUG:colcon.colcon_core.verb:Building package 'armor_detector' with the following arguments: {'ament_cmake_args': None, 'build_base': '/home/ljoy/Robomaster/PIONEER/new_rv/build/armor_detector', 'catkin_cmake_args': None, 'catkin_skip_building_tests': False, 'cmake_args': None, 'cmake_clean_cache': False, 'cmake_clean_first': False, 'cmake_force_configure': False, 'cmake_target': None, 'cmake_target_skip_unavailable': False, 'install_base': '/home/ljoy/Robomaster/PIONEER/new_rv/install/armor_detector', 'merge_install': False, 'path': '/home/ljoy/Robomaster/PIONEER/new_rv/rm_auto_aim/armor_detector', 'symlink_install': False, 'test_result_base': None}
[0.400s] Level 5:colcon.colcon_core.verb:set package 'armor_tracker' build argument 'cmake_args' from command line to 'None'
[0.400s] Level 5:colcon.colcon_core.verb:set package 'armor_tracker' build argument 'cmake_target' from command line to 'None'
[0.400s] Level 5:colcon.colcon_core.verb:set package 'armor_tracker' build argument 'cmake_target_skip_unavailable' from command line to 'False'
[0.400s] Level 5:colcon.colcon_core.verb:set package 'armor_tracker' build argument 'cmake_clean_cache' from command line to 'False'
[0.400s] Level 5:colcon.colcon_core.verb:set package 'armor_tracker' build argument 'cmake_clean_first' from command line to 'False'
[0.400s] Level 5:colcon.colcon_core.verb:set package 'armor_tracker' build argument 'cmake_force_configure' from command line to 'False'
[0.400s] Level 5:colcon.colcon_core.verb:set package 'armor_tracker' build argument 'ament_cmake_args' from command line to 'None'
[0.400s] Level 5:colcon.colcon_core.verb:set package 'armor_tracker' build argument 'catkin_cmake_args' from command line to 'None'
[0.400s] Level 5:colcon.colcon_core.verb:set package 'armor_tracker' build argument 'catkin_skip_building_tests' from command line to 'False'
[0.400s] DEBUG:colcon.colcon_core.verb:Building package 'armor_tracker' with the following arguments: {'ament_cmake_args': None, 'build_base': '/home/ljoy/Robomaster/PIONEER/new_rv/build/armor_tracker', 'catkin_cmake_args': None, 'catkin_skip_building_tests': False, 'cmake_args': None, 'cmake_clean_cache': False, 'cmake_clean_first': False, 'cmake_force_configure': False, 'cmake_target': None, 'cmake_target_skip_unavailable': False, 'install_base': '/home/ljoy/Robomaster/PIONEER/new_rv/install/armor_tracker', 'merge_install': False, 'path': '/home/ljoy/Robomaster/PIONEER/new_rv/rm_auto_aim/armor_tracker', 'symlink_install': False, 'test_result_base': None}
[0.400s] Level 5:colcon.colcon_core.verb:set package 'rm_planner' build argument 'cmake_args' from command line to 'None'
[0.400s] Level 5:colcon.colcon_core.verb:set package 'rm_planner' build argument 'cmake_target' from command line to 'None'
[0.400s] Level 5:colcon.colcon_core.verb:set package 'rm_planner' build argument 'cmake_target_skip_unavailable' from command line to 'False'
[0.400s] Level 5:colcon.colcon_core.verb:set package 'rm_planner' build argument 'cmake_clean_cache' from command line to 'False'
[0.400s] Level 5:colcon.colcon_core.verb:set package 'rm_planner' build argument 'cmake_clean_first' from command line to 'False'
[0.400s] Level 5:colcon.colcon_core.verb:set package 'rm_planner' build argument 'cmake_force_configure' from command line to 'False'
[0.400s] Level 5:colcon.colcon_core.verb:set package 'rm_planner' build argument 'ament_cmake_args' from command line to 'None'
[0.400s] Level 5:colcon.colcon_core.verb:set package 'rm_planner' build argument 'catkin_cmake_args' from command line to 'None'
[0.400s] Level 5:colcon.colcon_core.verb:set package 'rm_planner' build argument 'catkin_skip_building_tests' from command line to 'False'
[0.400s] DEBUG:colcon.colcon_core.verb:Building package 'rm_planner' with the following arguments: {'ament_cmake_args': None, 'build_base': '/home/ljoy/Robomaster/PIONEER/new_rv/build/rm_planner', 'catkin_cmake_args': None, 'catkin_skip_building_tests': False, 'cmake_args': None, 'cmake_clean_cache': False, 'cmake_clean_first': False, 'cmake_force_configure': False, 'cmake_target': None, 'cmake_target_skip_unavailable': False, 'install_base': '/home/ljoy/Robomaster/PIONEER/new_rv/install/rm_planner', 'merge_install': False, 'path': '/home/ljoy/Robomaster/PIONEER/new_rv/rm_planner', 'symlink_install': False, 'test_result_base': None}
[0.400s] Level 5:colcon.colcon_core.verb:set package 'rm_serial_driver' build argument 'cmake_args' from command line to 'None'
[0.400s] Level 5:colcon.colcon_core.verb:set package 'rm_serial_driver' build argument 'cmake_target' from command line to 'None'
[0.400s] Level 5:colcon.colcon_core.verb:set package 'rm_serial_driver' build argument 'cmake_target_skip_unavailable' from command line to 'False'
[0.400s] Level 5:colcon.colcon_core.verb:set package 'rm_serial_driver' build argument 'cmake_clean_cache' from command line to 'False'
[0.400s] Level 5:colcon.colcon_core.verb:set package 'rm_serial_driver' build argument 'cmake_clean_first' from command line to 'False'
[0.400s] Level 5:colcon.colcon_core.verb:set package 'rm_serial_driver' build argument 'cmake_force_configure' from command line to 'False'
[0.400s] Level 5:colcon.colcon_core.verb:set package 'rm_serial_driver' build argument 'ament_cmake_args' from command line to 'None'
[0.400s] Level 5:colcon.colcon_core.verb:set package 'rm_serial_driver' build argument 'catkin_cmake_args' from command line to 'None'
[0.400s] Level 5:colcon.colcon_core.verb:set package 'rm_serial_driver' build argument 'catkin_skip_building_tests' from command line to 'False'
[0.400s] DEBUG:colcon.colcon_core.verb:Building package 'rm_serial_driver' with the following arguments: {'ament_cmake_args': None, 'build_base': '/home/ljoy/Robomaster/PIONEER/new_rv/build/rm_serial_driver', 'catkin_cmake_args': None, 'catkin_skip_building_tests': False, 'cmake_args': None, 'cmake_clean_cache': False, 'cmake_clean_first': False, 'cmake_force_configure': False, 'cmake_target': None, 'cmake_target_skip_unavailable': False, 'install_base': '/home/ljoy/Robomaster/PIONEER/new_rv/install/rm_serial_driver', 'merge_install': False, 'path': '/home/ljoy/Robomaster/PIONEER/new_rv/rm_serial_driver', 'symlink_install': False, 'test_result_base': None}
[0.401s] Level 5:colcon.colcon_core.verb:set package 'rm_vision_bringup' build argument 'cmake_args' from command line to 'None'
[0.401s] Level 5:colcon.colcon_core.verb:set package 'rm_vision_bringup' build argument 'cmake_target' from command line to 'None'
[0.401s] Level 5:colcon.colcon_core.verb:set package 'rm_vision_bringup' build argument 'cmake_target_skip_unavailable' from command line to 'False'
[0.401s] Level 5:colcon.colcon_core.verb:set package 'rm_vision_bringup' build argument 'cmake_clean_cache' from command line to 'False'
[0.401s] Level 5:colcon.colcon_core.verb:set package 'rm_vision_bringup' build argument 'cmake_clean_first' from command line to 'False'
[0.401s] Level 5:colcon.colcon_core.verb:set package 'rm_vision_bringup' build argument 'cmake_force_configure' from command line to 'False'
[0.401s] Level 5:colcon.colcon_core.verb:set package 'rm_vision_bringup' build argument 'ament_cmake_args' from command line to 'None'
[0.401s] Level 5:colcon.colcon_core.verb:set package 'rm_vision_bringup' build argument 'catkin_cmake_args' from command line to 'None'
[0.401s] Level 5:colcon.colcon_core.verb:set package 'rm_vision_bringup' build argument 'catkin_skip_building_tests' from command line to 'False'
[0.401s] DEBUG:colcon.colcon_core.verb:Building package 'rm_vision_bringup' with the following arguments: {'ament_cmake_args': None, 'build_base': '/home/ljoy/Robomaster/PIONEER/new_rv/build/rm_vision_bringup', 'catkin_cmake_args': None, 'catkin_skip_building_tests': False, 'cmake_args': None, 'cmake_clean_cache': False, 'cmake_clean_first': False, 'cmake_force_configure': False, 'cmake_target': None, 'cmake_target_skip_unavailable': False, 'install_base': '/home/ljoy/Robomaster/PIONEER/new_rv/install/rm_vision_bringup', 'merge_install': False, 'path': '/home/ljoy/Robomaster/PIONEER/new_rv/rm_vision/rm_vision_bringup', 'symlink_install': False, 'test_result_base': None}
[0.401s] INFO:colcon.colcon_core.executor:Executing jobs using 'parallel' executor
[0.401s] DEBUG:colcon.colcon_parallel_executor.executor.parallel:run_until_complete
[0.402s] INFO:colcon.colcon_ros.task.ament_cmake.build:Building ROS package in '/home/ljoy/Robomaster/PIONEER/new_rv/auto_aim_interfaces' with build type 'ament_cmake'
[0.402s] INFO:colcon.colcon_cmake.task.cmake.build:Building CMake package in '/home/ljoy/Robomaster/PIONEER/new_rv/auto_aim_interfaces'
[0.404s] INFO:colcon.colcon_core.plugin_system:Skipping extension 'colcon_core.shell.bat': Not used on non-Windows systems
[0.404s] INFO:colcon.colcon_core.shell:Skip shell extension 'powershell' for command environment: Not usable outside of PowerShell
[0.404s] DEBUG:colcon.colcon_core.shell:Skip shell extension 'dsv' for command environment
[0.407s] INFO:colcon.colcon_ros.task.ament_cmake.build:Building ROS package in '/home/ljoy/Robomaster/PIONEER/new_rv/rm_tools' with build type 'ament_cmake'
[0.407s] INFO:colcon.colcon_cmake.task.cmake.build:Building CMake package in '/home/ljoy/Robomaster/PIONEER/new_rv/rm_tools'
[0.407s] INFO:colcon.colcon_core.shell:Skip shell extension 'powershell' for command environment: Not usable outside of PowerShell
[0.407s] DEBUG:colcon.colcon_core.shell:Skip shell extension 'dsv' for command environment
[0.409s] INFO:colcon.colcon_ros.task.ament_cmake.build:Building ROS package in '/home/ljoy/Robomaster/PIONEER/new_rv/hik_camera' with build type 'ament_cmake'
[0.409s] INFO:colcon.colcon_cmake.task.cmake.build:Building CMake package in '/home/ljoy/Robomaster/PIONEER/new_rv/hik_camera'
[0.409s] INFO:colcon.colcon_core.shell:Skip shell extension 'powershell' for command environment: Not usable outside of PowerShell
[0.409s] DEBUG:colcon.colcon_core.shell:Skip shell extension 'dsv' for command environment
[0.411s] INFO:colcon.colcon_ros.task.ament_cmake.build:Building ROS package in '/home/ljoy/Robomaster/PIONEER/new_rv/rm_gimbal_description' with build type 'ament_cmake'
[0.411s] INFO:colcon.colcon_cmake.task.cmake.build:Building CMake package in '/home/ljoy/Robomaster/PIONEER/new_rv/rm_gimbal_description'
[0.411s] INFO:colcon.colcon_core.shell:Skip shell extension 'powershell' for command environment: Not usable outside of PowerShell
[0.411s] DEBUG:colcon.colcon_core.shell:Skip shell extension 'dsv' for command environment
[0.416s] DEBUG:colcon.colcon_core.event_handler.log_command:Invoking command in '/home/ljoy/Robomaster/PIONEER/new_rv/build/auto_aim_interfaces': CMAKE_PREFIX_PATH=/opt/ros/humble /usr/bin/cmake --build /home/ljoy/Robomaster/PIONEER/new_rv/build/auto_aim_interfaces -- -j32 -l32
[0.419s] DEBUG:colcon.colcon_core.event_handler.log_command:Invoking command in '/home/ljoy/Robomaster/PIONEER/new_rv/build/rm_tools': CMAKE_PREFIX_PATH=/opt/ros/humble /usr/bin/cmake --build /home/ljoy/Robomaster/PIONEER/new_rv/build/rm_tools -- -j32 -l32
[0.421s] DEBUG:colcon.colcon_core.event_handler.log_command:Invoking command in '/home/ljoy/Robomaster/PIONEER/new_rv/build/hik_camera': CMAKE_PREFIX_PATH=/opt/ros/humble /usr/bin/cmake --build /home/ljoy/Robomaster/PIONEER/new_rv/build/hik_camera -- -j32 -l32
[0.424s] DEBUG:colcon.colcon_core.event_handler.log_command:Invoking command in '/home/ljoy/Robomaster/PIONEER/new_rv/build/rm_gimbal_description': CMAKE_PREFIX_PATH=/opt/ros/humble /usr/bin/cmake --build /home/ljoy/Robomaster/PIONEER/new_rv/build/rm_gimbal_description -- -j32 -l32
[0.435s] DEBUG:colcon.colcon_core.event_handler.log_command:Invoked command in '/home/ljoy/Robomaster/PIONEER/new_rv/build/rm_gimbal_description' returned '0': CMAKE_PREFIX_PATH=/opt/ros/humble /usr/bin/cmake --build /home/ljoy/Robomaster/PIONEER/new_rv/build/rm_gimbal_description -- -j32 -l32
[0.451s] DEBUG:colcon.colcon_core.event_handler.log_command:Invoking command in '/home/ljoy/Robomaster/PIONEER/new_rv/build/rm_gimbal_description': CMAKE_PREFIX_PATH=/opt/ros/humble /usr/bin/cmake --install /home/ljoy/Robomaster/PIONEER/new_rv/build/rm_gimbal_description
[0.452s] DEBUG:colcon.colcon_core.event_handler.log_command:Invoked command in '/home/ljoy/Robomaster/PIONEER/new_rv/build/rm_tools' returned '0': CMAKE_PREFIX_PATH=/opt/ros/humble /usr/bin/cmake --build /home/ljoy/Robomaster/PIONEER/new_rv/build/rm_tools -- -j32 -l32
[0.455s] DEBUG:colcon.colcon_core.event_handler.log_command:Invoked command in '/home/ljoy/Robomaster/PIONEER/new_rv/build/hik_camera' returned '0': CMAKE_PREFIX_PATH=/opt/ros/humble /usr/bin/cmake --build /home/ljoy/Robomaster/PIONEER/new_rv/build/hik_camera -- -j32 -l32
[0.455s] Level 1:colcon.colcon_core.environment:create_environment_scripts_only(rm_gimbal_description)
[0.456s] DEBUG:colcon.colcon_core.event_handler.log_command:Invoked command in '/home/ljoy/Robomaster/PIONEER/new_rv/build/rm_gimbal_description' returned '0': CMAKE_PREFIX_PATH=/opt/ros/humble /usr/bin/cmake --install /home/ljoy/Robomaster/PIONEER/new_rv/build/rm_gimbal_description
[0.459s] Level 1:colcon.colcon_core.environment:checking '/home/ljoy/Robomaster/PIONEER/new_rv/install/rm_gimbal_description' for CMake module files
[0.460s] Level 1:colcon.colcon_core.environment:checking '/home/ljoy/Robomaster/PIONEER/new_rv/install/rm_gimbal_description' for CMake config files
[0.460s] Level 1:colcon.colcon_core.shell:create_environment_hook('rm_gimbal_description', 'cmake_prefix_path')
[0.460s] INFO:colcon.colcon_core.shell:Creating environment hook '/home/ljoy/Robomaster/PIONEER/new_rv/install/rm_gimbal_description/share/rm_gimbal_description/hook/cmake_prefix_path.ps1'
[0.461s] INFO:colcon.colcon_core.shell:Creating environment descriptor '/home/ljoy/Robomaster/PIONEER/new_rv/install/rm_gimbal_description/share/rm_gimbal_description/hook/cmake_prefix_path.dsv'
[0.461s] INFO:colcon.colcon_core.shell:Creating environment hook '/home/ljoy/Robomaster/PIONEER/new_rv/install/rm_gimbal_description/share/rm_gimbal_description/hook/cmake_prefix_path.sh'
[0.462s] Level 1:colcon.colcon_core.environment:checking '/home/ljoy/Robomaster/PIONEER/new_rv/install/rm_gimbal_description/bin'
[0.462s] Level 1:colcon.colcon_core.environment:checking '/home/ljoy/Robomaster/PIONEER/new_rv/install/rm_gimbal_description/lib/pkgconfig/rm_gimbal_description.pc'
[0.462s] Level 1:colcon.colcon_core.environment:checking '/home/ljoy/Robomaster/PIONEER/new_rv/install/rm_gimbal_description/lib/python3.10/site-packages'
[0.462s] Level 1:colcon.colcon_core.environment:checking '/home/ljoy/Robomaster/PIONEER/new_rv/install/rm_gimbal_description/bin'
[0.462s] INFO:colcon.colcon_core.shell:Creating package script '/home/ljoy/Robomaster/PIONEER/new_rv/install/rm_gimbal_description/share/rm_gimbal_description/package.ps1'
[0.463s] INFO:colcon.colcon_core.shell:Creating package descriptor '/home/ljoy/Robomaster/PIONEER/new_rv/install/rm_gimbal_description/share/rm_gimbal_description/package.dsv'
[0.463s] INFO:colcon.colcon_core.shell:Creating package script '/home/ljoy/Robomaster/PIONEER/new_rv/install/rm_gimbal_description/share/rm_gimbal_description/package.sh'
[0.464s] INFO:colcon.colcon_core.shell:Creating package script '/home/ljoy/Robomaster/PIONEER/new_rv/install/rm_gimbal_description/share/rm_gimbal_description/package.bash'
[0.464s] INFO:colcon.colcon_core.shell:Creating package script '/home/ljoy/Robomaster/PIONEER/new_rv/install/rm_gimbal_description/share/rm_gimbal_description/package.zsh'
[0.464s] Level 1:colcon.colcon_core.environment:create_file_with_runtime_dependencies(/home/ljoy/Robomaster/PIONEER/new_rv/install/rm_gimbal_description/share/colcon-core/packages/rm_gimbal_description)
[0.474s] DEBUG:colcon.colcon_core.event_handler.log_command:Invoking command in '/home/ljoy/Robomaster/PIONEER/new_rv/build/hik_camera': CMAKE_PREFIX_PATH=/opt/ros/humble /usr/bin/cmake --install /home/ljoy/Robomaster/PIONEER/new_rv/build/hik_camera
[0.474s] DEBUG:colcon.colcon_core.event_handler.log_command:Invoking command in '/home/ljoy/Robomaster/PIONEER/new_rv/build/rm_tools': CMAKE_PREFIX_PATH=/opt/ros/humble /usr/bin/cmake --install /home/ljoy/Robomaster/PIONEER/new_rv/build/rm_tools
[0.479s] Level 1:colcon.colcon_core.environment:create_environment_scripts_only(hik_camera)
[0.479s] Level 1:colcon.colcon_core.environment:checking '/home/ljoy/Robomaster/PIONEER/new_rv/install/hik_camera' for CMake module files
[0.480s] DEBUG:colcon.colcon_core.event_handler.log_command:Invoked command in '/home/ljoy/Robomaster/PIONEER/new_rv/build/hik_camera' returned '0': CMAKE_PREFIX_PATH=/opt/ros/humble /usr/bin/cmake --install /home/ljoy/Robomaster/PIONEER/new_rv/build/hik_camera
[0.481s] Level 1:colcon.colcon_core.environment:checking '/home/ljoy/Robomaster/PIONEER/new_rv/install/hik_camera' for CMake config files
[0.482s] Level 1:colcon.colcon_core.shell:create_environment_hook('hik_camera', 'cmake_prefix_path')
[0.482s] INFO:colcon.colcon_core.shell:Creating environment hook '/home/ljoy/Robomaster/PIONEER/new_rv/install/hik_camera/share/hik_camera/hook/cmake_prefix_path.ps1'
[0.482s] INFO:colcon.colcon_core.shell:Creating environment descriptor '/home/ljoy/Robomaster/PIONEER/new_rv/install/hik_camera/share/hik_camera/hook/cmake_prefix_path.dsv'
[0.482s] INFO:colcon.colcon_core.shell:Creating environment hook '/home/ljoy/Robomaster/PIONEER/new_rv/install/hik_camera/share/hik_camera/hook/cmake_prefix_path.sh'
[0.483s] Level 1:colcon.colcon_core.environment:checking '/home/ljoy/Robomaster/PIONEER/new_rv/install/hik_camera/lib'
[0.483s] Level 1:colcon.colcon_core.shell:create_environment_hook('hik_camera', 'ld_library_path_lib')
[0.483s] INFO:colcon.colcon_core.shell:Creating environment hook '/home/ljoy/Robomaster/PIONEER/new_rv/install/hik_camera/share/hik_camera/hook/ld_library_path_lib.ps1'
[0.483s] INFO:colcon.colcon_core.shell:Creating environment descriptor '/home/ljoy/Robomaster/PIONEER/new_rv/install/hik_camera/share/hik_camera/hook/ld_library_path_lib.dsv'
[0.483s] INFO:colcon.colcon_core.shell:Creating environment hook '/home/ljoy/Robomaster/PIONEER/new_rv/install/hik_camera/share/hik_camera/hook/ld_library_path_lib.sh'
[0.484s] Level 1:colcon.colcon_core.environment:checking '/home/ljoy/Robomaster/PIONEER/new_rv/install/hik_camera/bin'
[0.484s] Level 1:colcon.colcon_core.environment:checking '/home/ljoy/Robomaster/PIONEER/new_rv/install/hik_camera/lib/pkgconfig/hik_camera.pc'
[0.484s] Level 1:colcon.colcon_core.environment:checking '/home/ljoy/Robomaster/PIONEER/new_rv/install/hik_camera/lib/python3.10/site-packages'
[0.484s] Level 1:colcon.colcon_core.environment:checking '/home/ljoy/Robomaster/PIONEER/new_rv/install/hik_camera/bin'
[0.484s] INFO:colcon.colcon_core.shell:Creating package script '/home/ljoy/Robomaster/PIONEER/new_rv/install/hik_camera/share/hik_camera/package.ps1'
[0.484s] INFO:colcon.colcon_core.shell:Creating package descriptor '/home/ljoy/Robomaster/PIONEER/new_rv/install/hik_camera/share/hik_camera/package.dsv'
[0.485s] INFO:colcon.colcon_core.shell:Creating package script '/home/ljoy/Robomaster/PIONEER/new_rv/install/hik_camera/share/hik_camera/package.sh'
[0.485s] INFO:colcon.colcon_core.shell:Creating package script '/home/ljoy/Robomaster/PIONEER/new_rv/install/hik_camera/share/hik_camera/package.bash'
[0.485s] INFO:colcon.colcon_core.shell:Creating package script '/home/ljoy/Robomaster/PIONEER/new_rv/install/hik_camera/share/hik_camera/package.zsh'
[0.485s] Level 1:colcon.colcon_core.environment:create_file_with_runtime_dependencies(/home/ljoy/Robomaster/PIONEER/new_rv/install/hik_camera/share/colcon-core/packages/hik_camera)
[0.486s] Level 1:colcon.colcon_core.environment:create_environment_scripts_only(rm_gimbal_description)
[0.486s] Level 1:colcon.colcon_core.environment:checking '/home/ljoy/Robomaster/PIONEER/new_rv/install/rm_gimbal_description' for CMake module files
[0.487s] Level 1:colcon.colcon_core.environment:checking '/home/ljoy/Robomaster/PIONEER/new_rv/install/rm_gimbal_description' for CMake config files
[0.487s] Level 1:colcon.colcon_core.shell:create_environment_hook('rm_gimbal_description', 'cmake_prefix_path')
[0.487s] INFO:colcon.colcon_core.shell:Creating environment hook '/home/ljoy/Robomaster/PIONEER/new_rv/install/rm_gimbal_description/share/rm_gimbal_description/hook/cmake_prefix_path.ps1'
[0.487s] INFO:colcon.colcon_core.shell:Creating environment descriptor '/home/ljoy/Robomaster/PIONEER/new_rv/install/rm_gimbal_description/share/rm_gimbal_description/hook/cmake_prefix_path.dsv'
[0.487s] INFO:colcon.colcon_core.shell:Creating environment hook '/home/ljoy/Robomaster/PIONEER/new_rv/install/rm_gimbal_description/share/rm_gimbal_description/hook/cmake_prefix_path.sh'
[0.488s] Level 1:colcon.colcon_core.environment:checking '/home/ljoy/Robomaster/PIONEER/new_rv/install/rm_gimbal_description/bin'
[0.488s] Level 1:colcon.colcon_core.environment:checking '/home/ljoy/Robomaster/PIONEER/new_rv/install/rm_gimbal_description/lib/pkgconfig/rm_gimbal_description.pc'
[0.488s] Level 1:colcon.colcon_core.environment:checking '/home/ljoy/Robomaster/PIONEER/new_rv/install/rm_gimbal_description/lib/python3.10/site-packages'
[0.488s] Level 1:colcon.colcon_core.environment:checking '/home/ljoy/Robomaster/PIONEER/new_rv/install/rm_gimbal_description/bin'
[0.488s] INFO:colcon.colcon_core.shell:Creating package script '/home/ljoy/Robomaster/PIONEER/new_rv/install/rm_gimbal_description/share/rm_gimbal_description/package.ps1'
[0.488s] INFO:colcon.colcon_core.shell:Creating package descriptor '/home/ljoy/Robomaster/PIONEER/new_rv/install/rm_gimbal_description/share/rm_gimbal_description/package.dsv'
[0.489s] INFO:colcon.colcon_core.shell:Creating package script '/home/ljoy/Robomaster/PIONEER/new_rv/install/rm_gimbal_description/share/rm_gimbal_description/package.sh'
[0.489s] INFO:colcon.colcon_core.shell:Creating package script '/home/ljoy/Robomaster/PIONEER/new_rv/install/rm_gimbal_description/share/rm_gimbal_description/package.bash'
[0.489s] INFO:colcon.colcon_core.shell:Creating package script '/home/ljoy/Robomaster/PIONEER/new_rv/install/rm_gimbal_description/share/rm_gimbal_description/package.zsh'
[0.489s] Level 1:colcon.colcon_core.environment:create_file_with_runtime_dependencies(/home/ljoy/Robomaster/PIONEER/new_rv/install/rm_gimbal_description/share/colcon-core/packages/rm_gimbal_description)
[0.490s] Level 1:colcon.colcon_core.environment:create_environment_scripts_only(rm_tools)
[0.490s] Level 1:colcon.colcon_core.environment:checking '/home/ljoy/Robomaster/PIONEER/new_rv/install/rm_tools' for CMake module files
[0.490s] DEBUG:colcon.colcon_core.event_handler.log_command:Invoked command in '/home/ljoy/Robomaster/PIONEER/new_rv/build/rm_tools' returned '0': CMAKE_PREFIX_PATH=/opt/ros/humble /usr/bin/cmake --install /home/ljoy/Robomaster/PIONEER/new_rv/build/rm_tools
[0.491s] Level 1:colcon.colcon_core.environment:checking '/home/ljoy/Robomaster/PIONEER/new_rv/install/rm_tools' for CMake config files
[0.492s] Level 1:colcon.colcon_core.shell:create_environment_hook('rm_tools', 'cmake_prefix_path')
[0.492s] INFO:colcon.colcon_core.shell:Creating environment hook '/home/ljoy/Robomaster/PIONEER/new_rv/install/rm_tools/share/rm_tools/hook/cmake_prefix_path.ps1'
[0.492s] INFO:colcon.colcon_core.shell:Creating environment descriptor '/home/ljoy/Robomaster/PIONEER/new_rv/install/rm_tools/share/rm_tools/hook/cmake_prefix_path.dsv'
[0.492s] INFO:colcon.colcon_core.shell:Creating environment hook '/home/ljoy/Robomaster/PIONEER/new_rv/install/rm_tools/share/rm_tools/hook/cmake_prefix_path.sh'
[0.493s] Level 1:colcon.colcon_core.environment:checking '/home/ljoy/Robomaster/PIONEER/new_rv/install/rm_tools/lib'
[0.493s] Level 1:colcon.colcon_core.shell:create_environment_hook('rm_tools', 'ld_library_path_lib')
[0.493s] INFO:colcon.colcon_core.shell:Creating environment hook '/home/ljoy/Robomaster/PIONEER/new_rv/install/rm_tools/share/rm_tools/hook/ld_library_path_lib.ps1'
[0.493s] INFO:colcon.colcon_core.shell:Creating environment descriptor '/home/ljoy/Robomaster/PIONEER/new_rv/install/rm_tools/share/rm_tools/hook/ld_library_path_lib.dsv'
[0.493s] INFO:colcon.colcon_core.shell:Creating environment hook '/home/ljoy/Robomaster/PIONEER/new_rv/install/rm_tools/share/rm_tools/hook/ld_library_path_lib.sh'
[0.493s] Level 1:colcon.colcon_core.environment:checking '/home/ljoy/Robomaster/PIONEER/new_rv/install/rm_tools/bin'
[0.493s] Level 1:colcon.colcon_core.environment:checking '/home/ljoy/Robomaster/PIONEER/new_rv/install/rm_tools/lib/pkgconfig/rm_tools.pc'
[0.494s] Level 1:colcon.colcon_core.environment:checking '/home/ljoy/Robomaster/PIONEER/new_rv/install/rm_tools/lib/python3.10/site-packages'
[0.494s] Level 1:colcon.colcon_core.environment:checking '/home/ljoy/Robomaster/PIONEER/new_rv/install/rm_tools/bin'
[0.494s] INFO:colcon.colcon_core.shell:Creating package script '/home/ljoy/Robomaster/PIONEER/new_rv/install/rm_tools/share/rm_tools/package.ps1'
[0.494s] INFO:colcon.colcon_core.shell:Creating package descriptor '/home/ljoy/Robomaster/PIONEER/new_rv/install/rm_tools/share/rm_tools/package.dsv'
[0.494s] INFO:colcon.colcon_core.shell:Creating package script '/home/ljoy/Robomaster/PIONEER/new_rv/install/rm_tools/share/rm_tools/package.sh'
[0.495s] INFO:colcon.colcon_core.shell:Creating package script '/home/ljoy/Robomaster/PIONEER/new_rv/install/rm_tools/share/rm_tools/package.bash'
[0.495s] INFO:colcon.colcon_core.shell:Creating package script '/home/ljoy/Robomaster/PIONEER/new_rv/install/rm_tools/share/rm_tools/package.zsh'
[0.495s] Level 1:colcon.colcon_core.environment:create_file_with_runtime_dependencies(/home/ljoy/Robomaster/PIONEER/new_rv/install/rm_tools/share/colcon-core/packages/rm_tools)
[0.503s] Level 1:colcon.colcon_core.environment:create_environment_scripts_only(hik_camera)
[0.504s] Level 1:colcon.colcon_core.environment:checking '/home/ljoy/Robomaster/PIONEER/new_rv/install/hik_camera' for CMake module files
[0.504s] Level 1:colcon.colcon_core.environment:checking '/home/ljoy/Robomaster/PIONEER/new_rv/install/hik_camera' for CMake config files
[0.504s] Level 1:colcon.colcon_core.shell:create_environment_hook('hik_camera', 'cmake_prefix_path')
[0.504s] INFO:colcon.colcon_core.shell:Creating environment hook '/home/ljoy/Robomaster/PIONEER/new_rv/install/hik_camera/share/hik_camera/hook/cmake_prefix_path.ps1'
[0.505s] INFO:colcon.colcon_core.shell:Creating environment descriptor '/home/ljoy/Robomaster/PIONEER/new_rv/install/hik_camera/share/hik_camera/hook/cmake_prefix_path.dsv'
[0.505s] INFO:colcon.colcon_core.shell:Creating environment hook '/home/ljoy/Robomaster/PIONEER/new_rv/install/hik_camera/share/hik_camera/hook/cmake_prefix_path.sh'
[0.505s] Level 1:colcon.colcon_core.environment:checking '/home/ljoy/Robomaster/PIONEER/new_rv/install/hik_camera/lib'
[0.505s] Level 1:colcon.colcon_core.shell:create_environment_hook('hik_camera', 'ld_library_path_lib')
[0.505s] INFO:colcon.colcon_core.shell:Creating environment hook '/home/ljoy/Robomaster/PIONEER/new_rv/install/hik_camera/share/hik_camera/hook/ld_library_path_lib.ps1'
[0.506s] INFO:colcon.colcon_core.shell:Creating environment descriptor '/home/ljoy/Robomaster/PIONEER/new_rv/install/hik_camera/share/hik_camera/hook/ld_library_path_lib.dsv'
[0.506s] INFO:colcon.colcon_core.shell:Creating environment hook '/home/ljoy/Robomaster/PIONEER/new_rv/install/hik_camera/share/hik_camera/hook/ld_library_path_lib.sh'
[0.506s] Level 1:colcon.colcon_core.environment:checking '/home/ljoy/Robomaster/PIONEER/new_rv/install/hik_camera/bin'
[0.506s] Level 1:colcon.colcon_core.environment:checking '/home/ljoy/Robomaster/PIONEER/new_rv/install/hik_camera/lib/pkgconfig/hik_camera.pc'
[0.507s] Level 1:colcon.colcon_core.environment:checking '/home/ljoy/Robomaster/PIONEER/new_rv/install/hik_camera/lib/python3.10/site-packages'
[0.507s] Level 1:colcon.colcon_core.environment:checking '/home/ljoy/Robomaster/PIONEER/new_rv/install/hik_camera/bin'
[0.507s] INFO:colcon.colcon_core.shell:Creating package script '/home/ljoy/Robomaster/PIONEER/new_rv/install/hik_camera/share/hik_camera/package.ps1'
[0.508s] INFO:colcon.colcon_core.shell:Creating package descriptor '/home/ljoy/Robomaster/PIONEER/new_rv/install/hik_camera/share/hik_camera/package.dsv'
[0.508s] INFO:colcon.colcon_core.shell:Creating package script '/home/ljoy/Robomaster/PIONEER/new_rv/install/hik_camera/share/hik_camera/package.sh'
[0.508s] INFO:colcon.colcon_core.shell:Creating package script '/home/ljoy/Robomaster/PIONEER/new_rv/install/hik_camera/share/hik_camera/package.bash'
[0.508s] INFO:colcon.colcon_core.shell:Creating package script '/home/ljoy/Robomaster/PIONEER/new_rv/install/hik_camera/share/hik_camera/package.zsh'
[0.509s] Level 1:colcon.colcon_core.environment:create_file_with_runtime_dependencies(/home/ljoy/Robomaster/PIONEER/new_rv/install/hik_camera/share/colcon-core/packages/hik_camera)
[0.514s] Level 1:colcon.colcon_core.environment:create_environment_scripts_only(rm_tools)
[0.514s] Level 1:colcon.colcon_core.environment:checking '/home/ljoy/Robomaster/PIONEER/new_rv/install/rm_tools' for CMake module files
[0.515s] Level 1:colcon.colcon_core.environment:checking '/home/ljoy/Robomaster/PIONEER/new_rv/install/rm_tools' for CMake config files
[0.515s] Level 1:colcon.colcon_core.shell:create_environment_hook('rm_tools', 'cmake_prefix_path')
[0.515s] INFO:colcon.colcon_core.shell:Creating environment hook '/home/ljoy/Robomaster/PIONEER/new_rv/install/rm_tools/share/rm_tools/hook/cmake_prefix_path.ps1'
[0.515s] INFO:colcon.colcon_core.shell:Creating environment descriptor '/home/ljoy/Robomaster/PIONEER/new_rv/install/rm_tools/share/rm_tools/hook/cmake_prefix_path.dsv'
[0.515s] INFO:colcon.colcon_core.shell:Creating environment hook '/home/ljoy/Robomaster/PIONEER/new_rv/install/rm_tools/share/rm_tools/hook/cmake_prefix_path.sh'
[0.516s] Level 1:colcon.colcon_core.environment:checking '/home/ljoy/Robomaster/PIONEER/new_rv/install/rm_tools/lib'
[0.516s] Level 1:colcon.colcon_core.shell:create_environment_hook('rm_tools', 'ld_library_path_lib')
[0.516s] INFO:colcon.colcon_core.shell:Creating environment hook '/home/ljoy/Robomaster/PIONEER/new_rv/install/rm_tools/share/rm_tools/hook/ld_library_path_lib.ps1'
[0.516s] INFO:colcon.colcon_core.shell:Creating environment descriptor '/home/ljoy/Robomaster/PIONEER/new_rv/install/rm_tools/share/rm_tools/hook/ld_library_path_lib.dsv'
[0.516s] INFO:colcon.colcon_core.shell:Creating environment hook '/home/ljoy/Robomaster/PIONEER/new_rv/install/rm_tools/share/rm_tools/hook/ld_library_path_lib.sh'
[0.517s] Level 1:colcon.colcon_core.environment:checking '/home/ljoy/Robomaster/PIONEER/new_rv/install/rm_tools/bin'
[0.517s] Level 1:colcon.colcon_core.environment:checking '/home/ljoy/Robomaster/PIONEER/new_rv/install/rm_tools/lib/pkgconfig/rm_tools.pc'
[0.517s] Level 1:colcon.colcon_core.environment:checking '/home/ljoy/Robomaster/PIONEER/new_rv/install/rm_tools/lib/python3.10/site-packages'
[0.517s] Level 1:colcon.colcon_core.environment:checking '/home/ljoy/Robomaster/PIONEER/new_rv/install/rm_tools/bin'
[0.517s] INFO:colcon.colcon_core.shell:Creating package script '/home/ljoy/Robomaster/PIONEER/new_rv/install/rm_tools/share/rm_tools/package.ps1'
[0.517s] INFO:colcon.colcon_core.shell:Creating package descriptor '/home/ljoy/Robomaster/PIONEER/new_rv/install/rm_tools/share/rm_tools/package.dsv'
[0.518s] INFO:colcon.colcon_core.shell:Creating package script '/home/ljoy/Robomaster/PIONEER/new_rv/install/rm_tools/share/rm_tools/package.sh'
[0.518s] INFO:colcon.colcon_core.shell:Creating package script '/home/ljoy/Robomaster/PIONEER/new_rv/install/rm_tools/share/rm_tools/package.bash'
[0.518s] INFO:colcon.colcon_core.shell:Creating package script '/home/ljoy/Robomaster/PIONEER/new_rv/install/rm_tools/share/rm_tools/package.zsh'
[0.518s] Level 1:colcon.colcon_core.environment:create_file_with_runtime_dependencies(/home/ljoy/Robomaster/PIONEER/new_rv/install/rm_tools/share/colcon-core/packages/rm_tools)
[0.625s] DEBUG:colcon.colcon_core.event_handler.log_command:Invoked command in '/home/ljoy/Robomaster/PIONEER/new_rv/build/auto_aim_interfaces' returned '0': CMAKE_PREFIX_PATH=/opt/ros/humble /usr/bin/cmake --build /home/ljoy/Robomaster/PIONEER/new_rv/build/auto_aim_interfaces -- -j32 -l32
[0.781s] DEBUG:colcon.colcon_core.event_handler.log_command:Invoking command in '/home/ljoy/Robomaster/PIONEER/new_rv/build/auto_aim_interfaces': CMAKE_PREFIX_PATH=/opt/ros/humble /usr/bin/cmake --install /home/ljoy/Robomaster/PIONEER/new_rv/build/auto_aim_interfaces
[0.818s] Level 1:colcon.colcon_core.environment:create_environment_scripts_only(auto_aim_interfaces)
[0.819s] DEBUG:colcon.colcon_core.event_handler.log_command:Invoked command in '/home/ljoy/Robomaster/PIONEER/new_rv/build/auto_aim_interfaces' returned '0': CMAKE_PREFIX_PATH=/opt/ros/humble /usr/bin/cmake --install /home/ljoy/Robomaster/PIONEER/new_rv/build/auto_aim_interfaces
[0.819s] Level 1:colcon.colcon_core.environment:checking '/home/ljoy/Robomaster/PIONEER/new_rv/install/auto_aim_interfaces' for CMake module files
[0.819s] Level 1:colcon.colcon_core.environment:checking '/home/ljoy/Robomaster/PIONEER/new_rv/install/auto_aim_interfaces' for CMake config files
[0.821s] Level 1:colcon.colcon_core.shell:create_environment_hook('auto_aim_interfaces', 'cmake_prefix_path')
[0.821s] INFO:colcon.colcon_core.shell:Creating environment hook '/home/ljoy/Robomaster/PIONEER/new_rv/install/auto_aim_interfaces/share/auto_aim_interfaces/hook/cmake_prefix_path.ps1'
[0.821s] INFO:colcon.colcon_core.shell:Creating environment descriptor '/home/ljoy/Robomaster/PIONEER/new_rv/install/auto_aim_interfaces/share/auto_aim_interfaces/hook/cmake_prefix_path.dsv'
[0.821s] INFO:colcon.colcon_core.shell:Creating environment hook '/home/ljoy/Robomaster/PIONEER/new_rv/install/auto_aim_interfaces/share/auto_aim_interfaces/hook/cmake_prefix_path.sh'
[0.821s] Level 1:colcon.colcon_core.environment:checking '/home/ljoy/Robomaster/PIONEER/new_rv/install/auto_aim_interfaces/lib'
[0.821s] Level 1:colcon.colcon_core.shell:create_environment_hook('auto_aim_interfaces', 'ld_library_path_lib')
[0.822s] INFO:colcon.colcon_core.shell:Creating environment hook '/home/ljoy/Robomaster/PIONEER/new_rv/install/auto_aim_interfaces/share/auto_aim_interfaces/hook/ld_library_path_lib.ps1'
[0.822s] INFO:colcon.colcon_core.shell:Creating environment descriptor '/home/ljoy/Robomaster/PIONEER/new_rv/install/auto_aim_interfaces/share/auto_aim_interfaces/hook/ld_library_path_lib.dsv'
[0.822s] INFO:colcon.colcon_core.shell:Creating environment hook '/home/ljoy/Robomaster/PIONEER/new_rv/install/auto_aim_interfaces/share/auto_aim_interfaces/hook/ld_library_path_lib.sh'
[0.822s] Level 1:colcon.colcon_core.environment:checking '/home/ljoy/Robomaster/PIONEER/new_rv/install/auto_aim_interfaces/bin'
[0.822s] Level 1:colcon.colcon_core.environment:checking '/home/ljoy/Robomaster/PIONEER/new_rv/install/auto_aim_interfaces/lib/pkgconfig/auto_aim_interfaces.pc'
[0.822s] Level 1:colcon.colcon_core.environment:checking '/home/ljoy/Robomaster/PIONEER/new_rv/install/auto_aim_interfaces/lib/python3.10/site-packages'
[0.822s] Level 1:colcon.colcon_core.environment:checking '/home/ljoy/Robomaster/PIONEER/new_rv/install/auto_aim_interfaces/bin'
[0.822s] INFO:colcon.colcon_core.shell:Creating package script '/home/ljoy/Robomaster/PIONEER/new_rv/install/auto_aim_interfaces/share/auto_aim_interfaces/package.ps1'
[0.823s] INFO:colcon.colcon_core.shell:Creating package descriptor '/home/ljoy/Robomaster/PIONEER/new_rv/install/auto_aim_interfaces/share/auto_aim_interfaces/package.dsv'
[0.823s] INFO:colcon.colcon_core.shell:Creating package script '/home/ljoy/Robomaster/PIONEER/new_rv/install/auto_aim_interfaces/share/auto_aim_interfaces/package.sh'
[0.823s] INFO:colcon.colcon_core.shell:Creating package script '/home/ljoy/Robomaster/PIONEER/new_rv/install/auto_aim_interfaces/share/auto_aim_interfaces/package.bash'
[0.823s] INFO:colcon.colcon_core.shell:Creating package script '/home/ljoy/Robomaster/PIONEER/new_rv/install/auto_aim_interfaces/share/auto_aim_interfaces/package.zsh'
[0.823s] Level 1:colcon.colcon_core.environment:create_file_with_runtime_dependencies(/home/ljoy/Robomaster/PIONEER/new_rv/install/auto_aim_interfaces/share/colcon-core/packages/auto_aim_interfaces)
[0.955s] Level 1:colcon.colcon_core.environment:create_environment_scripts_only(auto_aim_interfaces)
[0.955s] Level 1:colcon.colcon_core.environment:checking '/home/ljoy/Robomaster/PIONEER/new_rv/install/auto_aim_interfaces' for CMake module files
[0.956s] Level 1:colcon.colcon_core.environment:checking '/home/ljoy/Robomaster/PIONEER/new_rv/install/auto_aim_interfaces' for CMake config files
[0.956s] Level 1:colcon.colcon_core.shell:create_environment_hook('auto_aim_interfaces', 'cmake_prefix_path')
[0.956s] INFO:colcon.colcon_core.shell:Creating environment hook '/home/ljoy/Robomaster/PIONEER/new_rv/install/auto_aim_interfaces/share/auto_aim_interfaces/hook/cmake_prefix_path.ps1'
[0.956s] INFO:colcon.colcon_core.shell:Creating environment descriptor '/home/ljoy/Robomaster/PIONEER/new_rv/install/auto_aim_interfaces/share/auto_aim_interfaces/hook/cmake_prefix_path.dsv'
[0.956s] INFO:colcon.colcon_core.shell:Creating environment hook '/home/ljoy/Robomaster/PIONEER/new_rv/install/auto_aim_interfaces/share/auto_aim_interfaces/hook/cmake_prefix_path.sh'
[0.957s] Level 1:colcon.colcon_core.environment:checking '/home/ljoy/Robomaster/PIONEER/new_rv/install/auto_aim_interfaces/lib'
[0.957s] Level 1:colcon.colcon_core.shell:create_environment_hook('auto_aim_interfaces', 'ld_library_path_lib')
[0.957s] INFO:colcon.colcon_core.shell:Creating environment hook '/home/ljoy/Robomaster/PIONEER/new_rv/install/auto_aim_interfaces/share/auto_aim_interfaces/hook/ld_library_path_lib.ps1'
[0.957s] INFO:colcon.colcon_core.shell:Creating environment descriptor '/home/ljoy/Robomaster/PIONEER/new_rv/install/auto_aim_interfaces/share/auto_aim_interfaces/hook/ld_library_path_lib.dsv'
[0.957s] INFO:colcon.colcon_core.shell:Creating environment hook '/home/ljoy/Robomaster/PIONEER/new_rv/install/auto_aim_interfaces/share/auto_aim_interfaces/hook/ld_library_path_lib.sh'
[0.957s] Level 1:colcon.colcon_core.environment:checking '/home/ljoy/Robomaster/PIONEER/new_rv/install/auto_aim_interfaces/bin'
[0.957s] Level 1:colcon.colcon_core.environment:checking '/home/ljoy/Robomaster/PIONEER/new_rv/install/auto_aim_interfaces/lib/pkgconfig/auto_aim_interfaces.pc'
[0.957s] Level 1:colcon.colcon_core.environment:checking '/home/ljoy/Robomaster/PIONEER/new_rv/install/auto_aim_interfaces/lib/python3.10/site-packages'
[0.958s] Level 1:colcon.colcon_core.environment:checking '/home/ljoy/Robomaster/PIONEER/new_rv/install/auto_aim_interfaces/bin'
[0.958s] INFO:colcon.colcon_core.shell:Creating package script '/home/ljoy/Robomaster/PIONEER/new_rv/install/auto_aim_interfaces/share/auto_aim_interfaces/package.ps1'
[0.958s] INFO:colcon.colcon_core.shell:Creating package descriptor '/home/ljoy/Robomaster/PIONEER/new_rv/install/auto_aim_interfaces/share/auto_aim_interfaces/package.dsv'
[0.958s] INFO:colcon.colcon_core.shell:Creating package script '/home/ljoy/Robomaster/PIONEER/new_rv/install/auto_aim_interfaces/share/auto_aim_interfaces/package.sh'
[0.958s] INFO:colcon.colcon_core.shell:Creating package script '/home/ljoy/Robomaster/PIONEER/new_rv/install/auto_aim_interfaces/share/auto_aim_interfaces/package.bash'
[0.958s] INFO:colcon.colcon_core.shell:Creating package script '/home/ljoy/Robomaster/PIONEER/new_rv/install/auto_aim_interfaces/share/auto_aim_interfaces/package.zsh'
[0.959s] Level 1:colcon.colcon_core.environment:create_file_with_runtime_dependencies(/home/ljoy/Robomaster/PIONEER/new_rv/install/auto_aim_interfaces/share/colcon-core/packages/auto_aim_interfaces)
[0.959s] INFO:colcon.colcon_ros.task.ament_cmake.build:Building ROS package in '/home/ljoy/Robomaster/PIONEER/new_rv/rm_serial_driver' with build type 'ament_cmake'
[0.959s] INFO:colcon.colcon_cmake.task.cmake.build:Building CMake package in '/home/ljoy/Robomaster/PIONEER/new_rv/rm_serial_driver'
[0.959s] INFO:colcon.colcon_core.shell:Skip shell extension 'powershell' for command environment: Not usable outside of PowerShell
[0.959s] DEBUG:colcon.colcon_core.shell:Skip shell extension 'dsv' for command environment
[0.961s] INFO:colcon.colcon_ros.task.ament_cmake.build:Building ROS package in '/home/ljoy/Robomaster/PIONEER/new_rv/rm_auto_aim/armor_detector' with build type 'ament_cmake'
[0.961s] INFO:colcon.colcon_cmake.task.cmake.build:Building CMake package in '/home/ljoy/Robomaster/PIONEER/new_rv/rm_auto_aim/armor_detector'
[0.961s] INFO:colcon.colcon_core.shell:Skip shell extension 'powershell' for command environment: Not usable outside of PowerShell
[0.961s] DEBUG:colcon.colcon_core.shell:Skip shell extension 'dsv' for command environment
[0.962s] INFO:colcon.colcon_ros.task.ament_cmake.build:Building ROS package in '/home/ljoy/Robomaster/PIONEER/new_rv/rm_auto_aim/armor_tracker' with build type 'ament_cmake'
[0.962s] INFO:colcon.colcon_cmake.task.cmake.build:Building CMake package in '/home/ljoy/Robomaster/PIONEER/new_rv/rm_auto_aim/armor_tracker'
[0.962s] INFO:colcon.colcon_core.shell:Skip shell extension 'powershell' for command environment: Not usable outside of PowerShell
[0.962s] DEBUG:colcon.colcon_core.shell:Skip shell extension 'dsv' for command environment
[0.964s] INFO:colcon.colcon_ros.task.ament_cmake.build:Building ROS package in '/home/ljoy/Robomaster/PIONEER/new_rv/rm_planner' with build type 'ament_cmake'
[0.964s] INFO:colcon.colcon_cmake.task.cmake.build:Building CMake package in '/home/ljoy/Robomaster/PIONEER/new_rv/rm_planner'
[0.964s] INFO:colcon.colcon_core.shell:Skip shell extension 'powershell' for command environment: Not usable outside of PowerShell
[0.964s] DEBUG:colcon.colcon_core.shell:Skip shell extension 'dsv' for command environment
[0.968s] DEBUG:colcon.colcon_core.event_handler.log_command:Invoking command in '/home/ljoy/Robomaster/PIONEER/new_rv/build/rm_serial_driver': AMENT_PREFIX_PATH=/home/ljoy/Robomaster/PIONEER/new_rv/install/auto_aim_interfaces:${AMENT_PREFIX_PATH} CMAKE_PREFIX_PATH=/home/ljoy/Robomaster/PIONEER/new_rv/install/auto_aim_interfaces:/opt/ros/humble LD_LIBRARY_PATH=/home/ljoy/Robomaster/PIONEER/new_rv/install/auto_aim_interfaces/lib:/opt/ros/humble/opt/rviz_ogre_vendor/lib:/opt/ros/humble/lib/x86_64-linux-gnu:/opt/ros/humble/lib:/opt/MVS/lib/64:/opt/MVS/lib/32:/opt/MVS/lib/64:/opt/MVS/lib/64 PYTHONPATH=/home/ljoy/Robomaster/PIONEER/new_rv/install/auto_aim_interfaces/local/lib/python3.10/dist-packages:${PYTHONPATH} /usr/bin/cmake --build /home/ljoy/Robomaster/PIONEER/new_rv/build/rm_serial_driver -- -j32 -l32
[0.970s] DEBUG:colcon.colcon_core.event_handler.log_command:Invoking command in '/home/ljoy/Robomaster/PIONEER/new_rv/build/armor_detector': AMENT_PREFIX_PATH=/home/ljoy/Robomaster/PIONEER/new_rv/install/rm_tools:/home/ljoy/Robomaster/PIONEER/new_rv/install/auto_aim_interfaces:${AMENT_PREFIX_PATH} CMAKE_PREFIX_PATH=/home/ljoy/Robomaster/PIONEER/new_rv/install/rm_tools:/home/ljoy/Robomaster/PIONEER/new_rv/install/auto_aim_interfaces:/opt/ros/humble LD_LIBRARY_PATH=/home/ljoy/Robomaster/PIONEER/new_rv/install/rm_tools/lib:/home/ljoy/Robomaster/PIONEER/new_rv/install/auto_aim_interfaces/lib:/opt/ros/humble/opt/rviz_ogre_vendor/lib:/opt/ros/humble/lib/x86_64-linux-gnu:/opt/ros/humble/lib:/opt/MVS/lib/64:/opt/MVS/lib/32:/opt/MVS/lib/64:/opt/MVS/lib/64 PYTHONPATH=/home/ljoy/Robomaster/PIONEER/new_rv/install/auto_aim_interfaces/local/lib/python3.10/dist-packages:${PYTHONPATH} /usr/bin/cmake --build /home/ljoy/Robomaster/PIONEER/new_rv/build/armor_detector -- -j32 -l32
[0.971s] DEBUG:colcon.colcon_core.event_handler.log_command:Invoking command in '/home/ljoy/Robomaster/PIONEER/new_rv/build/armor_tracker': AMENT_PREFIX_PATH=/home/ljoy/Robomaster/PIONEER/new_rv/install/rm_tools:/home/ljoy/Robomaster/PIONEER/new_rv/install/auto_aim_interfaces:${AMENT_PREFIX_PATH} CMAKE_PREFIX_PATH=/home/ljoy/Robomaster/PIONEER/new_rv/install/rm_tools:/home/ljoy/Robomaster/PIONEER/new_rv/install/auto_aim_interfaces:/opt/ros/humble LD_LIBRARY_PATH=/home/ljoy/Robomaster/PIONEER/new_rv/install/rm_tools/lib:/home/ljoy/Robomaster/PIONEER/new_rv/install/auto_aim_interfaces/lib:/opt/ros/humble/opt/rviz_ogre_vendor/lib:/opt/ros/humble/lib/x86_64-linux-gnu:/opt/ros/humble/lib:/opt/MVS/lib/64:/opt/MVS/lib/32:/opt/MVS/lib/64:/opt/MVS/lib/64 PYTHONPATH=/home/ljoy/Robomaster/PIONEER/new_rv/install/auto_aim_interfaces/local/lib/python3.10/dist-packages:${PYTHONPATH} /usr/bin/cmake --build /home/ljoy/Robomaster/PIONEER/new_rv/build/armor_tracker -- -j32 -l32
[0.973s] DEBUG:colcon.colcon_core.event_handler.log_command:Invoking command in '/home/ljoy/Robomaster/PIONEER/new_rv/build/rm_planner': AMENT_PREFIX_PATH=/home/ljoy/Robomaster/PIONEER/new_rv/install/rm_tools:/home/ljoy/Robomaster/PIONEER/new_rv/install/auto_aim_interfaces:${AMENT_PREFIX_PATH} CMAKE_PREFIX_PATH=/home/ljoy/Robomaster/PIONEER/new_rv/install/rm_tools:/home/ljoy/Robomaster/PIONEER/new_rv/install/auto_aim_interfaces:/opt/ros/humble LD_LIBRARY_PATH=/home/ljoy/Robomaster/PIONEER/new_rv/install/rm_tools/lib:/home/ljoy/Robomaster/PIONEER/new_rv/install/auto_aim_interfaces/lib:/opt/ros/humble/opt/rviz_ogre_vendor/lib:/opt/ros/humble/lib/x86_64-linux-gnu:/opt/ros/humble/lib:/opt/MVS/lib/64:/opt/MVS/lib/32:/opt/MVS/lib/64:/opt/MVS/lib/64 PYTHONPATH=/home/ljoy/Robomaster/PIONEER/new_rv/install/auto_aim_interfaces/local/lib/python3.10/dist-packages:${PYTHONPATH} /usr/bin/cmake --build /home/ljoy/Robomaster/PIONEER/new_rv/build/rm_planner -- -j32 -l32
[0.999s] DEBUG:colcon.colcon_core.event_handler.log_command:Invoked command in '/home/ljoy/Robomaster/PIONEER/new_rv/build/rm_serial_driver' returned '0': AMENT_PREFIX_PATH=/home/ljoy/Robomaster/PIONEER/new_rv/install/auto_aim_interfaces:${AMENT_PREFIX_PATH} CMAKE_PREFIX_PATH=/home/ljoy/Robomaster/PIONEER/new_rv/install/auto_aim_interfaces:/opt/ros/humble LD_LIBRARY_PATH=/home/ljoy/Robomaster/PIONEER/new_rv/install/auto_aim_interfaces/lib:/opt/ros/humble/opt/rviz_ogre_vendor/lib:/opt/ros/humble/lib/x86_64-linux-gnu:/opt/ros/humble/lib:/opt/MVS/lib/64:/opt/MVS/lib/32:/opt/MVS/lib/64:/opt/MVS/lib/64 PYTHONPATH=/home/ljoy/Robomaster/PIONEER/new_rv/install/auto_aim_interfaces/local/lib/python3.10/dist-packages:${PYTHONPATH} /usr/bin/cmake --build /home/ljoy/Robomaster/PIONEER/new_rv/build/rm_serial_driver -- -j32 -l32
[1.003s] DEBUG:colcon.colcon_core.event_handler.log_command:Invoked command in '/home/ljoy/Robomaster/PIONEER/new_rv/build/armor_tracker' returned '0': AMENT_PREFIX_PATH=/home/ljoy/Robomaster/PIONEER/new_rv/install/rm_tools:/home/ljoy/Robomaster/PIONEER/new_rv/install/auto_aim_interfaces:${AMENT_PREFIX_PATH} CMAKE_PREFIX_PATH=/home/ljoy/Robomaster/PIONEER/new_rv/install/rm_tools:/home/ljoy/Robomaster/PIONEER/new_rv/install/auto_aim_interfaces:/opt/ros/humble LD_LIBRARY_PATH=/home/ljoy/Robomaster/PIONEER/new_rv/install/rm_tools/lib:/home/ljoy/Robomaster/PIONEER/new_rv/install/auto_aim_interfaces/lib:/opt/ros/humble/opt/rviz_ogre_vendor/lib:/opt/ros/humble/lib/x86_64-linux-gnu:/opt/ros/humble/lib:/opt/MVS/lib/64:/opt/MVS/lib/32:/opt/MVS/lib/64:/opt/MVS/lib/64 PYTHONPATH=/home/ljoy/Robomaster/PIONEER/new_rv/install/auto_aim_interfaces/local/lib/python3.10/dist-packages:${PYTHONPATH} /usr/bin/cmake --build /home/ljoy/Robomaster/PIONEER/new_rv/build/armor_tracker -- -j32 -l32
[1.020s] DEBUG:colcon.colcon_core.event_handler.log_command:Invoking command in '/home/ljoy/Robomaster/PIONEER/new_rv/build/armor_tracker': AMENT_PREFIX_PATH=/home/ljoy/Robomaster/PIONEER/new_rv/install/rm_tools:/home/ljoy/Robomaster/PIONEER/new_rv/install/auto_aim_interfaces:${AMENT_PREFIX_PATH} CMAKE_PREFIX_PATH=/home/ljoy/Robomaster/PIONEER/new_rv/install/rm_tools:/home/ljoy/Robomaster/PIONEER/new_rv/install/auto_aim_interfaces:/opt/ros/humble LD_LIBRARY_PATH=/home/ljoy/Robomaster/PIONEER/new_rv/install/rm_tools/lib:/home/ljoy/Robomaster/PIONEER/new_rv/install/auto_aim_interfaces/lib:/opt/ros/humble/opt/rviz_ogre_vendor/lib:/opt/ros/humble/lib/x86_64-linux-gnu:/opt/ros/humble/lib:/opt/MVS/lib/64:/opt/MVS/lib/32:/opt/MVS/lib/64:/opt/MVS/lib/64 PYTHONPATH=/home/ljoy/Robomaster/PIONEER/new_rv/install/auto_aim_interfaces/local/lib/python3.10/dist-packages:${PYTHONPATH} /usr/bin/cmake --install /home/ljoy/Robomaster/PIONEER/new_rv/build/armor_tracker
[1.021s] DEBUG:colcon.colcon_core.event_handler.log_command:Invoking command in '/home/ljoy/Robomaster/PIONEER/new_rv/build/rm_serial_driver': AMENT_PREFIX_PATH=/home/ljoy/Robomaster/PIONEER/new_rv/install/auto_aim_interfaces:${AMENT_PREFIX_PATH} CMAKE_PREFIX_PATH=/home/ljoy/Robomaster/PIONEER/new_rv/install/auto_aim_interfaces:/opt/ros/humble LD_LIBRARY_PATH=/home/ljoy/Robomaster/PIONEER/new_rv/install/auto_aim_interfaces/lib:/opt/ros/humble/opt/rviz_ogre_vendor/lib:/opt/ros/humble/lib/x86_64-linux-gnu:/opt/ros/humble/lib:/opt/MVS/lib/64:/opt/MVS/lib/32:/opt/MVS/lib/64:/opt/MVS/lib/64 PYTHONPATH=/home/ljoy/Robomaster/PIONEER/new_rv/install/auto_aim_interfaces/local/lib/python3.10/dist-packages:${PYTHONPATH} /usr/bin/cmake --install /home/ljoy/Robomaster/PIONEER/new_rv/build/rm_serial_driver
[1.033s] Level 1:colcon.colcon_core.environment:create_environment_scripts_only(armor_tracker)
[1.034s] DEBUG:colcon.colcon_core.event_handler.log_command:Invoked command in '/home/ljoy/Robomaster/PIONEER/new_rv/build/armor_tracker' returned '0': AMENT_PREFIX_PATH=/home/ljoy/Robomaster/PIONEER/new_rv/install/rm_tools:/home/ljoy/Robomaster/PIONEER/new_rv/install/auto_aim_interfaces:${AMENT_PREFIX_PATH} CMAKE_PREFIX_PATH=/home/ljoy/Robomaster/PIONEER/new_rv/install/rm_tools:/home/ljoy/Robomaster/PIONEER/new_rv/install/auto_aim_interfaces:/opt/ros/humble LD_LIBRARY_PATH=/home/ljoy/Robomaster/PIONEER/new_rv/install/rm_tools/lib:/home/ljoy/Robomaster/PIONEER/new_rv/install/auto_aim_interfaces/lib:/opt/ros/humble/opt/rviz_ogre_vendor/lib:/opt/ros/humble/lib/x86_64-linux-gnu:/opt/ros/humble/lib:/opt/MVS/lib/64:/opt/MVS/lib/32:/opt/MVS/lib/64:/opt/MVS/lib/64 PYTHONPATH=/home/ljoy/Robomaster/PIONEER/new_rv/install/auto_aim_interfaces/local/lib/python3.10/dist-packages:${PYTHONPATH} /usr/bin/cmake --install /home/ljoy/Robomaster/PIONEER/new_rv/build/armor_tracker
[1.034s] Level 1:colcon.colcon_core.environment:checking '/home/ljoy/Robomaster/PIONEER/new_rv/install/armor_tracker' for CMake module files
[1.035s] Level 1:colcon.colcon_core.environment:checking '/home/ljoy/Robomaster/PIONEER/new_rv/install/armor_tracker' for CMake config files
[1.035s] Level 1:colcon.colcon_core.shell:create_environment_hook('armor_tracker', 'cmake_prefix_path')
[1.035s] INFO:colcon.colcon_core.shell:Creating environment hook '/home/ljoy/Robomaster/PIONEER/new_rv/install/armor_tracker/share/armor_tracker/hook/cmake_prefix_path.ps1'
[1.036s] INFO:colcon.colcon_core.shell:Creating environment descriptor '/home/ljoy/Robomaster/PIONEER/new_rv/install/armor_tracker/share/armor_tracker/hook/cmake_prefix_path.dsv'
[1.036s] INFO:colcon.colcon_core.shell:Creating environment hook '/home/ljoy/Robomaster/PIONEER/new_rv/install/armor_tracker/share/armor_tracker/hook/cmake_prefix_path.sh'
[1.036s] Level 1:colcon.colcon_core.environment:checking '/home/ljoy/Robomaster/PIONEER/new_rv/install/armor_tracker/lib'
[1.036s] Level 1:colcon.colcon_core.shell:create_environment_hook('armor_tracker', 'ld_library_path_lib')
[1.037s] INFO:colcon.colcon_core.shell:Creating environment hook '/home/ljoy/Robomaster/PIONEER/new_rv/install/armor_tracker/share/armor_tracker/hook/ld_library_path_lib.ps1'
[1.037s] INFO:colcon.colcon_core.shell:Creating environment descriptor '/home/ljoy/Robomaster/PIONEER/new_rv/install/armor_tracker/share/armor_tracker/hook/ld_library_path_lib.dsv'
[1.037s] INFO:colcon.colcon_core.shell:Creating environment hook '/home/ljoy/Robomaster/PIONEER/new_rv/install/armor_tracker/share/armor_tracker/hook/ld_library_path_lib.sh'
[1.037s] Level 1:colcon.colcon_core.environment:checking '/home/ljoy/Robomaster/PIONEER/new_rv/install/armor_tracker/bin'
[1.037s] Level 1:colcon.colcon_core.environment:checking '/home/ljoy/Robomaster/PIONEER/new_rv/install/armor_tracker/lib/pkgconfig/armor_tracker.pc'
[1.037s] Level 1:colcon.colcon_core.environment:checking '/home/ljoy/Robomaster/PIONEER/new_rv/install/armor_tracker/lib/python3.10/site-packages'
[1.037s] Level 1:colcon.colcon_core.environment:checking '/home/ljoy/Robomaster/PIONEER/new_rv/install/armor_tracker/bin'
[1.037s] INFO:colcon.colcon_core.shell:Creating package script '/home/ljoy/Robomaster/PIONEER/new_rv/install/armor_tracker/share/armor_tracker/package.ps1'
[1.038s] INFO:colcon.colcon_core.shell:Creating package descriptor '/home/ljoy/Robomaster/PIONEER/new_rv/install/armor_tracker/share/armor_tracker/package.dsv'
[1.038s] INFO:colcon.colcon_core.shell:Creating package script '/home/ljoy/Robomaster/PIONEER/new_rv/install/armor_tracker/share/armor_tracker/package.sh'
[1.038s] INFO:colcon.colcon_core.shell:Creating package script '/home/ljoy/Robomaster/PIONEER/new_rv/install/armor_tracker/share/armor_tracker/package.bash'
[1.038s] INFO:colcon.colcon_core.shell:Creating package script '/home/ljoy/Robomaster/PIONEER/new_rv/install/armor_tracker/share/armor_tracker/package.zsh'
[1.038s] Level 1:colcon.colcon_core.environment:create_file_with_runtime_dependencies(/home/ljoy/Robomaster/PIONEER/new_rv/install/armor_tracker/share/colcon-core/packages/armor_tracker)
[1.039s] Level 1:colcon.colcon_core.environment:create_environment_scripts_only(rm_serial_driver)
[1.040s] Level 1:colcon.colcon_core.environment:checking '/home/ljoy/Robomaster/PIONEER/new_rv/install/rm_serial_driver' for CMake module files
[1.040s] DEBUG:colcon.colcon_core.event_handler.log_command:Invoked command in '/home/ljoy/Robomaster/PIONEER/new_rv/build/rm_serial_driver' returned '0': AMENT_PREFIX_PATH=/home/ljoy/Robomaster/PIONEER/new_rv/install/auto_aim_interfaces:${AMENT_PREFIX_PATH} CMAKE_PREFIX_PATH=/home/ljoy/Robomaster/PIONEER/new_rv/install/auto_aim_interfaces:/opt/ros/humble LD_LIBRARY_PATH=/home/ljoy/Robomaster/PIONEER/new_rv/install/auto_aim_interfaces/lib:/opt/ros/humble/opt/rviz_ogre_vendor/lib:/opt/ros/humble/lib/x86_64-linux-gnu:/opt/ros/humble/lib:/opt/MVS/lib/64:/opt/MVS/lib/32:/opt/MVS/lib/64:/opt/MVS/lib/64 PYTHONPATH=/home/ljoy/Robomaster/PIONEER/new_rv/install/auto_aim_interfaces/local/lib/python3.10/dist-packages:${PYTHONPATH} /usr/bin/cmake --install /home/ljoy/Robomaster/PIONEER/new_rv/build/rm_serial_driver
[1.040s] Level 1:colcon.colcon_core.environment:checking '/home/ljoy/Robomaster/PIONEER/new_rv/install/rm_serial_driver' for CMake config files
[1.040s] Level 1:colcon.colcon_core.shell:create_environment_hook('rm_serial_driver', 'cmake_prefix_path')
[1.040s] INFO:colcon.colcon_core.shell:Creating environment hook '/home/ljoy/Robomaster/PIONEER/new_rv/install/rm_serial_driver/share/rm_serial_driver/hook/cmake_prefix_path.ps1'
[1.040s] INFO:colcon.colcon_core.shell:Creating environment descriptor '/home/ljoy/Robomaster/PIONEER/new_rv/install/rm_serial_driver/share/rm_serial_driver/hook/cmake_prefix_path.dsv'
[1.040s] INFO:colcon.colcon_core.shell:Creating environment hook '/home/ljoy/Robomaster/PIONEER/new_rv/install/rm_serial_driver/share/rm_serial_driver/hook/cmake_prefix_path.sh'
[1.041s] Level 1:colcon.colcon_core.environment:checking '/home/ljoy/Robomaster/PIONEER/new_rv/install/rm_serial_driver/lib'
[1.041s] Level 1:colcon.colcon_core.shell:create_environment_hook('rm_serial_driver', 'ld_library_path_lib')
[1.041s] INFO:colcon.colcon_core.shell:Creating environment hook '/home/ljoy/Robomaster/PIONEER/new_rv/install/rm_serial_driver/share/rm_serial_driver/hook/ld_library_path_lib.ps1'
[1.041s] INFO:colcon.colcon_core.shell:Creating environment descriptor '/home/ljoy/Robomaster/PIONEER/new_rv/install/rm_serial_driver/share/rm_serial_driver/hook/ld_library_path_lib.dsv'
[1.041s] INFO:colcon.colcon_core.shell:Creating environment hook '/home/ljoy/Robomaster/PIONEER/new_rv/install/rm_serial_driver/share/rm_serial_driver/hook/ld_library_path_lib.sh'
[1.041s] Level 1:colcon.colcon_core.environment:checking '/home/ljoy/Robomaster/PIONEER/new_rv/install/rm_serial_driver/bin'
[1.041s] Level 1:colcon.colcon_core.environment:checking '/home/ljoy/Robomaster/PIONEER/new_rv/install/rm_serial_driver/lib/pkgconfig/rm_serial_driver.pc'
[1.041s] Level 1:colcon.colcon_core.environment:checking '/home/ljoy/Robomaster/PIONEER/new_rv/install/rm_serial_driver/lib/python3.10/site-packages'
[1.041s] Level 1:colcon.colcon_core.environment:checking '/home/ljoy/Robomaster/PIONEER/new_rv/install/rm_serial_driver/bin'
[1.042s] INFO:colcon.colcon_core.shell:Creating package script '/home/ljoy/Robomaster/PIONEER/new_rv/install/rm_serial_driver/share/rm_serial_driver/package.ps1'
[1.042s] INFO:colcon.colcon_core.shell:Creating package descriptor '/home/ljoy/Robomaster/PIONEER/new_rv/install/rm_serial_driver/share/rm_serial_driver/package.dsv'
[1.042s] INFO:colcon.colcon_core.shell:Creating package script '/home/ljoy/Robomaster/PIONEER/new_rv/install/rm_serial_driver/share/rm_serial_driver/package.sh'
[1.042s] INFO:colcon.colcon_core.shell:Creating package script '/home/ljoy/Robomaster/PIONEER/new_rv/install/rm_serial_driver/share/rm_serial_driver/package.bash'
[1.042s] INFO:colcon.colcon_core.shell:Creating package script '/home/ljoy/Robomaster/PIONEER/new_rv/install/rm_serial_driver/share/rm_serial_driver/package.zsh'
[1.043s] Level 1:colcon.colcon_core.environment:create_file_with_runtime_dependencies(/home/ljoy/Robomaster/PIONEER/new_rv/install/rm_serial_driver/share/colcon-core/packages/rm_serial_driver)
[1.054s] Level 1:colcon.colcon_core.environment:create_environment_scripts_only(armor_tracker)
[1.054s] Level 1:colcon.colcon_core.environment:checking '/home/ljoy/Robomaster/PIONEER/new_rv/install/armor_tracker' for CMake module files
[1.054s] Level 1:colcon.colcon_core.environment:checking '/home/ljoy/Robomaster/PIONEER/new_rv/install/armor_tracker' for CMake config files
[1.055s] Level 1:colcon.colcon_core.shell:create_environment_hook('armor_tracker', 'cmake_prefix_path')
[1.055s] INFO:colcon.colcon_core.shell:Creating environment hook '/home/ljoy/Robomaster/PIONEER/new_rv/install/armor_tracker/share/armor_tracker/hook/cmake_prefix_path.ps1'
[1.055s] INFO:colcon.colcon_core.shell:Creating environment descriptor '/home/ljoy/Robomaster/PIONEER/new_rv/install/armor_tracker/share/armor_tracker/hook/cmake_prefix_path.dsv'
[1.055s] INFO:colcon.colcon_core.shell:Creating environment hook '/home/ljoy/Robomaster/PIONEER/new_rv/install/armor_tracker/share/armor_tracker/hook/cmake_prefix_path.sh'
[1.055s] Level 1:colcon.colcon_core.environment:checking '/home/ljoy/Robomaster/PIONEER/new_rv/install/armor_tracker/lib'
[1.055s] Level 1:colcon.colcon_core.shell:create_environment_hook('armor_tracker', 'ld_library_path_lib')
[1.055s] INFO:colcon.colcon_core.shell:Creating environment hook '/home/ljoy/Robomaster/PIONEER/new_rv/install/armor_tracker/share/armor_tracker/hook/ld_library_path_lib.ps1'
[1.056s] INFO:colcon.colcon_core.shell:Creating environment descriptor '/home/ljoy/Robomaster/PIONEER/new_rv/install/armor_tracker/share/armor_tracker/hook/ld_library_path_lib.dsv'
[1.056s] INFO:colcon.colcon_core.shell:Creating environment hook '/home/ljoy/Robomaster/PIONEER/new_rv/install/armor_tracker/share/armor_tracker/hook/ld_library_path_lib.sh'
[1.056s] Level 1:colcon.colcon_core.environment:checking '/home/ljoy/Robomaster/PIONEER/new_rv/install/armor_tracker/bin'
[1.056s] Level 1:colcon.colcon_core.environment:checking '/home/ljoy/Robomaster/PIONEER/new_rv/install/armor_tracker/lib/pkgconfig/armor_tracker.pc'
[1.056s] Level 1:colcon.colcon_core.environment:checking '/home/ljoy/Robomaster/PIONEER/new_rv/install/armor_tracker/lib/python3.10/site-packages'
[1.056s] Level 1:colcon.colcon_core.environment:checking '/home/ljoy/Robomaster/PIONEER/new_rv/install/armor_tracker/bin'
[1.056s] INFO:colcon.colcon_core.shell:Creating package script '/home/ljoy/Robomaster/PIONEER/new_rv/install/armor_tracker/share/armor_tracker/package.ps1'
[1.056s] INFO:colcon.colcon_core.shell:Creating package descriptor '/home/ljoy/Robomaster/PIONEER/new_rv/install/armor_tracker/share/armor_tracker/package.dsv'
[1.057s] INFO:colcon.colcon_core.shell:Creating package script '/home/ljoy/Robomaster/PIONEER/new_rv/install/armor_tracker/share/armor_tracker/package.sh'
[1.057s] INFO:colcon.colcon_core.shell:Creating package script '/home/ljoy/Robomaster/PIONEER/new_rv/install/armor_tracker/share/armor_tracker/package.bash'
[1.057s] INFO:colcon.colcon_core.shell:Creating package script '/home/ljoy/Robomaster/PIONEER/new_rv/install/armor_tracker/share/armor_tracker/package.zsh'
[1.057s] Level 1:colcon.colcon_core.environment:create_file_with_runtime_dependencies(/home/ljoy/Robomaster/PIONEER/new_rv/install/armor_tracker/share/colcon-core/packages/armor_tracker)
[1.062s] Level 1:colcon.colcon_core.environment:create_environment_scripts_only(rm_serial_driver)
[1.062s] Level 1:colcon.colcon_core.environment:checking '/home/ljoy/Robomaster/PIONEER/new_rv/install/rm_serial_driver' for CMake module files
[1.062s] Level 1:colcon.colcon_core.environment:checking '/home/ljoy/Robomaster/PIONEER/new_rv/install/rm_serial_driver' for CMake config files
[1.062s] Level 1:colcon.colcon_core.shell:create_environment_hook('rm_serial_driver', 'cmake_prefix_path')
[1.062s] INFO:colcon.colcon_core.shell:Creating environment hook '/home/ljoy/Robomaster/PIONEER/new_rv/install/rm_serial_driver/share/rm_serial_driver/hook/cmake_prefix_path.ps1'
[1.062s] INFO:colcon.colcon_core.shell:Creating environment descriptor '/home/ljoy/Robomaster/PIONEER/new_rv/install/rm_serial_driver/share/rm_serial_driver/hook/cmake_prefix_path.dsv'
[1.063s] INFO:colcon.colcon_core.shell:Creating environment hook '/home/ljoy/Robomaster/PIONEER/new_rv/install/rm_serial_driver/share/rm_serial_driver/hook/cmake_prefix_path.sh'
[1.063s] Level 1:colcon.colcon_core.environment:checking '/home/ljoy/Robomaster/PIONEER/new_rv/install/rm_serial_driver/lib'
[1.063s] Level 1:colcon.colcon_core.shell:create_environment_hook('rm_serial_driver', 'ld_library_path_lib')
[1.063s] INFO:colcon.colcon_core.shell:Creating environment hook '/home/ljoy/Robomaster/PIONEER/new_rv/install/rm_serial_driver/share/rm_serial_driver/hook/ld_library_path_lib.ps1'
[1.063s] INFO:colcon.colcon_core.shell:Creating environment descriptor '/home/ljoy/Robomaster/PIONEER/new_rv/install/rm_serial_driver/share/rm_serial_driver/hook/ld_library_path_lib.dsv'
[1.063s] INFO:colcon.colcon_core.shell:Creating environment hook '/home/ljoy/Robomaster/PIONEER/new_rv/install/rm_serial_driver/share/rm_serial_driver/hook/ld_library_path_lib.sh'
[1.063s] Level 1:colcon.colcon_core.environment:checking '/home/ljoy/Robomaster/PIONEER/new_rv/install/rm_serial_driver/bin'
[1.063s] Level 1:colcon.colcon_core.environment:checking '/home/ljoy/Robomaster/PIONEER/new_rv/install/rm_serial_driver/lib/pkgconfig/rm_serial_driver.pc'
[1.064s] Level 1:colcon.colcon_core.environment:checking '/home/ljoy/Robomaster/PIONEER/new_rv/install/rm_serial_driver/lib/python3.10/site-packages'
[1.064s] Level 1:colcon.colcon_core.environment:checking '/home/ljoy/Robomaster/PIONEER/new_rv/install/rm_serial_driver/bin'
[1.064s] INFO:colcon.colcon_core.shell:Creating package script '/home/ljoy/Robomaster/PIONEER/new_rv/install/rm_serial_driver/share/rm_serial_driver/package.ps1'
[1.064s] INFO:colcon.colcon_core.shell:Creating package descriptor '/home/ljoy/Robomaster/PIONEER/new_rv/install/rm_serial_driver/share/rm_serial_driver/package.dsv'
[1.064s] INFO:colcon.colcon_core.shell:Creating package script '/home/ljoy/Robomaster/PIONEER/new_rv/install/rm_serial_driver/share/rm_serial_driver/package.sh'
[1.064s] INFO:colcon.colcon_core.shell:Creating package script '/home/ljoy/Robomaster/PIONEER/new_rv/install/rm_serial_driver/share/rm_serial_driver/package.bash'
[1.065s] INFO:colcon.colcon_core.shell:Creating package script '/home/ljoy/Robomaster/PIONEER/new_rv/install/rm_serial_driver/share/rm_serial_driver/package.zsh'
[1.065s] Level 1:colcon.colcon_core.environment:create_file_with_runtime_dependencies(/home/ljoy/Robomaster/PIONEER/new_rv/install/rm_serial_driver/share/colcon-core/packages/rm_serial_driver)
[1.065s] INFO:colcon.colcon_ros.task.ament_cmake.build:Building ROS package in '/home/ljoy/Robomaster/PIONEER/new_rv/rm_vision/rm_vision_bringup' with build type 'ament_cmake'
[1.065s] INFO:colcon.colcon_cmake.task.cmake.build:Building CMake package in '/home/ljoy/Robomaster/PIONEER/new_rv/rm_vision/rm_vision_bringup'
[1.065s] INFO:colcon.colcon_core.shell:Skip shell extension 'powershell' for command environment: Not usable outside of PowerShell
[1.065s] DEBUG:colcon.colcon_core.shell:Skip shell extension 'dsv' for command environment
[1.072s] DEBUG:colcon.colcon_core.event_handler.log_command:Invoking command in '/home/ljoy/Robomaster/PIONEER/new_rv/build/rm_vision_bringup': AMENT_PREFIX_PATH=/home/ljoy/Robomaster/PIONEER/new_rv/install/rm_serial_driver:/home/ljoy/Robomaster/PIONEER/new_rv/install/auto_aim_interfaces:${AMENT_PREFIX_PATH} CMAKE_PREFIX_PATH=/home/ljoy/Robomaster/PIONEER/new_rv/install/rm_serial_driver:/home/ljoy/Robomaster/PIONEER/new_rv/install/auto_aim_interfaces:/opt/ros/humble LD_LIBRARY_PATH=/home/ljoy/Robomaster/PIONEER/new_rv/install/rm_serial_driver/lib:/home/ljoy/Robomaster/PIONEER/new_rv/install/auto_aim_interfaces/lib:/opt/ros/humble/opt/rviz_ogre_vendor/lib:/opt/ros/humble/lib/x86_64-linux-gnu:/opt/ros/humble/lib:/opt/MVS/lib/64:/opt/MVS/lib/32:/opt/MVS/lib/64:/opt/MVS/lib/64 PYTHONPATH=/home/ljoy/Robomaster/PIONEER/new_rv/install/auto_aim_interfaces/local/lib/python3.10/dist-packages:${PYTHONPATH} /usr/bin/cmake /home/ljoy/Robomaster/PIONEER/new_rv/rm_vision/rm_vision_bringup -DCMAKE_INSTALL_PREFIX=/home/ljoy/Robomaster/PIONEER/new_rv/install/rm_vision_bringup
[1.429s] DEBUG:colcon.colcon_core.event_handler.log_command:Invoked command in '/home/ljoy/Robomaster/PIONEER/new_rv/build/rm_vision_bringup' returned '0': AMENT_PREFIX_PATH=/home/ljoy/Robomaster/PIONEER/new_rv/install/rm_serial_driver:/home/ljoy/Robomaster/PIONEER/new_rv/install/auto_aim_interfaces:${AMENT_PREFIX_PATH} CMAKE_PREFIX_PATH=/home/ljoy/Robomaster/PIONEER/new_rv/install/rm_serial_driver:/home/ljoy/Robomaster/PIONEER/new_rv/install/auto_aim_interfaces:/opt/ros/humble LD_LIBRARY_PATH=/home/ljoy/Robomaster/PIONEER/new_rv/install/rm_serial_driver/lib:/home/ljoy/Robomaster/PIONEER/new_rv/install/auto_aim_interfaces/lib:/opt/ros/humble/opt/rviz_ogre_vendor/lib:/opt/ros/humble/lib/x86_64-linux-gnu:/opt/ros/humble/lib:/opt/MVS/lib/64:/opt/MVS/lib/32:/opt/MVS/lib/64:/opt/MVS/lib/64 PYTHONPATH=/home/ljoy/Robomaster/PIONEER/new_rv/install/auto_aim_interfaces/local/lib/python3.10/dist-packages:${PYTHONPATH} /usr/bin/cmake /home/ljoy/Robomaster/PIONEER/new_rv/rm_vision/rm_vision_bringup -DCMAKE_INSTALL_PREFIX=/home/ljoy/Robomaster/PIONEER/new_rv/install/rm_vision_bringup
[1.430s] DEBUG:colcon.colcon_core.event_handler.log_command:Invoking command in '/home/ljoy/Robomaster/PIONEER/new_rv/build/rm_vision_bringup': AMENT_PREFIX_PATH=/home/ljoy/Robomaster/PIONEER/new_rv/install/rm_serial_driver:/home/ljoy/Robomaster/PIONEER/new_rv/install/auto_aim_interfaces:${AMENT_PREFIX_PATH} CMAKE_PREFIX_PATH=/home/ljoy/Robomaster/PIONEER/new_rv/install/rm_serial_driver:/home/ljoy/Robomaster/PIONEER/new_rv/install/auto_aim_interfaces:/opt/ros/humble LD_LIBRARY_PATH=/home/ljoy/Robomaster/PIONEER/new_rv/install/rm_serial_driver/lib:/home/ljoy/Robomaster/PIONEER/new_rv/install/auto_aim_interfaces/lib:/opt/ros/humble/opt/rviz_ogre_vendor/lib:/opt/ros/humble/lib/x86_64-linux-gnu:/opt/ros/humble/lib:/opt/MVS/lib/64:/opt/MVS/lib/32:/opt/MVS/lib/64:/opt/MVS/lib/64 PYTHONPATH=/home/ljoy/Robomaster/PIONEER/new_rv/install/auto_aim_interfaces/local/lib/python3.10/dist-packages:${PYTHONPATH} /usr/bin/cmake --build /home/ljoy/Robomaster/PIONEER/new_rv/build/rm_vision_bringup -- -j32 -l32
[1.439s] DEBUG:colcon.colcon_core.event_handler.log_command:Invoked command in '/home/ljoy/Robomaster/PIONEER/new_rv/build/rm_vision_bringup' returned '0': AMENT_PREFIX_PATH=/home/ljoy/Robomaster/PIONEER/new_rv/install/rm_serial_driver:/home/ljoy/Robomaster/PIONEER/new_rv/install/auto_aim_interfaces:${AMENT_PREFIX_PATH} CMAKE_PREFIX_PATH=/home/ljoy/Robomaster/PIONEER/new_rv/install/rm_serial_driver:/home/ljoy/Robomaster/PIONEER/new_rv/install/auto_aim_interfaces:/opt/ros/humble LD_LIBRARY_PATH=/home/ljoy/Robomaster/PIONEER/new_rv/install/rm_serial_driver/lib:/home/ljoy/Robomaster/PIONEER/new_rv/install/auto_aim_interfaces/lib:/opt/ros/humble/opt/rviz_ogre_vendor/lib:/opt/ros/humble/lib/x86_64-linux-gnu:/opt/ros/humble/lib:/opt/MVS/lib/64:/opt/MVS/lib/32:/opt/MVS/lib/64:/opt/MVS/lib/64 PYTHONPATH=/home/ljoy/Robomaster/PIONEER/new_rv/install/auto_aim_interfaces/local/lib/python3.10/dist-packages:${PYTHONPATH} /usr/bin/cmake --build /home/ljoy/Robomaster/PIONEER/new_rv/build/rm_vision_bringup -- -j32 -l32
[1.450s] DEBUG:colcon.colcon_core.event_handler.log_command:Invoking command in '/home/ljoy/Robomaster/PIONEER/new_rv/build/rm_vision_bringup': AMENT_PREFIX_PATH=/home/ljoy/Robomaster/PIONEER/new_rv/install/rm_serial_driver:/home/ljoy/Robomaster/PIONEER/new_rv/install/auto_aim_interfaces:${AMENT_PREFIX_PATH} CMAKE_PREFIX_PATH=/home/ljoy/Robomaster/PIONEER/new_rv/install/rm_serial_driver:/home/ljoy/Robomaster/PIONEER/new_rv/install/auto_aim_interfaces:/opt/ros/humble LD_LIBRARY_PATH=/home/ljoy/Robomaster/PIONEER/new_rv/install/rm_serial_driver/lib:/home/ljoy/Robomaster/PIONEER/new_rv/install/auto_aim_interfaces/lib:/opt/ros/humble/opt/rviz_ogre_vendor/lib:/opt/ros/humble/lib/x86_64-linux-gnu:/opt/ros/humble/lib:/opt/MVS/lib/64:/opt/MVS/lib/32:/opt/MVS/lib/64:/opt/MVS/lib/64 PYTHONPATH=/home/ljoy/Robomaster/PIONEER/new_rv/install/auto_aim_interfaces/local/lib/python3.10/dist-packages:${PYTHONPATH} /usr/bin/cmake --install /home/ljoy/Robomaster/PIONEER/new_rv/build/rm_vision_bringup
[1.455s] Level 1:colcon.colcon_core.environment:create_environment_scripts_only(rm_vision_bringup)
[1.455s] DEBUG:colcon.colcon_core.event_handler.log_command:Invoked command in '/home/ljoy/Robomaster/PIONEER/new_rv/build/rm_vision_bringup' returned '0': AMENT_PREFIX_PATH=/home/ljoy/Robomaster/PIONEER/new_rv/install/rm_serial_driver:/home/ljoy/Robomaster/PIONEER/new_rv/install/auto_aim_interfaces:${AMENT_PREFIX_PATH} CMAKE_PREFIX_PATH=/home/ljoy/Robomaster/PIONEER/new_rv/install/rm_serial_driver:/home/ljoy/Robomaster/PIONEER/new_rv/install/auto_aim_interfaces:/opt/ros/humble LD_LIBRARY_PATH=/home/ljoy/Robomaster/PIONEER/new_rv/install/rm_serial_driver/lib:/home/ljoy/Robomaster/PIONEER/new_rv/install/auto_aim_interfaces/lib:/opt/ros/humble/opt/rviz_ogre_vendor/lib:/opt/ros/humble/lib/x86_64-linux-gnu:/opt/ros/humble/lib:/opt/MVS/lib/64:/opt/MVS/lib/32:/opt/MVS/lib/64:/opt/MVS/lib/64 PYTHONPATH=/home/ljoy/Robomaster/PIONEER/new_rv/install/auto_aim_interfaces/local/lib/python3.10/dist-packages:${PYTHONPATH} /usr/bin/cmake --install /home/ljoy/Robomaster/PIONEER/new_rv/build/rm_vision_bringup
[1.455s] Level 1:colcon.colcon_core.environment:checking '/home/ljoy/Robomaster/PIONEER/new_rv/install/rm_vision_bringup' for CMake module files
[1.455s] Level 1:colcon.colcon_core.environment:checking '/home/ljoy/Robomaster/PIONEER/new_rv/install/rm_vision_bringup' for CMake config files
[1.456s] Level 1:colcon.colcon_core.shell:create_environment_hook('rm_vision_bringup', 'cmake_prefix_path')
[1.456s] INFO:colcon.colcon_core.shell:Creating environment hook '/home/ljoy/Robomaster/PIONEER/new_rv/install/rm_vision_bringup/share/rm_vision_bringup/hook/cmake_prefix_path.ps1'
[1.456s] INFO:colcon.colcon_core.shell:Creating environment descriptor '/home/ljoy/Robomaster/PIONEER/new_rv/install/rm_vision_bringup/share/rm_vision_bringup/hook/cmake_prefix_path.dsv'
[1.456s] INFO:colcon.colcon_core.shell:Creating environment hook '/home/ljoy/Robomaster/PIONEER/new_rv/install/rm_vision_bringup/share/rm_vision_bringup/hook/cmake_prefix_path.sh'
[1.456s] Level 1:colcon.colcon_core.environment:checking '/home/ljoy/Robomaster/PIONEER/new_rv/install/rm_vision_bringup/bin'
[1.456s] Level 1:colcon.colcon_core.environment:checking '/home/ljoy/Robomaster/PIONEER/new_rv/install/rm_vision_bringup/lib/pkgconfig/rm_vision_bringup.pc'
[1.457s] Level 1:colcon.colcon_core.environment:checking '/home/ljoy/Robomaster/PIONEER/new_rv/install/rm_vision_bringup/lib/python3.10/site-packages'
[1.457s] Level 1:colcon.colcon_core.environment:checking '/home/ljoy/Robomaster/PIONEER/new_rv/install/rm_vision_bringup/bin'
[1.457s] INFO:colcon.colcon_core.shell:Creating package script '/home/ljoy/Robomaster/PIONEER/new_rv/install/rm_vision_bringup/share/rm_vision_bringup/package.ps1'
[1.457s] INFO:colcon.colcon_core.shell:Creating package descriptor '/home/ljoy/Robomaster/PIONEER/new_rv/install/rm_vision_bringup/share/rm_vision_bringup/package.dsv'
[1.457s] INFO:colcon.colcon_core.shell:Creating package script '/home/ljoy/Robomaster/PIONEER/new_rv/install/rm_vision_bringup/share/rm_vision_bringup/package.sh'
[1.457s] INFO:colcon.colcon_core.shell:Creating package script '/home/ljoy/Robomaster/PIONEER/new_rv/install/rm_vision_bringup/share/rm_vision_bringup/package.bash'
[1.457s] INFO:colcon.colcon_core.shell:Creating package script '/home/ljoy/Robomaster/PIONEER/new_rv/install/rm_vision_bringup/share/rm_vision_bringup/package.zsh'
[1.458s] Level 1:colcon.colcon_core.environment:create_file_with_runtime_dependencies(/home/ljoy/Robomaster/PIONEER/new_rv/install/rm_vision_bringup/share/colcon-core/packages/rm_vision_bringup)
[1.468s] Level 1:colcon.colcon_core.environment:create_environment_scripts_only(rm_vision_bringup)
[1.468s] Level 1:colcon.colcon_core.environment:checking '/home/ljoy/Robomaster/PIONEER/new_rv/install/rm_vision_bringup' for CMake module files
[1.468s] Level 1:colcon.colcon_core.environment:checking '/home/ljoy/Robomaster/PIONEER/new_rv/install/rm_vision_bringup' for CMake config files
[1.468s] Level 1:colcon.colcon_core.shell:create_environment_hook('rm_vision_bringup', 'cmake_prefix_path')
[1.468s] INFO:colcon.colcon_core.shell:Creating environment hook '/home/ljoy/Robomaster/PIONEER/new_rv/install/rm_vision_bringup/share/rm_vision_bringup/hook/cmake_prefix_path.ps1'
[1.468s] INFO:colcon.colcon_core.shell:Creating environment descriptor '/home/ljoy/Robomaster/PIONEER/new_rv/install/rm_vision_bringup/share/rm_vision_bringup/hook/cmake_prefix_path.dsv'
[1.469s] INFO:colcon.colcon_core.shell:Creating environment hook '/home/ljoy/Robomaster/PIONEER/new_rv/install/rm_vision_bringup/share/rm_vision_bringup/hook/cmake_prefix_path.sh'
[1.469s] Level 1:colcon.colcon_core.environment:checking '/home/ljoy/Robomaster/PIONEER/new_rv/install/rm_vision_bringup/bin'
[1.469s] Level 1:colcon.colcon_core.environment:checking '/home/ljoy/Robomaster/PIONEER/new_rv/install/rm_vision_bringup/lib/pkgconfig/rm_vision_bringup.pc'
[1.469s] Level 1:colcon.colcon_core.environment:checking '/home/ljoy/Robomaster/PIONEER/new_rv/install/rm_vision_bringup/lib/python3.10/site-packages'
[1.469s] Level 1:colcon.colcon_core.environment:checking '/home/ljoy/Robomaster/PIONEER/new_rv/install/rm_vision_bringup/bin'
[1.469s] INFO:colcon.colcon_core.shell:Creating package script '/home/ljoy/Robomaster/PIONEER/new_rv/install/rm_vision_bringup/share/rm_vision_bringup/package.ps1'
[1.469s] INFO:colcon.colcon_core.shell:Creating package descriptor '/home/ljoy/Robomaster/PIONEER/new_rv/install/rm_vision_bringup/share/rm_vision_bringup/package.dsv'
[1.470s] INFO:colcon.colcon_core.shell:Creating package script '/home/ljoy/Robomaster/PIONEER/new_rv/install/rm_vision_bringup/share/rm_vision_bringup/package.sh'
[1.470s] INFO:colcon.colcon_core.shell:Creating package script '/home/ljoy/Robomaster/PIONEER/new_rv/install/rm_vision_bringup/share/rm_vision_bringup/package.bash'
[1.470s] INFO:colcon.colcon_core.shell:Creating package script '/home/ljoy/Robomaster/PIONEER/new_rv/install/rm_vision_bringup/share/rm_vision_bringup/package.zsh'
[1.470s] Level 1:colcon.colcon_core.environment:create_file_with_runtime_dependencies(/home/ljoy/Robomaster/PIONEER/new_rv/install/rm_vision_bringup/share/colcon-core/packages/rm_vision_bringup)
[4.687s] DEBUG:colcon.colcon_core.event_handler.log_command:Invoked command in '/home/ljoy/Robomaster/PIONEER/new_rv/build/rm_planner' returned '2': AMENT_PREFIX_PATH=/home/ljoy/Robomaster/PIONEER/new_rv/install/rm_tools:/home/ljoy/Robomaster/PIONEER/new_rv/install/auto_aim_interfaces:${AMENT_PREFIX_PATH} CMAKE_PREFIX_PATH=/home/ljoy/Robomaster/PIONEER/new_rv/install/rm_tools:/home/ljoy/Robomaster/PIONEER/new_rv/install/auto_aim_interfaces:/opt/ros/humble LD_LIBRARY_PATH=/home/ljoy/Robomaster/PIONEER/new_rv/install/rm_tools/lib:/home/ljoy/Robomaster/PIONEER/new_rv/install/auto_aim_interfaces/lib:/opt/ros/humble/opt/rviz_ogre_vendor/lib:/opt/ros/humble/lib/x86_64-linux-gnu:/opt/ros/humble/lib:/opt/MVS/lib/64:/opt/MVS/lib/32:/opt/MVS/lib/64:/opt/MVS/lib/64 PYTHONPATH=/home/ljoy/Robomaster/PIONEER/new_rv/install/auto_aim_interfaces/local/lib/python3.10/dist-packages:${PYTHONPATH} /usr/bin/cmake --build /home/ljoy/Robomaster/PIONEER/new_rv/build/rm_planner -- -j32 -l32
[4.703s] Level 1:colcon.colcon_core.environment:create_environment_scripts_only(rm_planner)
[4.703s] Level 1:colcon.colcon_core.environment:checking '/home/ljoy/Robomaster/PIONEER/new_rv/install/rm_planner' for CMake module files
[4.704s] Level 1:colcon.colcon_core.environment:checking '/home/ljoy/Robomaster/PIONEER/new_rv/install/rm_planner' for CMake config files
[4.704s] Level 1:colcon.colcon_core.environment:checking '/home/ljoy/Robomaster/PIONEER/new_rv/install/rm_planner/bin'
[4.704s] Level 1:colcon.colcon_core.environment:checking '/home/ljoy/Robomaster/PIONEER/new_rv/install/rm_planner/lib/pkgconfig/rm_planner.pc'
[4.704s] Level 1:colcon.colcon_core.environment:checking '/home/ljoy/Robomaster/PIONEER/new_rv/install/rm_planner/lib/python3.10/site-packages'
[4.704s] Level 1:colcon.colcon_core.environment:checking '/home/ljoy/Robomaster/PIONEER/new_rv/install/rm_planner/bin'
[4.704s] INFO:colcon.colcon_core.shell:Creating package script '/home/ljoy/Robomaster/PIONEER/new_rv/install/rm_planner/share/rm_planner/package.ps1'
[4.704s] INFO:colcon.colcon_core.shell:Creating package descriptor '/home/ljoy/Robomaster/PIONEER/new_rv/install/rm_planner/share/rm_planner/package.dsv'
[4.705s] INFO:colcon.colcon_core.shell:Creating package script '/home/ljoy/Robomaster/PIONEER/new_rv/install/rm_planner/share/rm_planner/package.sh'
[4.705s] INFO:colcon.colcon_core.shell:Creating package script '/home/ljoy/Robomaster/PIONEER/new_rv/install/rm_planner/share/rm_planner/package.bash'
[4.705s] INFO:colcon.colcon_core.shell:Creating package script '/home/ljoy/Robomaster/PIONEER/new_rv/install/rm_planner/share/rm_planner/package.zsh'
[4.705s] Level 1:colcon.colcon_core.environment:create_file_with_runtime_dependencies(/home/ljoy/Robomaster/PIONEER/new_rv/install/rm_planner/share/colcon-core/packages/rm_planner)
[6.096s] DEBUG:colcon.colcon_parallel_executor.executor.parallel:closing loop
[6.096s] DEBUG:colcon.colcon_parallel_executor.executor.parallel:loop closed
[6.096s] DEBUG:colcon.colcon_parallel_executor.executor.parallel:run_until_complete finished with '2'
[6.096s] DEBUG:colcon.colcon_core.event_reactor:joining thread
[6.099s] INFO:colcon.colcon_core.plugin_system:Skipping extension 'colcon_notification.desktop_notification.terminal_notifier': Not used on non-Darwin systems
[6.099s] INFO:colcon.colcon_core.plugin_system:Skipping extension 'colcon_notification.desktop_notification.win32': Not used on non-Windows systems
[6.099s] INFO:colcon.colcon_notification.desktop_notification:Sending desktop notification using 'notify2'
[6.106s] DEBUG:colcon.colcon_core.event_reactor:joined thread
[6.106s] INFO:colcon.colcon_core.shell:Creating prefix script '/home/ljoy/Robomaster/PIONEER/new_rv/install/local_setup.ps1'
[6.107s] INFO:colcon.colcon_core.shell:Creating prefix util module '/home/ljoy/Robomaster/PIONEER/new_rv/install/_local_setup_util_ps1.py'
[6.107s] INFO:colcon.colcon_core.shell:Creating prefix chain script '/home/ljoy/Robomaster/PIONEER/new_rv/install/setup.ps1'
[6.108s] INFO:colcon.colcon_core.shell:Creating prefix script '/home/ljoy/Robomaster/PIONEER/new_rv/install/local_setup.sh'
[6.108s] INFO:colcon.colcon_core.shell:Creating prefix util module '/home/ljoy/Robomaster/PIONEER/new_rv/install/_local_setup_util_sh.py'
[6.108s] INFO:colcon.colcon_core.shell:Creating prefix chain script '/home/ljoy/Robomaster/PIONEER/new_rv/install/setup.sh'
[6.109s] INFO:colcon.colcon_core.shell:Creating prefix script '/home/ljoy/Robomaster/PIONEER/new_rv/install/local_setup.bash'
[6.109s] INFO:colcon.colcon_core.shell:Creating prefix chain script '/home/ljoy/Robomaster/PIONEER/new_rv/install/setup.bash'
[6.109s] INFO:colcon.colcon_core.shell:Creating prefix script '/home/ljoy/Robomaster/PIONEER/new_rv/install/local_setup.zsh'
[6.109s] INFO:colcon.colcon_core.shell:Creating prefix chain script '/home/ljoy/Robomaster/PIONEER/new_rv/install/setup.zsh'
