[0.069s] DEBUG:colcon:Command line arguments: ['/usr/bin/colcon', 'build']
[0.069s] DEBUG:colcon:Parsed command line arguments: Namespace(log_base=None, log_level=None, verb_name='build', build_base='build', install_base='install', merge_install=False, symlink_install=False, test_result_base=None, continue_on_error=False, executor='parallel', parallel_workers=32, event_handlers=None, ignore_user_meta=False, metas=['./colcon.meta'], base_paths=['.'], packages_ignore=None, packages_ignore_regex=None, paths=None, packages_up_to=None, packages_up_to_regex=None, packages_above=None, packages_above_and_dependencies=None, packages_above_depth=None, packages_select_by_dep=None, packages_skip_by_dep=None, packages_skip_up_to=None, packages_select_build_failed=False, packages_skip_build_finished=False, packages_select_test_failures=False, packages_skip_test_passed=False, packages_select=None, packages_skip=None, packages_select_regex=None, packages_skip_regex=None, packages_start=None, packages_end=None, allow_overriding=[], cmake_args=None, cmake_target=None, cmake_target_skip_unavailable=False, cmake_clean_cache=False, cmake_clean_first=False, cmake_force_configure=False, ament_cmake_args=None, catkin_cmake_args=None, catkin_skip_building_tests=False, verb_parser=<colcon_defaults.argument_parser.defaults.DefaultArgumentsDecorator object at 0x748d0f5f6410>, verb_extension=<colcon_core.verb.build.BuildVerb object at 0x748d0f73b040>, main=<bound method BuildVerb.main of <colcon_core.verb.build.BuildVerb object at 0x748d0f73b040>>)
[0.182s] Level 1:colcon.colcon_core.package_discovery:discover_packages(colcon_meta) check parameters
[0.182s] Level 1:colcon.colcon_core.package_discovery:discover_packages(recursive) check parameters
[0.182s] Level 1:colcon.colcon_core.package_discovery:discover_packages(ignore) check parameters
[0.182s] Level 1:colcon.colcon_core.package_discovery:discover_packages(path) check parameters
[0.182s] Level 1:colcon.colcon_core.package_discovery:discover_packages(colcon_meta) discover
[0.182s] Level 1:colcon.colcon_core.package_discovery:discover_packages(recursive) discover
[0.182s] INFO:colcon.colcon_core.package_discovery:Crawling recursively for packages in '/home/ljoy/Robomaster/PIONEER/new_rv'
[0.182s] Level 1:colcon.colcon_core.package_identification:_identify(.) by extensions ['ignore', 'ignore_ament_install']
[0.182s] Level 1:colcon.colcon_core.package_identification:_identify(.) by extension 'ignore'
[0.182s] Level 1:colcon.colcon_core.package_identification:_identify(.) by extension 'ignore_ament_install'
[0.182s] Level 1:colcon.colcon_core.package_identification:_identify(.) by extensions ['colcon_pkg']
[0.182s] Level 1:colcon.colcon_core.package_identification:_identify(.) by extension 'colcon_pkg'
[0.182s] Level 1:colcon.colcon_core.package_identification:_identify(.) by extensions ['colcon_meta']
[0.182s] Level 1:colcon.colcon_core.package_identification:_identify(.) by extension 'colcon_meta'
[0.182s] Level 1:colcon.colcon_core.package_identification:_identify(.) by extensions ['ros']
[0.182s] Level 1:colcon.colcon_core.package_identification:_identify(.) by extension 'ros'
[0.193s] Level 1:colcon.colcon_core.package_identification:_identify(.) by extensions ['cmake', 'python']
[0.193s] Level 1:colcon.colcon_core.package_identification:_identify(.) by extension 'cmake'
[0.193s] Level 1:colcon.colcon_core.package_identification:_identify(.) by extension 'python'
[0.193s] Level 1:colcon.colcon_core.package_identification:_identify(.) by extensions ['python_setup_py']
[0.193s] Level 1:colcon.colcon_core.package_identification:_identify(.) by extension 'python_setup_py'
[0.193s] Level 1:colcon.colcon_core.package_identification:_identify(auto_aim_interfaces) by extensions ['ignore', 'ignore_ament_install']
[0.193s] Level 1:colcon.colcon_core.package_identification:_identify(auto_aim_interfaces) by extension 'ignore'
[0.193s] Level 1:colcon.colcon_core.package_identification:_identify(auto_aim_interfaces) by extension 'ignore_ament_install'
[0.193s] Level 1:colcon.colcon_core.package_identification:_identify(auto_aim_interfaces) by extensions ['colcon_pkg']
[0.193s] Level 1:colcon.colcon_core.package_identification:_identify(auto_aim_interfaces) by extension 'colcon_pkg'
[0.193s] Level 1:colcon.colcon_core.package_identification:_identify(auto_aim_interfaces) by extensions ['colcon_meta']
[0.193s] Level 1:colcon.colcon_core.package_identification:_identify(auto_aim_interfaces) by extension 'colcon_meta'
[0.193s] Level 1:colcon.colcon_core.package_identification:_identify(auto_aim_interfaces) by extensions ['ros']
[0.193s] Level 1:colcon.colcon_core.package_identification:_identify(auto_aim_interfaces) by extension 'ros'
[0.195s] DEBUG:colcon.colcon_core.package_identification:Package 'auto_aim_interfaces' with type 'ros.ament_cmake' and name 'auto_aim_interfaces'
[0.195s] Level 1:colcon.colcon_core.package_identification:_identify(build) by extensions ['ignore', 'ignore_ament_install']
[0.195s] Level 1:colcon.colcon_core.package_identification:_identify(build) by extension 'ignore'
[0.195s] Level 1:colcon.colcon_core.package_identification:_identify(build) ignored
[0.195s] Level 1:colcon.colcon_core.package_identification:_identify(hik_camera) by extensions ['ignore', 'ignore_ament_install']
[0.195s] Level 1:colcon.colcon_core.package_identification:_identify(hik_camera) by extension 'ignore'
[0.195s] Level 1:colcon.colcon_core.package_identification:_identify(hik_camera) by extension 'ignore_ament_install'
[0.195s] Level 1:colcon.colcon_core.package_identification:_identify(hik_camera) by extensions ['colcon_pkg']
[0.195s] Level 1:colcon.colcon_core.package_identification:_identify(hik_camera) by extension 'colcon_pkg'
[0.195s] Level 1:colcon.colcon_core.package_identification:_identify(hik_camera) by extensions ['colcon_meta']
[0.195s] Level 1:colcon.colcon_core.package_identification:_identify(hik_camera) by extension 'colcon_meta'
[0.195s] Level 1:colcon.colcon_core.package_identification:_identify(hik_camera) by extensions ['ros']
[0.195s] Level 1:colcon.colcon_core.package_identification:_identify(hik_camera) by extension 'ros'
[0.196s] DEBUG:colcon.colcon_core.package_identification:Package 'hik_camera' with type 'ros.ament_cmake' and name 'hik_camera'
[0.196s] Level 1:colcon.colcon_core.package_identification:_identify(install) by extensions ['ignore', 'ignore_ament_install']
[0.196s] Level 1:colcon.colcon_core.package_identification:_identify(install) by extension 'ignore'
[0.196s] Level 1:colcon.colcon_core.package_identification:_identify(install) ignored
[0.196s] Level 1:colcon.colcon_core.package_identification:_identify(log) by extensions ['ignore', 'ignore_ament_install']
[0.196s] Level 1:colcon.colcon_core.package_identification:_identify(log) by extension 'ignore'
[0.196s] Level 1:colcon.colcon_core.package_identification:_identify(log) ignored
[0.196s] Level 1:colcon.colcon_core.package_identification:_identify(rm_auto_aim) by extensions ['ignore', 'ignore_ament_install']
[0.196s] Level 1:colcon.colcon_core.package_identification:_identify(rm_auto_aim) by extension 'ignore'
[0.196s] Level 1:colcon.colcon_core.package_identification:_identify(rm_auto_aim) by extension 'ignore_ament_install'
[0.196s] Level 1:colcon.colcon_core.package_identification:_identify(rm_auto_aim) by extensions ['colcon_pkg']
[0.196s] Level 1:colcon.colcon_core.package_identification:_identify(rm_auto_aim) by extension 'colcon_pkg'
[0.196s] Level 1:colcon.colcon_core.package_identification:_identify(rm_auto_aim) by extensions ['colcon_meta']
[0.197s] Level 1:colcon.colcon_core.package_identification:_identify(rm_auto_aim) by extension 'colcon_meta'
[0.197s] Level 1:colcon.colcon_core.package_identification:_identify(rm_auto_aim) by extensions ['ros']
[0.197s] Level 1:colcon.colcon_core.package_identification:_identify(rm_auto_aim) by extension 'ros'
[0.197s] Level 1:colcon.colcon_core.package_identification:_identify(rm_auto_aim) by extensions ['cmake', 'python']
[0.197s] Level 1:colcon.colcon_core.package_identification:_identify(rm_auto_aim) by extension 'cmake'
[0.197s] Level 1:colcon.colcon_core.package_identification:_identify(rm_auto_aim) by extension 'python'
[0.197s] Level 1:colcon.colcon_core.package_identification:_identify(rm_auto_aim) by extensions ['python_setup_py']
[0.197s] Level 1:colcon.colcon_core.package_identification:_identify(rm_auto_aim) by extension 'python_setup_py'
[0.197s] Level 1:colcon.colcon_core.package_identification:_identify(rm_auto_aim/armor_detector) by extensions ['ignore', 'ignore_ament_install']
[0.197s] Level 1:colcon.colcon_core.package_identification:_identify(rm_auto_aim/armor_detector) by extension 'ignore'
[0.197s] Level 1:colcon.colcon_core.package_identification:_identify(rm_auto_aim/armor_detector) by extension 'ignore_ament_install'
[0.197s] Level 1:colcon.colcon_core.package_identification:_identify(rm_auto_aim/armor_detector) by extensions ['colcon_pkg']
[0.197s] Level 1:colcon.colcon_core.package_identification:_identify(rm_auto_aim/armor_detector) by extension 'colcon_pkg'
[0.197s] Level 1:colcon.colcon_core.package_identification:_identify(rm_auto_aim/armor_detector) by extensions ['colcon_meta']
[0.197s] Level 1:colcon.colcon_core.package_identification:_identify(rm_auto_aim/armor_detector) by extension 'colcon_meta'
[0.197s] Level 1:colcon.colcon_core.package_identification:_identify(rm_auto_aim/armor_detector) by extensions ['ros']
[0.197s] Level 1:colcon.colcon_core.package_identification:_identify(rm_auto_aim/armor_detector) by extension 'ros'
[0.198s] DEBUG:colcon.colcon_core.package_identification:Package 'rm_auto_aim/armor_detector' with type 'ros.ament_cmake' and name 'armor_detector'
[0.198s] Level 1:colcon.colcon_core.package_identification:_identify(rm_auto_aim/armor_tracker) by extensions ['ignore', 'ignore_ament_install']
[0.198s] Level 1:colcon.colcon_core.package_identification:_identify(rm_auto_aim/armor_tracker) by extension 'ignore'
[0.198s] Level 1:colcon.colcon_core.package_identification:_identify(rm_auto_aim/armor_tracker) by extension 'ignore_ament_install'
[0.198s] Level 1:colcon.colcon_core.package_identification:_identify(rm_auto_aim/armor_tracker) by extensions ['colcon_pkg']
[0.198s] Level 1:colcon.colcon_core.package_identification:_identify(rm_auto_aim/armor_tracker) by extension 'colcon_pkg'
[0.198s] Level 1:colcon.colcon_core.package_identification:_identify(rm_auto_aim/armor_tracker) by extensions ['colcon_meta']
[0.198s] Level 1:colcon.colcon_core.package_identification:_identify(rm_auto_aim/armor_tracker) by extension 'colcon_meta'
[0.198s] Level 1:colcon.colcon_core.package_identification:_identify(rm_auto_aim/armor_tracker) by extensions ['ros']
[0.198s] Level 1:colcon.colcon_core.package_identification:_identify(rm_auto_aim/armor_tracker) by extension 'ros'
[0.199s] DEBUG:colcon.colcon_core.package_identification:Package 'rm_auto_aim/armor_tracker' with type 'ros.ament_cmake' and name 'armor_tracker'
[0.199s] Level 1:colcon.colcon_core.package_identification:_identify(rm_gimbal_description) by extensions ['ignore', 'ignore_ament_install']
[0.199s] Level 1:colcon.colcon_core.package_identification:_identify(rm_gimbal_description) by extension 'ignore'
[0.199s] Level 1:colcon.colcon_core.package_identification:_identify(rm_gimbal_description) by extension 'ignore_ament_install'
[0.199s] Level 1:colcon.colcon_core.package_identification:_identify(rm_gimbal_description) by extensions ['colcon_pkg']
[0.199s] Level 1:colcon.colcon_core.package_identification:_identify(rm_gimbal_description) by extension 'colcon_pkg'
[0.199s] Level 1:colcon.colcon_core.package_identification:_identify(rm_gimbal_description) by extensions ['colcon_meta']
[0.199s] Level 1:colcon.colcon_core.package_identification:_identify(rm_gimbal_description) by extension 'colcon_meta'
[0.199s] Level 1:colcon.colcon_core.package_identification:_identify(rm_gimbal_description) by extensions ['ros']
[0.199s] Level 1:colcon.colcon_core.package_identification:_identify(rm_gimbal_description) by extension 'ros'
[0.200s] DEBUG:colcon.colcon_core.package_identification:Package 'rm_gimbal_description' with type 'ros.ament_cmake' and name 'rm_gimbal_description'
[0.200s] Level 1:colcon.colcon_core.package_identification:_identify(rm_planner) by extensions ['ignore', 'ignore_ament_install']
[0.200s] Level 1:colcon.colcon_core.package_identification:_identify(rm_planner) by extension 'ignore'
[0.200s] Level 1:colcon.colcon_core.package_identification:_identify(rm_planner) by extension 'ignore_ament_install'
[0.200s] Level 1:colcon.colcon_core.package_identification:_identify(rm_planner) by extensions ['colcon_pkg']
[0.200s] Level 1:colcon.colcon_core.package_identification:_identify(rm_planner) by extension 'colcon_pkg'
[0.200s] Level 1:colcon.colcon_core.package_identification:_identify(rm_planner) by extensions ['colcon_meta']
[0.200s] Level 1:colcon.colcon_core.package_identification:_identify(rm_planner) by extension 'colcon_meta'
[0.200s] Level 1:colcon.colcon_core.package_identification:_identify(rm_planner) by extensions ['ros']
[0.200s] Level 1:colcon.colcon_core.package_identification:_identify(rm_planner) by extension 'ros'
[0.201s] DEBUG:colcon.colcon_core.package_identification:Package 'rm_planner' with type 'ros.ament_cmake' and name 'rm_planner'
[0.201s] Level 1:colcon.colcon_core.package_identification:_identify(rm_serial_driver) by extensions ['ignore', 'ignore_ament_install']
[0.201s] Level 1:colcon.colcon_core.package_identification:_identify(rm_serial_driver) by extension 'ignore'
[0.201s] Level 1:colcon.colcon_core.package_identification:_identify(rm_serial_driver) by extension 'ignore_ament_install'
[0.201s] Level 1:colcon.colcon_core.package_identification:_identify(rm_serial_driver) by extensions ['colcon_pkg']
[0.201s] Level 1:colcon.colcon_core.package_identification:_identify(rm_serial_driver) by extension 'colcon_pkg'
[0.201s] Level 1:colcon.colcon_core.package_identification:_identify(rm_serial_driver) by extensions ['colcon_meta']
[0.201s] Level 1:colcon.colcon_core.package_identification:_identify(rm_serial_driver) by extension 'colcon_meta'
[0.201s] Level 1:colcon.colcon_core.package_identification:_identify(rm_serial_driver) by extensions ['ros']
[0.201s] Level 1:colcon.colcon_core.package_identification:_identify(rm_serial_driver) by extension 'ros'
[0.202s] DEBUG:colcon.colcon_core.package_identification:Package 'rm_serial_driver' with type 'ros.ament_cmake' and name 'rm_serial_driver'
[0.202s] Level 1:colcon.colcon_core.package_identification:_identify(rm_tools) by extensions ['ignore', 'ignore_ament_install']
[0.202s] Level 1:colcon.colcon_core.package_identification:_identify(rm_tools) by extension 'ignore'
[0.202s] Level 1:colcon.colcon_core.package_identification:_identify(rm_tools) by extension 'ignore_ament_install'
[0.202s] Level 1:colcon.colcon_core.package_identification:_identify(rm_tools) by extensions ['colcon_pkg']
[0.202s] Level 1:colcon.colcon_core.package_identification:_identify(rm_tools) by extension 'colcon_pkg'
[0.202s] Level 1:colcon.colcon_core.package_identification:_identify(rm_tools) by extensions ['colcon_meta']
[0.202s] Level 1:colcon.colcon_core.package_identification:_identify(rm_tools) by extension 'colcon_meta'
[0.202s] Level 1:colcon.colcon_core.package_identification:_identify(rm_tools) by extensions ['ros']
[0.202s] Level 1:colcon.colcon_core.package_identification:_identify(rm_tools) by extension 'ros'
[0.203s] DEBUG:colcon.colcon_core.package_identification:Package 'rm_tools' with type 'ros.ament_cmake' and name 'rm_tools'
[0.203s] Level 1:colcon.colcon_core.package_identification:_identify(rm_vision) by extensions ['ignore', 'ignore_ament_install']
[0.203s] Level 1:colcon.colcon_core.package_identification:_identify(rm_vision) by extension 'ignore'
[0.203s] Level 1:colcon.colcon_core.package_identification:_identify(rm_vision) by extension 'ignore_ament_install'
[0.203s] Level 1:colcon.colcon_core.package_identification:_identify(rm_vision) by extensions ['colcon_pkg']
[0.203s] Level 1:colcon.colcon_core.package_identification:_identify(rm_vision) by extension 'colcon_pkg'
[0.203s] Level 1:colcon.colcon_core.package_identification:_identify(rm_vision) by extensions ['colcon_meta']
[0.203s] Level 1:colcon.colcon_core.package_identification:_identify(rm_vision) by extension 'colcon_meta'
[0.203s] Level 1:colcon.colcon_core.package_identification:_identify(rm_vision) by extensions ['ros']
[0.203s] Level 1:colcon.colcon_core.package_identification:_identify(rm_vision) by extension 'ros'
[0.203s] Level 1:colcon.colcon_core.package_identification:_identify(rm_vision) by extensions ['cmake', 'python']
[0.203s] Level 1:colcon.colcon_core.package_identification:_identify(rm_vision) by extension 'cmake'
[0.203s] Level 1:colcon.colcon_core.package_identification:_identify(rm_vision) by extension 'python'
[0.203s] Level 1:colcon.colcon_core.package_identification:_identify(rm_vision) by extensions ['python_setup_py']
[0.203s] Level 1:colcon.colcon_core.package_identification:_identify(rm_vision) by extension 'python_setup_py'
[0.203s] Level 1:colcon.colcon_core.package_identification:_identify(rm_vision/docs) by extensions ['ignore', 'ignore_ament_install']
[0.203s] Level 1:colcon.colcon_core.package_identification:_identify(rm_vision/docs) by extension 'ignore'
[0.203s] Level 1:colcon.colcon_core.package_identification:_identify(rm_vision/docs) by extension 'ignore_ament_install'
[0.203s] Level 1:colcon.colcon_core.package_identification:_identify(rm_vision/docs) by extensions ['colcon_pkg']
[0.203s] Level 1:colcon.colcon_core.package_identification:_identify(rm_vision/docs) by extension 'colcon_pkg'
[0.204s] Level 1:colcon.colcon_core.package_identification:_identify(rm_vision/docs) by extensions ['colcon_meta']
[0.204s] Level 1:colcon.colcon_core.package_identification:_identify(rm_vision/docs) by extension 'colcon_meta'
[0.204s] Level 1:colcon.colcon_core.package_identification:_identify(rm_vision/docs) by extensions ['ros']
[0.204s] Level 1:colcon.colcon_core.package_identification:_identify(rm_vision/docs) by extension 'ros'
[0.204s] Level 1:colcon.colcon_core.package_identification:_identify(rm_vision/docs) by extensions ['cmake', 'python']
[0.204s] Level 1:colcon.colcon_core.package_identification:_identify(rm_vision/docs) by extension 'cmake'
[0.204s] Level 1:colcon.colcon_core.package_identification:_identify(rm_vision/docs) by extension 'python'
[0.204s] Level 1:colcon.colcon_core.package_identification:_identify(rm_vision/docs) by extensions ['python_setup_py']
[0.204s] Level 1:colcon.colcon_core.package_identification:_identify(rm_vision/docs) by extension 'python_setup_py'
[0.204s] Level 1:colcon.colcon_core.package_identification:_identify(rm_vision/rm_vision_bringup) by extensions ['ignore', 'ignore_ament_install']
[0.204s] Level 1:colcon.colcon_core.package_identification:_identify(rm_vision/rm_vision_bringup) by extension 'ignore'
[0.204s] Level 1:colcon.colcon_core.package_identification:_identify(rm_vision/rm_vision_bringup) by extension 'ignore_ament_install'
[0.204s] Level 1:colcon.colcon_core.package_identification:_identify(rm_vision/rm_vision_bringup) by extensions ['colcon_pkg']
[0.204s] Level 1:colcon.colcon_core.package_identification:_identify(rm_vision/rm_vision_bringup) by extension 'colcon_pkg'
[0.204s] Level 1:colcon.colcon_core.package_identification:_identify(rm_vision/rm_vision_bringup) by extensions ['colcon_meta']
[0.204s] Level 1:colcon.colcon_core.package_identification:_identify(rm_vision/rm_vision_bringup) by extension 'colcon_meta'
[0.204s] Level 1:colcon.colcon_core.package_identification:_identify(rm_vision/rm_vision_bringup) by extensions ['ros']
[0.204s] Level 1:colcon.colcon_core.package_identification:_identify(rm_vision/rm_vision_bringup) by extension 'ros'
[0.204s] DEBUG:colcon.colcon_core.package_identification:Package 'rm_vision/rm_vision_bringup' with type 'ros.ament_cmake' and name 'rm_vision_bringup'
[0.204s] Level 1:colcon.colcon_core.package_discovery:discover_packages(recursive) using defaults
[0.204s] Level 1:colcon.colcon_core.package_discovery:discover_packages(ignore) discover
[0.204s] Level 1:colcon.colcon_core.package_discovery:discover_packages(ignore) using defaults
[0.204s] Level 1:colcon.colcon_core.package_discovery:discover_packages(path) discover
[0.204s] Level 1:colcon.colcon_core.package_discovery:discover_packages(path) using defaults
[0.224s] Level 1:colcon.colcon_core.package_discovery:discover_packages(prefix_path) check parameters
[0.224s] Level 1:colcon.colcon_core.package_discovery:discover_packages(prefix_path) discover
[0.226s] DEBUG:colcon.colcon_installed_package_information.package_discovery:Found 9 installed packages in /home/ljoy/Robomaster/PIONEER/new_rv/install
[0.227s] DEBUG:colcon.colcon_installed_package_information.package_discovery:Found 304 installed packages in /opt/ros/humble
[0.228s] Level 1:colcon.colcon_core.package_discovery:discover_packages(prefix_path) using defaults
[0.256s] Level 5:colcon.colcon_core.verb:set package 'auto_aim_interfaces' build argument 'cmake_args' from command line to 'None'
[0.256s] Level 5:colcon.colcon_core.verb:set package 'auto_aim_interfaces' build argument 'cmake_target' from command line to 'None'
[0.256s] Level 5:colcon.colcon_core.verb:set package 'auto_aim_interfaces' build argument 'cmake_target_skip_unavailable' from command line to 'False'
[0.256s] Level 5:colcon.colcon_core.verb:set package 'auto_aim_interfaces' build argument 'cmake_clean_cache' from command line to 'False'
[0.256s] Level 5:colcon.colcon_core.verb:set package 'auto_aim_interfaces' build argument 'cmake_clean_first' from command line to 'False'
[0.256s] Level 5:colcon.colcon_core.verb:set package 'auto_aim_interfaces' build argument 'cmake_force_configure' from command line to 'False'
[0.256s] Level 5:colcon.colcon_core.verb:set package 'auto_aim_interfaces' build argument 'ament_cmake_args' from command line to 'None'
[0.256s] Level 5:colcon.colcon_core.verb:set package 'auto_aim_interfaces' build argument 'catkin_cmake_args' from command line to 'None'
[0.256s] Level 5:colcon.colcon_core.verb:set package 'auto_aim_interfaces' build argument 'catkin_skip_building_tests' from command line to 'False'
[0.256s] DEBUG:colcon.colcon_core.verb:Building package 'auto_aim_interfaces' with the following arguments: {'ament_cmake_args': None, 'build_base': '/home/ljoy/Robomaster/PIONEER/new_rv/build/auto_aim_interfaces', 'catkin_cmake_args': None, 'catkin_skip_building_tests': False, 'cmake_args': None, 'cmake_clean_cache': False, 'cmake_clean_first': False, 'cmake_force_configure': False, 'cmake_target': None, 'cmake_target_skip_unavailable': False, 'install_base': '/home/ljoy/Robomaster/PIONEER/new_rv/install/auto_aim_interfaces', 'merge_install': False, 'path': '/home/ljoy/Robomaster/PIONEER/new_rv/auto_aim_interfaces', 'symlink_install': False, 'test_result_base': None}
[0.256s] Level 5:colcon.colcon_core.verb:set package 'hik_camera' build argument 'cmake_args' from command line to 'None'
[0.256s] Level 5:colcon.colcon_core.verb:set package 'hik_camera' build argument 'cmake_target' from command line to 'None'
[0.256s] Level 5:colcon.colcon_core.verb:set package 'hik_camera' build argument 'cmake_target_skip_unavailable' from command line to 'False'
[0.257s] Level 5:colcon.colcon_core.verb:set package 'hik_camera' build argument 'cmake_clean_cache' from command line to 'False'
[0.257s] Level 5:colcon.colcon_core.verb:set package 'hik_camera' build argument 'cmake_clean_first' from command line to 'False'
[0.257s] Level 5:colcon.colcon_core.verb:set package 'hik_camera' build argument 'cmake_force_configure' from command line to 'False'
[0.257s] Level 5:colcon.colcon_core.verb:set package 'hik_camera' build argument 'ament_cmake_args' from command line to 'None'
[0.257s] Level 5:colcon.colcon_core.verb:set package 'hik_camera' build argument 'catkin_cmake_args' from command line to 'None'
[0.257s] Level 5:colcon.colcon_core.verb:set package 'hik_camera' build argument 'catkin_skip_building_tests' from command line to 'False'
[0.257s] DEBUG:colcon.colcon_core.verb:Building package 'hik_camera' with the following arguments: {'ament_cmake_args': None, 'build_base': '/home/ljoy/Robomaster/PIONEER/new_rv/build/hik_camera', 'catkin_cmake_args': None, 'catkin_skip_building_tests': False, 'cmake_args': None, 'cmake_clean_cache': False, 'cmake_clean_first': False, 'cmake_force_configure': False, 'cmake_target': None, 'cmake_target_skip_unavailable': False, 'install_base': '/home/ljoy/Robomaster/PIONEER/new_rv/install/hik_camera', 'merge_install': False, 'path': '/home/ljoy/Robomaster/PIONEER/new_rv/hik_camera', 'symlink_install': False, 'test_result_base': None}
[0.257s] Level 5:colcon.colcon_core.verb:set package 'rm_gimbal_description' build argument 'cmake_args' from command line to 'None'
[0.257s] Level 5:colcon.colcon_core.verb:set package 'rm_gimbal_description' build argument 'cmake_target' from command line to 'None'
[0.257s] Level 5:colcon.colcon_core.verb:set package 'rm_gimbal_description' build argument 'cmake_target_skip_unavailable' from command line to 'False'
[0.257s] Level 5:colcon.colcon_core.verb:set package 'rm_gimbal_description' build argument 'cmake_clean_cache' from command line to 'False'
[0.257s] Level 5:colcon.colcon_core.verb:set package 'rm_gimbal_description' build argument 'cmake_clean_first' from command line to 'False'
[0.257s] Level 5:colcon.colcon_core.verb:set package 'rm_gimbal_description' build argument 'cmake_force_configure' from command line to 'False'
[0.257s] Level 5:colcon.colcon_core.verb:set package 'rm_gimbal_description' build argument 'ament_cmake_args' from command line to 'None'
[0.257s] Level 5:colcon.colcon_core.verb:set package 'rm_gimbal_description' build argument 'catkin_cmake_args' from command line to 'None'
[0.257s] Level 5:colcon.colcon_core.verb:set package 'rm_gimbal_description' build argument 'catkin_skip_building_tests' from command line to 'False'
[0.257s] DEBUG:colcon.colcon_core.verb:Building package 'rm_gimbal_description' with the following arguments: {'ament_cmake_args': None, 'build_base': '/home/ljoy/Robomaster/PIONEER/new_rv/build/rm_gimbal_description', 'catkin_cmake_args': None, 'catkin_skip_building_tests': False, 'cmake_args': None, 'cmake_clean_cache': False, 'cmake_clean_first': False, 'cmake_force_configure': False, 'cmake_target': None, 'cmake_target_skip_unavailable': False, 'install_base': '/home/ljoy/Robomaster/PIONEER/new_rv/install/rm_gimbal_description', 'merge_install': False, 'path': '/home/ljoy/Robomaster/PIONEER/new_rv/rm_gimbal_description', 'symlink_install': False, 'test_result_base': None}
[0.257s] Level 5:colcon.colcon_core.verb:set package 'rm_tools' build argument 'cmake_args' from command line to 'None'
[0.257s] Level 5:colcon.colcon_core.verb:set package 'rm_tools' build argument 'cmake_target' from command line to 'None'
[0.257s] Level 5:colcon.colcon_core.verb:set package 'rm_tools' build argument 'cmake_target_skip_unavailable' from command line to 'False'
[0.257s] Level 5:colcon.colcon_core.verb:set package 'rm_tools' build argument 'cmake_clean_cache' from command line to 'False'
[0.257s] Level 5:colcon.colcon_core.verb:set package 'rm_tools' build argument 'cmake_clean_first' from command line to 'False'
[0.257s] Level 5:colcon.colcon_core.verb:set package 'rm_tools' build argument 'cmake_force_configure' from command line to 'False'
[0.257s] Level 5:colcon.colcon_core.verb:set package 'rm_tools' build argument 'ament_cmake_args' from command line to 'None'
[0.257s] Level 5:colcon.colcon_core.verb:set package 'rm_tools' build argument 'catkin_cmake_args' from command line to 'None'
[0.257s] Level 5:colcon.colcon_core.verb:set package 'rm_tools' build argument 'catkin_skip_building_tests' from command line to 'False'
[0.257s] DEBUG:colcon.colcon_core.verb:Building package 'rm_tools' with the following arguments: {'ament_cmake_args': None, 'build_base': '/home/ljoy/Robomaster/PIONEER/new_rv/build/rm_tools', 'catkin_cmake_args': None, 'catkin_skip_building_tests': False, 'cmake_args': None, 'cmake_clean_cache': False, 'cmake_clean_first': False, 'cmake_force_configure': False, 'cmake_target': None, 'cmake_target_skip_unavailable': False, 'install_base': '/home/ljoy/Robomaster/PIONEER/new_rv/install/rm_tools', 'merge_install': False, 'path': '/home/ljoy/Robomaster/PIONEER/new_rv/rm_tools', 'symlink_install': False, 'test_result_base': None}
[0.257s] Level 5:colcon.colcon_core.verb:set package 'armor_detector' build argument 'cmake_args' from command line to 'None'
[0.258s] Level 5:colcon.colcon_core.verb:set package 'armor_detector' build argument 'cmake_target' from command line to 'None'
[0.258s] Level 5:colcon.colcon_core.verb:set package 'armor_detector' build argument 'cmake_target_skip_unavailable' from command line to 'False'
[0.258s] Level 5:colcon.colcon_core.verb:set package 'armor_detector' build argument 'cmake_clean_cache' from command line to 'False'
[0.258s] Level 5:colcon.colcon_core.verb:set package 'armor_detector' build argument 'cmake_clean_first' from command line to 'False'
[0.258s] Level 5:colcon.colcon_core.verb:set package 'armor_detector' build argument 'cmake_force_configure' from command line to 'False'
[0.258s] Level 5:colcon.colcon_core.verb:set package 'armor_detector' build argument 'ament_cmake_args' from command line to 'None'
[0.258s] Level 5:colcon.colcon_core.verb:set package 'armor_detector' build argument 'catkin_cmake_args' from command line to 'None'
[0.258s] Level 5:colcon.colcon_core.verb:set package 'armor_detector' build argument 'catkin_skip_building_tests' from command line to 'False'
[0.258s] DEBUG:colcon.colcon_core.verb:Building package 'armor_detector' with the following arguments: {'ament_cmake_args': None, 'build_base': '/home/ljoy/Robomaster/PIONEER/new_rv/build/armor_detector', 'catkin_cmake_args': None, 'catkin_skip_building_tests': False, 'cmake_args': None, 'cmake_clean_cache': False, 'cmake_clean_first': False, 'cmake_force_configure': False, 'cmake_target': None, 'cmake_target_skip_unavailable': False, 'install_base': '/home/ljoy/Robomaster/PIONEER/new_rv/install/armor_detector', 'merge_install': False, 'path': '/home/ljoy/Robomaster/PIONEER/new_rv/rm_auto_aim/armor_detector', 'symlink_install': False, 'test_result_base': None}
[0.258s] Level 5:colcon.colcon_core.verb:set package 'armor_tracker' build argument 'cmake_args' from command line to 'None'
[0.258s] Level 5:colcon.colcon_core.verb:set package 'armor_tracker' build argument 'cmake_target' from command line to 'None'
[0.258s] Level 5:colcon.colcon_core.verb:set package 'armor_tracker' build argument 'cmake_target_skip_unavailable' from command line to 'False'
[0.258s] Level 5:colcon.colcon_core.verb:set package 'armor_tracker' build argument 'cmake_clean_cache' from command line to 'False'
[0.258s] Level 5:colcon.colcon_core.verb:set package 'armor_tracker' build argument 'cmake_clean_first' from command line to 'False'
[0.258s] Level 5:colcon.colcon_core.verb:set package 'armor_tracker' build argument 'cmake_force_configure' from command line to 'False'
[0.258s] Level 5:colcon.colcon_core.verb:set package 'armor_tracker' build argument 'ament_cmake_args' from command line to 'None'
[0.258s] Level 5:colcon.colcon_core.verb:set package 'armor_tracker' build argument 'catkin_cmake_args' from command line to 'None'
[0.258s] Level 5:colcon.colcon_core.verb:set package 'armor_tracker' build argument 'catkin_skip_building_tests' from command line to 'False'
[0.258s] DEBUG:colcon.colcon_core.verb:Building package 'armor_tracker' with the following arguments: {'ament_cmake_args': None, 'build_base': '/home/ljoy/Robomaster/PIONEER/new_rv/build/armor_tracker', 'catkin_cmake_args': None, 'catkin_skip_building_tests': False, 'cmake_args': None, 'cmake_clean_cache': False, 'cmake_clean_first': False, 'cmake_force_configure': False, 'cmake_target': None, 'cmake_target_skip_unavailable': False, 'install_base': '/home/ljoy/Robomaster/PIONEER/new_rv/install/armor_tracker', 'merge_install': False, 'path': '/home/ljoy/Robomaster/PIONEER/new_rv/rm_auto_aim/armor_tracker', 'symlink_install': False, 'test_result_base': None}
[0.258s] Level 5:colcon.colcon_core.verb:set package 'rm_planner' build argument 'cmake_args' from command line to 'None'
[0.258s] Level 5:colcon.colcon_core.verb:set package 'rm_planner' build argument 'cmake_target' from command line to 'None'
[0.258s] Level 5:colcon.colcon_core.verb:set package 'rm_planner' build argument 'cmake_target_skip_unavailable' from command line to 'False'
[0.258s] Level 5:colcon.colcon_core.verb:set package 'rm_planner' build argument 'cmake_clean_cache' from command line to 'False'
[0.258s] Level 5:colcon.colcon_core.verb:set package 'rm_planner' build argument 'cmake_clean_first' from command line to 'False'
[0.258s] Level 5:colcon.colcon_core.verb:set package 'rm_planner' build argument 'cmake_force_configure' from command line to 'False'
[0.258s] Level 5:colcon.colcon_core.verb:set package 'rm_planner' build argument 'ament_cmake_args' from command line to 'None'
[0.258s] Level 5:colcon.colcon_core.verb:set package 'rm_planner' build argument 'catkin_cmake_args' from command line to 'None'
[0.258s] Level 5:colcon.colcon_core.verb:set package 'rm_planner' build argument 'catkin_skip_building_tests' from command line to 'False'
[0.258s] DEBUG:colcon.colcon_core.verb:Building package 'rm_planner' with the following arguments: {'ament_cmake_args': None, 'build_base': '/home/ljoy/Robomaster/PIONEER/new_rv/build/rm_planner', 'catkin_cmake_args': None, 'catkin_skip_building_tests': False, 'cmake_args': None, 'cmake_clean_cache': False, 'cmake_clean_first': False, 'cmake_force_configure': False, 'cmake_target': None, 'cmake_target_skip_unavailable': False, 'install_base': '/home/ljoy/Robomaster/PIONEER/new_rv/install/rm_planner', 'merge_install': False, 'path': '/home/ljoy/Robomaster/PIONEER/new_rv/rm_planner', 'symlink_install': False, 'test_result_base': None}
[0.258s] Level 5:colcon.colcon_core.verb:set package 'rm_serial_driver' build argument 'cmake_args' from command line to 'None'
[0.259s] Level 5:colcon.colcon_core.verb:set package 'rm_serial_driver' build argument 'cmake_target' from command line to 'None'
[0.259s] Level 5:colcon.colcon_core.verb:set package 'rm_serial_driver' build argument 'cmake_target_skip_unavailable' from command line to 'False'
[0.259s] Level 5:colcon.colcon_core.verb:set package 'rm_serial_driver' build argument 'cmake_clean_cache' from command line to 'False'
[0.259s] Level 5:colcon.colcon_core.verb:set package 'rm_serial_driver' build argument 'cmake_clean_first' from command line to 'False'
[0.259s] Level 5:colcon.colcon_core.verb:set package 'rm_serial_driver' build argument 'cmake_force_configure' from command line to 'False'
[0.259s] Level 5:colcon.colcon_core.verb:set package 'rm_serial_driver' build argument 'ament_cmake_args' from command line to 'None'
[0.259s] Level 5:colcon.colcon_core.verb:set package 'rm_serial_driver' build argument 'catkin_cmake_args' from command line to 'None'
[0.259s] Level 5:colcon.colcon_core.verb:set package 'rm_serial_driver' build argument 'catkin_skip_building_tests' from command line to 'False'
[0.259s] DEBUG:colcon.colcon_core.verb:Building package 'rm_serial_driver' with the following arguments: {'ament_cmake_args': None, 'build_base': '/home/ljoy/Robomaster/PIONEER/new_rv/build/rm_serial_driver', 'catkin_cmake_args': None, 'catkin_skip_building_tests': False, 'cmake_args': None, 'cmake_clean_cache': False, 'cmake_clean_first': False, 'cmake_force_configure': False, 'cmake_target': None, 'cmake_target_skip_unavailable': False, 'install_base': '/home/ljoy/Robomaster/PIONEER/new_rv/install/rm_serial_driver', 'merge_install': False, 'path': '/home/ljoy/Robomaster/PIONEER/new_rv/rm_serial_driver', 'symlink_install': False, 'test_result_base': None}
[0.259s] Level 5:colcon.colcon_core.verb:set package 'rm_vision_bringup' build argument 'cmake_args' from command line to 'None'
[0.259s] Level 5:colcon.colcon_core.verb:set package 'rm_vision_bringup' build argument 'cmake_target' from command line to 'None'
[0.259s] Level 5:colcon.colcon_core.verb:set package 'rm_vision_bringup' build argument 'cmake_target_skip_unavailable' from command line to 'False'
[0.259s] Level 5:colcon.colcon_core.verb:set package 'rm_vision_bringup' build argument 'cmake_clean_cache' from command line to 'False'
[0.259s] Level 5:colcon.colcon_core.verb:set package 'rm_vision_bringup' build argument 'cmake_clean_first' from command line to 'False'
[0.259s] Level 5:colcon.colcon_core.verb:set package 'rm_vision_bringup' build argument 'cmake_force_configure' from command line to 'False'
[0.259s] Level 5:colcon.colcon_core.verb:set package 'rm_vision_bringup' build argument 'ament_cmake_args' from command line to 'None'
[0.259s] Level 5:colcon.colcon_core.verb:set package 'rm_vision_bringup' build argument 'catkin_cmake_args' from command line to 'None'
[0.259s] Level 5:colcon.colcon_core.verb:set package 'rm_vision_bringup' build argument 'catkin_skip_building_tests' from command line to 'False'
[0.259s] DEBUG:colcon.colcon_core.verb:Building package 'rm_vision_bringup' with the following arguments: {'ament_cmake_args': None, 'build_base': '/home/ljoy/Robomaster/PIONEER/new_rv/build/rm_vision_bringup', 'catkin_cmake_args': None, 'catkin_skip_building_tests': False, 'cmake_args': None, 'cmake_clean_cache': False, 'cmake_clean_first': False, 'cmake_force_configure': False, 'cmake_target': None, 'cmake_target_skip_unavailable': False, 'install_base': '/home/ljoy/Robomaster/PIONEER/new_rv/install/rm_vision_bringup', 'merge_install': False, 'path': '/home/ljoy/Robomaster/PIONEER/new_rv/rm_vision/rm_vision_bringup', 'symlink_install': False, 'test_result_base': None}
[0.259s] INFO:colcon.colcon_core.executor:Executing jobs using 'parallel' executor
[0.260s] DEBUG:colcon.colcon_parallel_executor.executor.parallel:run_until_complete
[0.260s] INFO:colcon.colcon_ros.task.ament_cmake.build:Building ROS package in '/home/ljoy/Robomaster/PIONEER/new_rv/auto_aim_interfaces' with build type 'ament_cmake'
[0.260s] INFO:colcon.colcon_cmake.task.cmake.build:Building CMake package in '/home/ljoy/Robomaster/PIONEER/new_rv/auto_aim_interfaces'
[0.262s] INFO:colcon.colcon_core.plugin_system:Skipping extension 'colcon_core.shell.bat': Not used on non-Windows systems
[0.262s] INFO:colcon.colcon_core.shell:Skip shell extension 'powershell' for command environment: Not usable outside of PowerShell
[0.262s] DEBUG:colcon.colcon_core.shell:Skip shell extension 'dsv' for command environment
[0.265s] INFO:colcon.colcon_ros.task.ament_cmake.build:Building ROS package in '/home/ljoy/Robomaster/PIONEER/new_rv/rm_tools' with build type 'ament_cmake'
[0.265s] INFO:colcon.colcon_cmake.task.cmake.build:Building CMake package in '/home/ljoy/Robomaster/PIONEER/new_rv/rm_tools'
[0.265s] INFO:colcon.colcon_core.shell:Skip shell extension 'powershell' for command environment: Not usable outside of PowerShell
[0.265s] DEBUG:colcon.colcon_core.shell:Skip shell extension 'dsv' for command environment
[0.267s] INFO:colcon.colcon_ros.task.ament_cmake.build:Building ROS package in '/home/ljoy/Robomaster/PIONEER/new_rv/hik_camera' with build type 'ament_cmake'
[0.267s] INFO:colcon.colcon_cmake.task.cmake.build:Building CMake package in '/home/ljoy/Robomaster/PIONEER/new_rv/hik_camera'
[0.268s] INFO:colcon.colcon_core.shell:Skip shell extension 'powershell' for command environment: Not usable outside of PowerShell
[0.268s] DEBUG:colcon.colcon_core.shell:Skip shell extension 'dsv' for command environment
[0.270s] INFO:colcon.colcon_ros.task.ament_cmake.build:Building ROS package in '/home/ljoy/Robomaster/PIONEER/new_rv/rm_gimbal_description' with build type 'ament_cmake'
[0.270s] INFO:colcon.colcon_cmake.task.cmake.build:Building CMake package in '/home/ljoy/Robomaster/PIONEER/new_rv/rm_gimbal_description'
[0.270s] INFO:colcon.colcon_core.shell:Skip shell extension 'powershell' for command environment: Not usable outside of PowerShell
[0.271s] DEBUG:colcon.colcon_core.shell:Skip shell extension 'dsv' for command environment
[0.277s] DEBUG:colcon.colcon_core.event_handler.log_command:Invoking command in '/home/ljoy/Robomaster/PIONEER/new_rv/build/auto_aim_interfaces': CMAKE_PREFIX_PATH=${CMAKE_PREFIX_PATH}:/opt/ros/humble /usr/bin/cmake --build /home/ljoy/Robomaster/PIONEER/new_rv/build/auto_aim_interfaces -- -j32 -l32
[0.280s] DEBUG:colcon.colcon_core.event_handler.log_command:Invoking command in '/home/ljoy/Robomaster/PIONEER/new_rv/build/rm_tools': CMAKE_PREFIX_PATH=${CMAKE_PREFIX_PATH}:/opt/ros/humble /usr/bin/cmake --build /home/ljoy/Robomaster/PIONEER/new_rv/build/rm_tools -- -j32 -l32
[0.282s] DEBUG:colcon.colcon_core.event_handler.log_command:Invoking command in '/home/ljoy/Robomaster/PIONEER/new_rv/build/hik_camera': CMAKE_PREFIX_PATH=${CMAKE_PREFIX_PATH}:/opt/ros/humble /usr/bin/cmake --build /home/ljoy/Robomaster/PIONEER/new_rv/build/hik_camera -- -j32 -l32
[0.285s] DEBUG:colcon.colcon_core.event_handler.log_command:Invoking command in '/home/ljoy/Robomaster/PIONEER/new_rv/build/rm_gimbal_description': CMAKE_PREFIX_PATH=${CMAKE_PREFIX_PATH}:/opt/ros/humble /usr/bin/cmake --build /home/ljoy/Robomaster/PIONEER/new_rv/build/rm_gimbal_description -- -j32 -l32
[0.298s] DEBUG:colcon.colcon_core.event_handler.log_command:Invoked command in '/home/ljoy/Robomaster/PIONEER/new_rv/build/rm_gimbal_description' returned '0': CMAKE_PREFIX_PATH=${CMAKE_PREFIX_PATH}:/opt/ros/humble /usr/bin/cmake --build /home/ljoy/Robomaster/PIONEER/new_rv/build/rm_gimbal_description -- -j32 -l32
[0.309s] DEBUG:colcon.colcon_core.event_handler.log_command:Invoked command in '/home/ljoy/Robomaster/PIONEER/new_rv/build/rm_tools' returned '0': CMAKE_PREFIX_PATH=${CMAKE_PREFIX_PATH}:/opt/ros/humble /usr/bin/cmake --build /home/ljoy/Robomaster/PIONEER/new_rv/build/rm_tools -- -j32 -l32
[0.311s] DEBUG:colcon.colcon_core.event_handler.log_command:Invoked command in '/home/ljoy/Robomaster/PIONEER/new_rv/build/hik_camera' returned '0': CMAKE_PREFIX_PATH=${CMAKE_PREFIX_PATH}:/opt/ros/humble /usr/bin/cmake --build /home/ljoy/Robomaster/PIONEER/new_rv/build/hik_camera -- -j32 -l32
[0.319s] DEBUG:colcon.colcon_core.event_handler.log_command:Invoking command in '/home/ljoy/Robomaster/PIONEER/new_rv/build/rm_gimbal_description': CMAKE_PREFIX_PATH=${CMAKE_PREFIX_PATH}:/opt/ros/humble /usr/bin/cmake --install /home/ljoy/Robomaster/PIONEER/new_rv/build/rm_gimbal_description
[0.322s] Level 1:colcon.colcon_core.environment:create_environment_scripts_only(rm_gimbal_description)
[0.322s] DEBUG:colcon.colcon_core.event_handler.log_command:Invoked command in '/home/ljoy/Robomaster/PIONEER/new_rv/build/rm_gimbal_description' returned '0': CMAKE_PREFIX_PATH=${CMAKE_PREFIX_PATH}:/opt/ros/humble /usr/bin/cmake --install /home/ljoy/Robomaster/PIONEER/new_rv/build/rm_gimbal_description
[0.323s] Level 1:colcon.colcon_core.environment:checking '/home/ljoy/Robomaster/PIONEER/new_rv/install/rm_gimbal_description' for CMake module files
[0.324s] Level 1:colcon.colcon_core.environment:checking '/home/ljoy/Robomaster/PIONEER/new_rv/install/rm_gimbal_description' for CMake config files
[0.324s] Level 1:colcon.colcon_core.shell:create_environment_hook('rm_gimbal_description', 'cmake_prefix_path')
[0.324s] INFO:colcon.colcon_core.shell:Creating environment hook '/home/ljoy/Robomaster/PIONEER/new_rv/install/rm_gimbal_description/share/rm_gimbal_description/hook/cmake_prefix_path.ps1'
[0.324s] INFO:colcon.colcon_core.shell:Creating environment descriptor '/home/ljoy/Robomaster/PIONEER/new_rv/install/rm_gimbal_description/share/rm_gimbal_description/hook/cmake_prefix_path.dsv'
[0.325s] INFO:colcon.colcon_core.shell:Creating environment hook '/home/ljoy/Robomaster/PIONEER/new_rv/install/rm_gimbal_description/share/rm_gimbal_description/hook/cmake_prefix_path.sh'
[0.325s] Level 1:colcon.colcon_core.environment:checking '/home/ljoy/Robomaster/PIONEER/new_rv/install/rm_gimbal_description/bin'
[0.325s] Level 1:colcon.colcon_core.environment:checking '/home/ljoy/Robomaster/PIONEER/new_rv/install/rm_gimbal_description/lib/pkgconfig/rm_gimbal_description.pc'
[0.325s] Level 1:colcon.colcon_core.environment:checking '/home/ljoy/Robomaster/PIONEER/new_rv/install/rm_gimbal_description/lib/python3.10/site-packages'
[0.325s] Level 1:colcon.colcon_core.environment:checking '/home/ljoy/Robomaster/PIONEER/new_rv/install/rm_gimbal_description/bin'
[0.326s] INFO:colcon.colcon_core.shell:Creating package script '/home/ljoy/Robomaster/PIONEER/new_rv/install/rm_gimbal_description/share/rm_gimbal_description/package.ps1'
[0.326s] INFO:colcon.colcon_core.shell:Creating package descriptor '/home/ljoy/Robomaster/PIONEER/new_rv/install/rm_gimbal_description/share/rm_gimbal_description/package.dsv'
[0.326s] INFO:colcon.colcon_core.shell:Creating package script '/home/ljoy/Robomaster/PIONEER/new_rv/install/rm_gimbal_description/share/rm_gimbal_description/package.sh'
[0.327s] INFO:colcon.colcon_core.shell:Creating package script '/home/ljoy/Robomaster/PIONEER/new_rv/install/rm_gimbal_description/share/rm_gimbal_description/package.bash'
[0.328s] INFO:colcon.colcon_core.shell:Creating package script '/home/ljoy/Robomaster/PIONEER/new_rv/install/rm_gimbal_description/share/rm_gimbal_description/package.zsh'
[0.328s] Level 1:colcon.colcon_core.environment:create_file_with_runtime_dependencies(/home/ljoy/Robomaster/PIONEER/new_rv/install/rm_gimbal_description/share/colcon-core/packages/rm_gimbal_description)
[0.336s] DEBUG:colcon.colcon_core.event_handler.log_command:Invoking command in '/home/ljoy/Robomaster/PIONEER/new_rv/build/hik_camera': CMAKE_PREFIX_PATH=${CMAKE_PREFIX_PATH}:/opt/ros/humble /usr/bin/cmake --install /home/ljoy/Robomaster/PIONEER/new_rv/build/hik_camera
[0.340s] Level 1:colcon.colcon_core.environment:create_environment_scripts_only(hik_camera)
[0.341s] Level 1:colcon.colcon_core.environment:checking '/home/ljoy/Robomaster/PIONEER/new_rv/install/hik_camera' for CMake module files
[0.341s] DEBUG:colcon.colcon_core.event_handler.log_command:Invoked command in '/home/ljoy/Robomaster/PIONEER/new_rv/build/hik_camera' returned '0': CMAKE_PREFIX_PATH=${CMAKE_PREFIX_PATH}:/opt/ros/humble /usr/bin/cmake --install /home/ljoy/Robomaster/PIONEER/new_rv/build/hik_camera
[0.341s] Level 1:colcon.colcon_core.environment:checking '/home/ljoy/Robomaster/PIONEER/new_rv/install/hik_camera' for CMake config files
[0.342s] Level 1:colcon.colcon_core.shell:create_environment_hook('hik_camera', 'cmake_prefix_path')
[0.342s] INFO:colcon.colcon_core.shell:Creating environment hook '/home/ljoy/Robomaster/PIONEER/new_rv/install/hik_camera/share/hik_camera/hook/cmake_prefix_path.ps1'
[0.342s] INFO:colcon.colcon_core.shell:Creating environment descriptor '/home/ljoy/Robomaster/PIONEER/new_rv/install/hik_camera/share/hik_camera/hook/cmake_prefix_path.dsv'
[0.342s] INFO:colcon.colcon_core.shell:Creating environment hook '/home/ljoy/Robomaster/PIONEER/new_rv/install/hik_camera/share/hik_camera/hook/cmake_prefix_path.sh'
[0.343s] Level 1:colcon.colcon_core.environment:checking '/home/ljoy/Robomaster/PIONEER/new_rv/install/hik_camera/lib'
[0.343s] Level 1:colcon.colcon_core.shell:create_environment_hook('hik_camera', 'ld_library_path_lib')
[0.343s] INFO:colcon.colcon_core.shell:Creating environment hook '/home/ljoy/Robomaster/PIONEER/new_rv/install/hik_camera/share/hik_camera/hook/ld_library_path_lib.ps1'
[0.343s] INFO:colcon.colcon_core.shell:Creating environment descriptor '/home/ljoy/Robomaster/PIONEER/new_rv/install/hik_camera/share/hik_camera/hook/ld_library_path_lib.dsv'
[0.344s] INFO:colcon.colcon_core.shell:Creating environment hook '/home/ljoy/Robomaster/PIONEER/new_rv/install/hik_camera/share/hik_camera/hook/ld_library_path_lib.sh'
[0.344s] Level 1:colcon.colcon_core.environment:checking '/home/ljoy/Robomaster/PIONEER/new_rv/install/hik_camera/bin'
[0.344s] Level 1:colcon.colcon_core.environment:checking '/home/ljoy/Robomaster/PIONEER/new_rv/install/hik_camera/lib/pkgconfig/hik_camera.pc'
[0.344s] Level 1:colcon.colcon_core.environment:checking '/home/ljoy/Robomaster/PIONEER/new_rv/install/hik_camera/lib/python3.10/site-packages'
[0.344s] Level 1:colcon.colcon_core.environment:checking '/home/ljoy/Robomaster/PIONEER/new_rv/install/hik_camera/bin'
[0.344s] INFO:colcon.colcon_core.shell:Creating package script '/home/ljoy/Robomaster/PIONEER/new_rv/install/hik_camera/share/hik_camera/package.ps1'
[0.345s] INFO:colcon.colcon_core.shell:Creating package descriptor '/home/ljoy/Robomaster/PIONEER/new_rv/install/hik_camera/share/hik_camera/package.dsv'
[0.345s] INFO:colcon.colcon_core.shell:Creating package script '/home/ljoy/Robomaster/PIONEER/new_rv/install/hik_camera/share/hik_camera/package.sh'
[0.345s] INFO:colcon.colcon_core.shell:Creating package script '/home/ljoy/Robomaster/PIONEER/new_rv/install/hik_camera/share/hik_camera/package.bash'
[0.345s] INFO:colcon.colcon_core.shell:Creating package script '/home/ljoy/Robomaster/PIONEER/new_rv/install/hik_camera/share/hik_camera/package.zsh'
[0.346s] Level 1:colcon.colcon_core.environment:create_file_with_runtime_dependencies(/home/ljoy/Robomaster/PIONEER/new_rv/install/hik_camera/share/colcon-core/packages/hik_camera)
[0.348s] Level 1:colcon.colcon_core.environment:create_environment_scripts_only(rm_gimbal_description)
[0.348s] Level 1:colcon.colcon_core.environment:checking '/home/ljoy/Robomaster/PIONEER/new_rv/install/rm_gimbal_description' for CMake module files
[0.348s] DEBUG:colcon.colcon_core.event_handler.log_command:Invoking command in '/home/ljoy/Robomaster/PIONEER/new_rv/build/rm_tools': CMAKE_PREFIX_PATH=${CMAKE_PREFIX_PATH}:/opt/ros/humble /usr/bin/cmake --install /home/ljoy/Robomaster/PIONEER/new_rv/build/rm_tools
[0.348s] Level 1:colcon.colcon_core.environment:checking '/home/ljoy/Robomaster/PIONEER/new_rv/install/rm_gimbal_description' for CMake config files
[0.349s] Level 1:colcon.colcon_core.shell:create_environment_hook('rm_gimbal_description', 'cmake_prefix_path')
[0.349s] INFO:colcon.colcon_core.shell:Creating environment hook '/home/ljoy/Robomaster/PIONEER/new_rv/install/rm_gimbal_description/share/rm_gimbal_description/hook/cmake_prefix_path.ps1'
[0.349s] INFO:colcon.colcon_core.shell:Creating environment descriptor '/home/ljoy/Robomaster/PIONEER/new_rv/install/rm_gimbal_description/share/rm_gimbal_description/hook/cmake_prefix_path.dsv'
[0.349s] INFO:colcon.colcon_core.shell:Creating environment hook '/home/ljoy/Robomaster/PIONEER/new_rv/install/rm_gimbal_description/share/rm_gimbal_description/hook/cmake_prefix_path.sh'
[0.349s] Level 1:colcon.colcon_core.environment:checking '/home/ljoy/Robomaster/PIONEER/new_rv/install/rm_gimbal_description/bin'
[0.349s] Level 1:colcon.colcon_core.environment:checking '/home/ljoy/Robomaster/PIONEER/new_rv/install/rm_gimbal_description/lib/pkgconfig/rm_gimbal_description.pc'
[0.350s] Level 1:colcon.colcon_core.environment:checking '/home/ljoy/Robomaster/PIONEER/new_rv/install/rm_gimbal_description/lib/python3.10/site-packages'
[0.350s] Level 1:colcon.colcon_core.environment:checking '/home/ljoy/Robomaster/PIONEER/new_rv/install/rm_gimbal_description/bin'
[0.350s] INFO:colcon.colcon_core.shell:Creating package script '/home/ljoy/Robomaster/PIONEER/new_rv/install/rm_gimbal_description/share/rm_gimbal_description/package.ps1'
[0.350s] INFO:colcon.colcon_core.shell:Creating package descriptor '/home/ljoy/Robomaster/PIONEER/new_rv/install/rm_gimbal_description/share/rm_gimbal_description/package.dsv'
[0.351s] INFO:colcon.colcon_core.shell:Creating package script '/home/ljoy/Robomaster/PIONEER/new_rv/install/rm_gimbal_description/share/rm_gimbal_description/package.sh'
[0.351s] INFO:colcon.colcon_core.shell:Creating package script '/home/ljoy/Robomaster/PIONEER/new_rv/install/rm_gimbal_description/share/rm_gimbal_description/package.bash'
[0.351s] INFO:colcon.colcon_core.shell:Creating package script '/home/ljoy/Robomaster/PIONEER/new_rv/install/rm_gimbal_description/share/rm_gimbal_description/package.zsh'
[0.351s] Level 1:colcon.colcon_core.environment:create_file_with_runtime_dependencies(/home/ljoy/Robomaster/PIONEER/new_rv/install/rm_gimbal_description/share/colcon-core/packages/rm_gimbal_description)
[0.352s] Level 1:colcon.colcon_core.environment:create_environment_scripts_only(rm_tools)
[0.352s] Level 1:colcon.colcon_core.environment:checking '/home/ljoy/Robomaster/PIONEER/new_rv/install/rm_tools' for CMake module files
[0.354s] Level 1:colcon.colcon_core.environment:checking '/home/ljoy/Robomaster/PIONEER/new_rv/install/rm_tools' for CMake config files
[0.354s] DEBUG:colcon.colcon_core.event_handler.log_command:Invoked command in '/home/ljoy/Robomaster/PIONEER/new_rv/build/rm_tools' returned '0': CMAKE_PREFIX_PATH=${CMAKE_PREFIX_PATH}:/opt/ros/humble /usr/bin/cmake --install /home/ljoy/Robomaster/PIONEER/new_rv/build/rm_tools
[0.355s] Level 1:colcon.colcon_core.shell:create_environment_hook('rm_tools', 'cmake_prefix_path')
[0.355s] INFO:colcon.colcon_core.shell:Creating environment hook '/home/ljoy/Robomaster/PIONEER/new_rv/install/rm_tools/share/rm_tools/hook/cmake_prefix_path.ps1'
[0.355s] INFO:colcon.colcon_core.shell:Creating environment descriptor '/home/ljoy/Robomaster/PIONEER/new_rv/install/rm_tools/share/rm_tools/hook/cmake_prefix_path.dsv'
[0.355s] INFO:colcon.colcon_core.shell:Creating environment hook '/home/ljoy/Robomaster/PIONEER/new_rv/install/rm_tools/share/rm_tools/hook/cmake_prefix_path.sh'
[0.356s] Level 1:colcon.colcon_core.environment:checking '/home/ljoy/Robomaster/PIONEER/new_rv/install/rm_tools/lib'
[0.356s] Level 1:colcon.colcon_core.shell:create_environment_hook('rm_tools', 'ld_library_path_lib')
[0.356s] INFO:colcon.colcon_core.shell:Creating environment hook '/home/ljoy/Robomaster/PIONEER/new_rv/install/rm_tools/share/rm_tools/hook/ld_library_path_lib.ps1'
[0.356s] INFO:colcon.colcon_core.shell:Creating environment descriptor '/home/ljoy/Robomaster/PIONEER/new_rv/install/rm_tools/share/rm_tools/hook/ld_library_path_lib.dsv'
[0.356s] INFO:colcon.colcon_core.shell:Creating environment hook '/home/ljoy/Robomaster/PIONEER/new_rv/install/rm_tools/share/rm_tools/hook/ld_library_path_lib.sh'
[0.356s] Level 1:colcon.colcon_core.environment:checking '/home/ljoy/Robomaster/PIONEER/new_rv/install/rm_tools/bin'
[0.356s] Level 1:colcon.colcon_core.environment:checking '/home/ljoy/Robomaster/PIONEER/new_rv/install/rm_tools/lib/pkgconfig/rm_tools.pc'
[0.357s] Level 1:colcon.colcon_core.environment:checking '/home/ljoy/Robomaster/PIONEER/new_rv/install/rm_tools/lib/python3.10/site-packages'
[0.357s] Level 1:colcon.colcon_core.environment:checking '/home/ljoy/Robomaster/PIONEER/new_rv/install/rm_tools/bin'
[0.357s] INFO:colcon.colcon_core.shell:Creating package script '/home/ljoy/Robomaster/PIONEER/new_rv/install/rm_tools/share/rm_tools/package.ps1'
[0.357s] INFO:colcon.colcon_core.shell:Creating package descriptor '/home/ljoy/Robomaster/PIONEER/new_rv/install/rm_tools/share/rm_tools/package.dsv'
[0.357s] INFO:colcon.colcon_core.shell:Creating package script '/home/ljoy/Robomaster/PIONEER/new_rv/install/rm_tools/share/rm_tools/package.sh'
[0.358s] INFO:colcon.colcon_core.shell:Creating package script '/home/ljoy/Robomaster/PIONEER/new_rv/install/rm_tools/share/rm_tools/package.bash'
[0.358s] INFO:colcon.colcon_core.shell:Creating package script '/home/ljoy/Robomaster/PIONEER/new_rv/install/rm_tools/share/rm_tools/package.zsh'
[0.358s] Level 1:colcon.colcon_core.environment:create_file_with_runtime_dependencies(/home/ljoy/Robomaster/PIONEER/new_rv/install/rm_tools/share/colcon-core/packages/rm_tools)
[0.370s] Level 1:colcon.colcon_core.environment:create_environment_scripts_only(hik_camera)
[0.370s] Level 1:colcon.colcon_core.environment:checking '/home/ljoy/Robomaster/PIONEER/new_rv/install/hik_camera' for CMake module files
[0.371s] Level 1:colcon.colcon_core.environment:checking '/home/ljoy/Robomaster/PIONEER/new_rv/install/hik_camera' for CMake config files
[0.371s] Level 1:colcon.colcon_core.shell:create_environment_hook('hik_camera', 'cmake_prefix_path')
[0.371s] INFO:colcon.colcon_core.shell:Creating environment hook '/home/ljoy/Robomaster/PIONEER/new_rv/install/hik_camera/share/hik_camera/hook/cmake_prefix_path.ps1'
[0.371s] INFO:colcon.colcon_core.shell:Creating environment descriptor '/home/ljoy/Robomaster/PIONEER/new_rv/install/hik_camera/share/hik_camera/hook/cmake_prefix_path.dsv'
[0.371s] INFO:colcon.colcon_core.shell:Creating environment hook '/home/ljoy/Robomaster/PIONEER/new_rv/install/hik_camera/share/hik_camera/hook/cmake_prefix_path.sh'
[0.372s] Level 1:colcon.colcon_core.environment:checking '/home/ljoy/Robomaster/PIONEER/new_rv/install/hik_camera/lib'
[0.372s] Level 1:colcon.colcon_core.shell:create_environment_hook('hik_camera', 'ld_library_path_lib')
[0.372s] INFO:colcon.colcon_core.shell:Creating environment hook '/home/ljoy/Robomaster/PIONEER/new_rv/install/hik_camera/share/hik_camera/hook/ld_library_path_lib.ps1'
[0.372s] INFO:colcon.colcon_core.shell:Creating environment descriptor '/home/ljoy/Robomaster/PIONEER/new_rv/install/hik_camera/share/hik_camera/hook/ld_library_path_lib.dsv'
[0.372s] INFO:colcon.colcon_core.shell:Creating environment hook '/home/ljoy/Robomaster/PIONEER/new_rv/install/hik_camera/share/hik_camera/hook/ld_library_path_lib.sh'
[0.373s] Level 1:colcon.colcon_core.environment:checking '/home/ljoy/Robomaster/PIONEER/new_rv/install/hik_camera/bin'
[0.373s] Level 1:colcon.colcon_core.environment:checking '/home/ljoy/Robomaster/PIONEER/new_rv/install/hik_camera/lib/pkgconfig/hik_camera.pc'
[0.373s] Level 1:colcon.colcon_core.environment:checking '/home/ljoy/Robomaster/PIONEER/new_rv/install/hik_camera/lib/python3.10/site-packages'
[0.373s] Level 1:colcon.colcon_core.environment:checking '/home/ljoy/Robomaster/PIONEER/new_rv/install/hik_camera/bin'
[0.373s] INFO:colcon.colcon_core.shell:Creating package script '/home/ljoy/Robomaster/PIONEER/new_rv/install/hik_camera/share/hik_camera/package.ps1'
[0.374s] INFO:colcon.colcon_core.shell:Creating package descriptor '/home/ljoy/Robomaster/PIONEER/new_rv/install/hik_camera/share/hik_camera/package.dsv'
[0.374s] INFO:colcon.colcon_core.shell:Creating package script '/home/ljoy/Robomaster/PIONEER/new_rv/install/hik_camera/share/hik_camera/package.sh'
[0.374s] INFO:colcon.colcon_core.shell:Creating package script '/home/ljoy/Robomaster/PIONEER/new_rv/install/hik_camera/share/hik_camera/package.bash'
[0.375s] INFO:colcon.colcon_core.shell:Creating package script '/home/ljoy/Robomaster/PIONEER/new_rv/install/hik_camera/share/hik_camera/package.zsh'
[0.375s] Level 1:colcon.colcon_core.environment:create_file_with_runtime_dependencies(/home/ljoy/Robomaster/PIONEER/new_rv/install/hik_camera/share/colcon-core/packages/hik_camera)
[0.388s] Level 1:colcon.colcon_core.environment:create_environment_scripts_only(rm_tools)
[0.388s] Level 1:colcon.colcon_core.environment:checking '/home/ljoy/Robomaster/PIONEER/new_rv/install/rm_tools' for CMake module files
[0.389s] Level 1:colcon.colcon_core.environment:checking '/home/ljoy/Robomaster/PIONEER/new_rv/install/rm_tools' for CMake config files
[0.389s] Level 1:colcon.colcon_core.shell:create_environment_hook('rm_tools', 'cmake_prefix_path')
[0.389s] INFO:colcon.colcon_core.shell:Creating environment hook '/home/ljoy/Robomaster/PIONEER/new_rv/install/rm_tools/share/rm_tools/hook/cmake_prefix_path.ps1'
[0.389s] INFO:colcon.colcon_core.shell:Creating environment descriptor '/home/ljoy/Robomaster/PIONEER/new_rv/install/rm_tools/share/rm_tools/hook/cmake_prefix_path.dsv'
[0.389s] INFO:colcon.colcon_core.shell:Creating environment hook '/home/ljoy/Robomaster/PIONEER/new_rv/install/rm_tools/share/rm_tools/hook/cmake_prefix_path.sh'
[0.390s] Level 1:colcon.colcon_core.environment:checking '/home/ljoy/Robomaster/PIONEER/new_rv/install/rm_tools/lib'
[0.390s] Level 1:colcon.colcon_core.shell:create_environment_hook('rm_tools', 'ld_library_path_lib')
[0.390s] INFO:colcon.colcon_core.shell:Creating environment hook '/home/ljoy/Robomaster/PIONEER/new_rv/install/rm_tools/share/rm_tools/hook/ld_library_path_lib.ps1'
[0.390s] INFO:colcon.colcon_core.shell:Creating environment descriptor '/home/ljoy/Robomaster/PIONEER/new_rv/install/rm_tools/share/rm_tools/hook/ld_library_path_lib.dsv'
[0.390s] INFO:colcon.colcon_core.shell:Creating environment hook '/home/ljoy/Robomaster/PIONEER/new_rv/install/rm_tools/share/rm_tools/hook/ld_library_path_lib.sh'
[0.391s] Level 1:colcon.colcon_core.environment:checking '/home/ljoy/Robomaster/PIONEER/new_rv/install/rm_tools/bin'
[0.391s] Level 1:colcon.colcon_core.environment:checking '/home/ljoy/Robomaster/PIONEER/new_rv/install/rm_tools/lib/pkgconfig/rm_tools.pc'
[0.391s] Level 1:colcon.colcon_core.environment:checking '/home/ljoy/Robomaster/PIONEER/new_rv/install/rm_tools/lib/python3.10/site-packages'
[0.391s] Level 1:colcon.colcon_core.environment:checking '/home/ljoy/Robomaster/PIONEER/new_rv/install/rm_tools/bin'
[0.391s] INFO:colcon.colcon_core.shell:Creating package script '/home/ljoy/Robomaster/PIONEER/new_rv/install/rm_tools/share/rm_tools/package.ps1'
[0.392s] INFO:colcon.colcon_core.shell:Creating package descriptor '/home/ljoy/Robomaster/PIONEER/new_rv/install/rm_tools/share/rm_tools/package.dsv'
[0.392s] INFO:colcon.colcon_core.shell:Creating package script '/home/ljoy/Robomaster/PIONEER/new_rv/install/rm_tools/share/rm_tools/package.sh'
[0.392s] INFO:colcon.colcon_core.shell:Creating package script '/home/ljoy/Robomaster/PIONEER/new_rv/install/rm_tools/share/rm_tools/package.bash'
[0.392s] INFO:colcon.colcon_core.shell:Creating package script '/home/ljoy/Robomaster/PIONEER/new_rv/install/rm_tools/share/rm_tools/package.zsh'
[0.393s] Level 1:colcon.colcon_core.environment:create_file_with_runtime_dependencies(/home/ljoy/Robomaster/PIONEER/new_rv/install/rm_tools/share/colcon-core/packages/rm_tools)
[0.494s] DEBUG:colcon.colcon_core.event_handler.log_command:Invoked command in '/home/ljoy/Robomaster/PIONEER/new_rv/build/auto_aim_interfaces' returned '0': CMAKE_PREFIX_PATH=${CMAKE_PREFIX_PATH}:/opt/ros/humble /usr/bin/cmake --build /home/ljoy/Robomaster/PIONEER/new_rv/build/auto_aim_interfaces -- -j32 -l32
[0.719s] DEBUG:colcon.colcon_core.event_handler.log_command:Invoking command in '/home/ljoy/Robomaster/PIONEER/new_rv/build/auto_aim_interfaces': CMAKE_PREFIX_PATH=${CMAKE_PREFIX_PATH}:/opt/ros/humble /usr/bin/cmake --install /home/ljoy/Robomaster/PIONEER/new_rv/build/auto_aim_interfaces
[0.758s] Level 1:colcon.colcon_core.environment:create_environment_scripts_only(auto_aim_interfaces)
[0.759s] Level 1:colcon.colcon_core.environment:checking '/home/ljoy/Robomaster/PIONEER/new_rv/install/auto_aim_interfaces' for CMake module files
[0.759s] DEBUG:colcon.colcon_core.event_handler.log_command:Invoked command in '/home/ljoy/Robomaster/PIONEER/new_rv/build/auto_aim_interfaces' returned '0': CMAKE_PREFIX_PATH=${CMAKE_PREFIX_PATH}:/opt/ros/humble /usr/bin/cmake --install /home/ljoy/Robomaster/PIONEER/new_rv/build/auto_aim_interfaces
[0.759s] Level 1:colcon.colcon_core.environment:checking '/home/ljoy/Robomaster/PIONEER/new_rv/install/auto_aim_interfaces' for CMake config files
[0.759s] Level 1:colcon.colcon_core.shell:create_environment_hook('auto_aim_interfaces', 'cmake_prefix_path')
[0.760s] INFO:colcon.colcon_core.shell:Creating environment hook '/home/ljoy/Robomaster/PIONEER/new_rv/install/auto_aim_interfaces/share/auto_aim_interfaces/hook/cmake_prefix_path.ps1'
[0.760s] INFO:colcon.colcon_core.shell:Creating environment descriptor '/home/ljoy/Robomaster/PIONEER/new_rv/install/auto_aim_interfaces/share/auto_aim_interfaces/hook/cmake_prefix_path.dsv'
[0.760s] INFO:colcon.colcon_core.shell:Creating environment hook '/home/ljoy/Robomaster/PIONEER/new_rv/install/auto_aim_interfaces/share/auto_aim_interfaces/hook/cmake_prefix_path.sh'
[0.760s] Level 1:colcon.colcon_core.environment:checking '/home/ljoy/Robomaster/PIONEER/new_rv/install/auto_aim_interfaces/lib'
[0.760s] Level 1:colcon.colcon_core.shell:create_environment_hook('auto_aim_interfaces', 'ld_library_path_lib')
[0.760s] INFO:colcon.colcon_core.shell:Creating environment hook '/home/ljoy/Robomaster/PIONEER/new_rv/install/auto_aim_interfaces/share/auto_aim_interfaces/hook/ld_library_path_lib.ps1'
[0.761s] INFO:colcon.colcon_core.shell:Creating environment descriptor '/home/ljoy/Robomaster/PIONEER/new_rv/install/auto_aim_interfaces/share/auto_aim_interfaces/hook/ld_library_path_lib.dsv'
[0.761s] INFO:colcon.colcon_core.shell:Creating environment hook '/home/ljoy/Robomaster/PIONEER/new_rv/install/auto_aim_interfaces/share/auto_aim_interfaces/hook/ld_library_path_lib.sh'
[0.761s] Level 1:colcon.colcon_core.environment:checking '/home/ljoy/Robomaster/PIONEER/new_rv/install/auto_aim_interfaces/bin'
[0.761s] Level 1:colcon.colcon_core.environment:checking '/home/ljoy/Robomaster/PIONEER/new_rv/install/auto_aim_interfaces/lib/pkgconfig/auto_aim_interfaces.pc'
[0.761s] Level 1:colcon.colcon_core.environment:checking '/home/ljoy/Robomaster/PIONEER/new_rv/install/auto_aim_interfaces/lib/python3.10/site-packages'
[0.761s] Level 1:colcon.colcon_core.environment:checking '/home/ljoy/Robomaster/PIONEER/new_rv/install/auto_aim_interfaces/bin'
[0.761s] INFO:colcon.colcon_core.shell:Creating package script '/home/ljoy/Robomaster/PIONEER/new_rv/install/auto_aim_interfaces/share/auto_aim_interfaces/package.ps1'
[0.762s] INFO:colcon.colcon_core.shell:Creating package descriptor '/home/ljoy/Robomaster/PIONEER/new_rv/install/auto_aim_interfaces/share/auto_aim_interfaces/package.dsv'
[0.762s] INFO:colcon.colcon_core.shell:Creating package script '/home/ljoy/Robomaster/PIONEER/new_rv/install/auto_aim_interfaces/share/auto_aim_interfaces/package.sh'
[0.762s] INFO:colcon.colcon_core.shell:Creating package script '/home/ljoy/Robomaster/PIONEER/new_rv/install/auto_aim_interfaces/share/auto_aim_interfaces/package.bash'
[0.762s] INFO:colcon.colcon_core.shell:Creating package script '/home/ljoy/Robomaster/PIONEER/new_rv/install/auto_aim_interfaces/share/auto_aim_interfaces/package.zsh'
[0.762s] Level 1:colcon.colcon_core.environment:create_file_with_runtime_dependencies(/home/ljoy/Robomaster/PIONEER/new_rv/install/auto_aim_interfaces/share/colcon-core/packages/auto_aim_interfaces)
[0.945s] Level 1:colcon.colcon_core.environment:create_environment_scripts_only(auto_aim_interfaces)
[0.945s] Level 1:colcon.colcon_core.environment:checking '/home/ljoy/Robomaster/PIONEER/new_rv/install/auto_aim_interfaces' for CMake module files
[0.945s] Level 1:colcon.colcon_core.environment:checking '/home/ljoy/Robomaster/PIONEER/new_rv/install/auto_aim_interfaces' for CMake config files
[0.946s] Level 1:colcon.colcon_core.shell:create_environment_hook('auto_aim_interfaces', 'cmake_prefix_path')
[0.946s] INFO:colcon.colcon_core.shell:Creating environment hook '/home/ljoy/Robomaster/PIONEER/new_rv/install/auto_aim_interfaces/share/auto_aim_interfaces/hook/cmake_prefix_path.ps1'
[0.946s] INFO:colcon.colcon_core.shell:Creating environment descriptor '/home/ljoy/Robomaster/PIONEER/new_rv/install/auto_aim_interfaces/share/auto_aim_interfaces/hook/cmake_prefix_path.dsv'
[0.946s] INFO:colcon.colcon_core.shell:Creating environment hook '/home/ljoy/Robomaster/PIONEER/new_rv/install/auto_aim_interfaces/share/auto_aim_interfaces/hook/cmake_prefix_path.sh'
[0.946s] Level 1:colcon.colcon_core.environment:checking '/home/ljoy/Robomaster/PIONEER/new_rv/install/auto_aim_interfaces/lib'
[0.946s] Level 1:colcon.colcon_core.shell:create_environment_hook('auto_aim_interfaces', 'ld_library_path_lib')
[0.946s] INFO:colcon.colcon_core.shell:Creating environment hook '/home/ljoy/Robomaster/PIONEER/new_rv/install/auto_aim_interfaces/share/auto_aim_interfaces/hook/ld_library_path_lib.ps1'
[0.947s] INFO:colcon.colcon_core.shell:Creating environment descriptor '/home/ljoy/Robomaster/PIONEER/new_rv/install/auto_aim_interfaces/share/auto_aim_interfaces/hook/ld_library_path_lib.dsv'
[0.947s] INFO:colcon.colcon_core.shell:Creating environment hook '/home/ljoy/Robomaster/PIONEER/new_rv/install/auto_aim_interfaces/share/auto_aim_interfaces/hook/ld_library_path_lib.sh'
[0.947s] Level 1:colcon.colcon_core.environment:checking '/home/ljoy/Robomaster/PIONEER/new_rv/install/auto_aim_interfaces/bin'
[0.947s] Level 1:colcon.colcon_core.environment:checking '/home/ljoy/Robomaster/PIONEER/new_rv/install/auto_aim_interfaces/lib/pkgconfig/auto_aim_interfaces.pc'
[0.947s] Level 1:colcon.colcon_core.environment:checking '/home/ljoy/Robomaster/PIONEER/new_rv/install/auto_aim_interfaces/lib/python3.10/site-packages'
[0.947s] Level 1:colcon.colcon_core.environment:checking '/home/ljoy/Robomaster/PIONEER/new_rv/install/auto_aim_interfaces/bin'
[0.947s] INFO:colcon.colcon_core.shell:Creating package script '/home/ljoy/Robomaster/PIONEER/new_rv/install/auto_aim_interfaces/share/auto_aim_interfaces/package.ps1'
[0.947s] INFO:colcon.colcon_core.shell:Creating package descriptor '/home/ljoy/Robomaster/PIONEER/new_rv/install/auto_aim_interfaces/share/auto_aim_interfaces/package.dsv'
[0.948s] INFO:colcon.colcon_core.shell:Creating package script '/home/ljoy/Robomaster/PIONEER/new_rv/install/auto_aim_interfaces/share/auto_aim_interfaces/package.sh'
[0.948s] INFO:colcon.colcon_core.shell:Creating package script '/home/ljoy/Robomaster/PIONEER/new_rv/install/auto_aim_interfaces/share/auto_aim_interfaces/package.bash'
[0.948s] INFO:colcon.colcon_core.shell:Creating package script '/home/ljoy/Robomaster/PIONEER/new_rv/install/auto_aim_interfaces/share/auto_aim_interfaces/package.zsh'
[0.948s] Level 1:colcon.colcon_core.environment:create_file_with_runtime_dependencies(/home/ljoy/Robomaster/PIONEER/new_rv/install/auto_aim_interfaces/share/colcon-core/packages/auto_aim_interfaces)
[0.948s] INFO:colcon.colcon_ros.task.ament_cmake.build:Building ROS package in '/home/ljoy/Robomaster/PIONEER/new_rv/rm_serial_driver' with build type 'ament_cmake'
[0.948s] INFO:colcon.colcon_cmake.task.cmake.build:Building CMake package in '/home/ljoy/Robomaster/PIONEER/new_rv/rm_serial_driver'
[0.949s] INFO:colcon.colcon_core.shell:Skip shell extension 'powershell' for command environment: Not usable outside of PowerShell
[0.949s] DEBUG:colcon.colcon_core.shell:Skip shell extension 'dsv' for command environment
[0.951s] INFO:colcon.colcon_ros.task.ament_cmake.build:Building ROS package in '/home/ljoy/Robomaster/PIONEER/new_rv/rm_auto_aim/armor_detector' with build type 'ament_cmake'
[0.951s] INFO:colcon.colcon_cmake.task.cmake.build:Building CMake package in '/home/ljoy/Robomaster/PIONEER/new_rv/rm_auto_aim/armor_detector'
[0.951s] INFO:colcon.colcon_core.shell:Skip shell extension 'powershell' for command environment: Not usable outside of PowerShell
[0.951s] DEBUG:colcon.colcon_core.shell:Skip shell extension 'dsv' for command environment
[0.952s] INFO:colcon.colcon_ros.task.ament_cmake.build:Building ROS package in '/home/ljoy/Robomaster/PIONEER/new_rv/rm_auto_aim/armor_tracker' with build type 'ament_cmake'
[0.953s] INFO:colcon.colcon_cmake.task.cmake.build:Building CMake package in '/home/ljoy/Robomaster/PIONEER/new_rv/rm_auto_aim/armor_tracker'
[0.953s] INFO:colcon.colcon_core.shell:Skip shell extension 'powershell' for command environment: Not usable outside of PowerShell
[0.953s] DEBUG:colcon.colcon_core.shell:Skip shell extension 'dsv' for command environment
[0.954s] INFO:colcon.colcon_ros.task.ament_cmake.build:Building ROS package in '/home/ljoy/Robomaster/PIONEER/new_rv/rm_planner' with build type 'ament_cmake'
[0.954s] INFO:colcon.colcon_cmake.task.cmake.build:Building CMake package in '/home/ljoy/Robomaster/PIONEER/new_rv/rm_planner'
[0.955s] INFO:colcon.colcon_core.shell:Skip shell extension 'powershell' for command environment: Not usable outside of PowerShell
[0.955s] DEBUG:colcon.colcon_core.shell:Skip shell extension 'dsv' for command environment
[0.959s] DEBUG:colcon.colcon_core.event_handler.log_command:Invoking command in '/home/ljoy/Robomaster/PIONEER/new_rv/build/rm_serial_driver': CMAKE_PREFIX_PATH=/home/ljoy/Robomaster/PIONEER/new_rv/install/auto_aim_interfaces:/home/ljoy/Robomaster/PIONEER/new_rv/install/rm_vision_bringup:/home/ljoy/Robomaster/PIONEER/new_rv/install/rm_planner:/home/ljoy/Robomaster/PIONEER/new_rv/install/armor_tracker:/home/ljoy/Robomaster/PIONEER/new_rv/install/armor_detector:/home/ljoy/Robomaster/PIONEER/new_rv/install/rm_tools:/home/ljoy/Robomaster/PIONEER/new_rv/install/rm_serial_driver:/home/ljoy/Robomaster/PIONEER/new_rv/install/rm_gimbal_description:/home/ljoy/Robomaster/PIONEER/new_rv/install/hik_camera:/opt/ros/humble LD_LIBRARY_PATH=/home/ljoy/Robomaster/PIONEER/new_rv/install/auto_aim_interfaces/lib:/home/ljoy/Robomaster/PIONEER/new_rv/install/rm_planner/lib:/home/ljoy/Robomaster/PIONEER/new_rv/install/armor_tracker/lib:/home/ljoy/Robomaster/PIONEER/new_rv/install/armor_detector/lib:/home/ljoy/Robomaster/PIONEER/new_rv/install/rm_tools/lib:/home/ljoy/Robomaster/PIONEER/new_rv/install/rm_serial_driver/lib:/home/ljoy/Robomaster/PIONEER/new_rv/install/hik_camera/lib:/opt/ros/humble/opt/rviz_ogre_vendor/lib:/opt/ros/humble/lib/x86_64-linux-gnu:/opt/ros/humble/lib:/opt/MVS/lib/64:/opt/MVS/lib/32:/opt/MVS/lib/64:/opt/MVS/lib/64 /usr/bin/cmake --build /home/ljoy/Robomaster/PIONEER/new_rv/build/rm_serial_driver -- -j32 -l32
[0.961s] DEBUG:colcon.colcon_core.event_handler.log_command:Invoking command in '/home/ljoy/Robomaster/PIONEER/new_rv/build/armor_detector': CMAKE_PREFIX_PATH=/home/ljoy/Robomaster/PIONEER/new_rv/install/rm_tools:/home/ljoy/Robomaster/PIONEER/new_rv/install/auto_aim_interfaces:/home/ljoy/Robomaster/PIONEER/new_rv/install/rm_vision_bringup:/home/ljoy/Robomaster/PIONEER/new_rv/install/rm_planner:/home/ljoy/Robomaster/PIONEER/new_rv/install/armor_tracker:/home/ljoy/Robomaster/PIONEER/new_rv/install/armor_detector:/home/ljoy/Robomaster/PIONEER/new_rv/install/rm_serial_driver:/home/ljoy/Robomaster/PIONEER/new_rv/install/rm_gimbal_description:/home/ljoy/Robomaster/PIONEER/new_rv/install/hik_camera:/opt/ros/humble LD_LIBRARY_PATH=/home/ljoy/Robomaster/PIONEER/new_rv/install/rm_tools/lib:/home/ljoy/Robomaster/PIONEER/new_rv/install/auto_aim_interfaces/lib:/home/ljoy/Robomaster/PIONEER/new_rv/install/rm_planner/lib:/home/ljoy/Robomaster/PIONEER/new_rv/install/armor_tracker/lib:/home/ljoy/Robomaster/PIONEER/new_rv/install/armor_detector/lib:/home/ljoy/Robomaster/PIONEER/new_rv/install/rm_serial_driver/lib:/home/ljoy/Robomaster/PIONEER/new_rv/install/hik_camera/lib:/opt/ros/humble/opt/rviz_ogre_vendor/lib:/opt/ros/humble/lib/x86_64-linux-gnu:/opt/ros/humble/lib:/opt/MVS/lib/64:/opt/MVS/lib/32:/opt/MVS/lib/64:/opt/MVS/lib/64 /usr/bin/cmake --build /home/ljoy/Robomaster/PIONEER/new_rv/build/armor_detector -- -j32 -l32
[0.962s] DEBUG:colcon.colcon_core.event_handler.log_command:Invoking command in '/home/ljoy/Robomaster/PIONEER/new_rv/build/armor_tracker': CMAKE_PREFIX_PATH=/home/ljoy/Robomaster/PIONEER/new_rv/install/rm_tools:/home/ljoy/Robomaster/PIONEER/new_rv/install/auto_aim_interfaces:/home/ljoy/Robomaster/PIONEER/new_rv/install/rm_vision_bringup:/home/ljoy/Robomaster/PIONEER/new_rv/install/rm_planner:/home/ljoy/Robomaster/PIONEER/new_rv/install/armor_tracker:/home/ljoy/Robomaster/PIONEER/new_rv/install/armor_detector:/home/ljoy/Robomaster/PIONEER/new_rv/install/rm_serial_driver:/home/ljoy/Robomaster/PIONEER/new_rv/install/rm_gimbal_description:/home/ljoy/Robomaster/PIONEER/new_rv/install/hik_camera:/opt/ros/humble LD_LIBRARY_PATH=/home/ljoy/Robomaster/PIONEER/new_rv/install/rm_tools/lib:/home/ljoy/Robomaster/PIONEER/new_rv/install/auto_aim_interfaces/lib:/home/ljoy/Robomaster/PIONEER/new_rv/install/rm_planner/lib:/home/ljoy/Robomaster/PIONEER/new_rv/install/armor_tracker/lib:/home/ljoy/Robomaster/PIONEER/new_rv/install/armor_detector/lib:/home/ljoy/Robomaster/PIONEER/new_rv/install/rm_serial_driver/lib:/home/ljoy/Robomaster/PIONEER/new_rv/install/hik_camera/lib:/opt/ros/humble/opt/rviz_ogre_vendor/lib:/opt/ros/humble/lib/x86_64-linux-gnu:/opt/ros/humble/lib:/opt/MVS/lib/64:/opt/MVS/lib/32:/opt/MVS/lib/64:/opt/MVS/lib/64 /usr/bin/cmake --build /home/ljoy/Robomaster/PIONEER/new_rv/build/armor_tracker -- -j32 -l32
[0.964s] DEBUG:colcon.colcon_core.event_handler.log_command:Invoking command in '/home/ljoy/Robomaster/PIONEER/new_rv/build/rm_planner': CMAKE_PREFIX_PATH=/home/ljoy/Robomaster/PIONEER/new_rv/install/rm_tools:/home/ljoy/Robomaster/PIONEER/new_rv/install/auto_aim_interfaces:/home/ljoy/Robomaster/PIONEER/new_rv/install/rm_vision_bringup:/home/ljoy/Robomaster/PIONEER/new_rv/install/rm_planner:/home/ljoy/Robomaster/PIONEER/new_rv/install/armor_tracker:/home/ljoy/Robomaster/PIONEER/new_rv/install/armor_detector:/home/ljoy/Robomaster/PIONEER/new_rv/install/rm_serial_driver:/home/ljoy/Robomaster/PIONEER/new_rv/install/rm_gimbal_description:/home/ljoy/Robomaster/PIONEER/new_rv/install/hik_camera:/opt/ros/humble LD_LIBRARY_PATH=/home/ljoy/Robomaster/PIONEER/new_rv/install/rm_tools/lib:/home/ljoy/Robomaster/PIONEER/new_rv/install/auto_aim_interfaces/lib:/home/ljoy/Robomaster/PIONEER/new_rv/install/rm_planner/lib:/home/ljoy/Robomaster/PIONEER/new_rv/install/armor_tracker/lib:/home/ljoy/Robomaster/PIONEER/new_rv/install/armor_detector/lib:/home/ljoy/Robomaster/PIONEER/new_rv/install/rm_serial_driver/lib:/home/ljoy/Robomaster/PIONEER/new_rv/install/hik_camera/lib:/opt/ros/humble/opt/rviz_ogre_vendor/lib:/opt/ros/humble/lib/x86_64-linux-gnu:/opt/ros/humble/lib:/opt/MVS/lib/64:/opt/MVS/lib/32:/opt/MVS/lib/64:/opt/MVS/lib/64 /usr/bin/cmake --build /home/ljoy/Robomaster/PIONEER/new_rv/build/rm_planner -- -j32 -l32
[0.985s] DEBUG:colcon.colcon_core.event_handler.log_command:Invoked command in '/home/ljoy/Robomaster/PIONEER/new_rv/build/rm_serial_driver' returned '0': CMAKE_PREFIX_PATH=/home/ljoy/Robomaster/PIONEER/new_rv/install/auto_aim_interfaces:/home/ljoy/Robomaster/PIONEER/new_rv/install/rm_vision_bringup:/home/ljoy/Robomaster/PIONEER/new_rv/install/rm_planner:/home/ljoy/Robomaster/PIONEER/new_rv/install/armor_tracker:/home/ljoy/Robomaster/PIONEER/new_rv/install/armor_detector:/home/ljoy/Robomaster/PIONEER/new_rv/install/rm_tools:/home/ljoy/Robomaster/PIONEER/new_rv/install/rm_serial_driver:/home/ljoy/Robomaster/PIONEER/new_rv/install/rm_gimbal_description:/home/ljoy/Robomaster/PIONEER/new_rv/install/hik_camera:/opt/ros/humble LD_LIBRARY_PATH=/home/ljoy/Robomaster/PIONEER/new_rv/install/auto_aim_interfaces/lib:/home/ljoy/Robomaster/PIONEER/new_rv/install/rm_planner/lib:/home/ljoy/Robomaster/PIONEER/new_rv/install/armor_tracker/lib:/home/ljoy/Robomaster/PIONEER/new_rv/install/armor_detector/lib:/home/ljoy/Robomaster/PIONEER/new_rv/install/rm_tools/lib:/home/ljoy/Robomaster/PIONEER/new_rv/install/rm_serial_driver/lib:/home/ljoy/Robomaster/PIONEER/new_rv/install/hik_camera/lib:/opt/ros/humble/opt/rviz_ogre_vendor/lib:/opt/ros/humble/lib/x86_64-linux-gnu:/opt/ros/humble/lib:/opt/MVS/lib/64:/opt/MVS/lib/32:/opt/MVS/lib/64:/opt/MVS/lib/64 /usr/bin/cmake --build /home/ljoy/Robomaster/PIONEER/new_rv/build/rm_serial_driver -- -j32 -l32
[0.989s] DEBUG:colcon.colcon_core.event_handler.log_command:Invoked command in '/home/ljoy/Robomaster/PIONEER/new_rv/build/armor_tracker' returned '0': CMAKE_PREFIX_PATH=/home/ljoy/Robomaster/PIONEER/new_rv/install/rm_tools:/home/ljoy/Robomaster/PIONEER/new_rv/install/auto_aim_interfaces:/home/ljoy/Robomaster/PIONEER/new_rv/install/rm_vision_bringup:/home/ljoy/Robomaster/PIONEER/new_rv/install/rm_planner:/home/ljoy/Robomaster/PIONEER/new_rv/install/armor_tracker:/home/ljoy/Robomaster/PIONEER/new_rv/install/armor_detector:/home/ljoy/Robomaster/PIONEER/new_rv/install/rm_serial_driver:/home/ljoy/Robomaster/PIONEER/new_rv/install/rm_gimbal_description:/home/ljoy/Robomaster/PIONEER/new_rv/install/hik_camera:/opt/ros/humble LD_LIBRARY_PATH=/home/ljoy/Robomaster/PIONEER/new_rv/install/rm_tools/lib:/home/ljoy/Robomaster/PIONEER/new_rv/install/auto_aim_interfaces/lib:/home/ljoy/Robomaster/PIONEER/new_rv/install/rm_planner/lib:/home/ljoy/Robomaster/PIONEER/new_rv/install/armor_tracker/lib:/home/ljoy/Robomaster/PIONEER/new_rv/install/armor_detector/lib:/home/ljoy/Robomaster/PIONEER/new_rv/install/rm_serial_driver/lib:/home/ljoy/Robomaster/PIONEER/new_rv/install/hik_camera/lib:/opt/ros/humble/opt/rviz_ogre_vendor/lib:/opt/ros/humble/lib/x86_64-linux-gnu:/opt/ros/humble/lib:/opt/MVS/lib/64:/opt/MVS/lib/32:/opt/MVS/lib/64:/opt/MVS/lib/64 /usr/bin/cmake --build /home/ljoy/Robomaster/PIONEER/new_rv/build/armor_tracker -- -j32 -l32
[0.990s] DEBUG:colcon.colcon_core.event_handler.log_command:Invoked command in '/home/ljoy/Robomaster/PIONEER/new_rv/build/rm_planner' returned '0': CMAKE_PREFIX_PATH=/home/ljoy/Robomaster/PIONEER/new_rv/install/rm_tools:/home/ljoy/Robomaster/PIONEER/new_rv/install/auto_aim_interfaces:/home/ljoy/Robomaster/PIONEER/new_rv/install/rm_vision_bringup:/home/ljoy/Robomaster/PIONEER/new_rv/install/rm_planner:/home/ljoy/Robomaster/PIONEER/new_rv/install/armor_tracker:/home/ljoy/Robomaster/PIONEER/new_rv/install/armor_detector:/home/ljoy/Robomaster/PIONEER/new_rv/install/rm_serial_driver:/home/ljoy/Robomaster/PIONEER/new_rv/install/rm_gimbal_description:/home/ljoy/Robomaster/PIONEER/new_rv/install/hik_camera:/opt/ros/humble LD_LIBRARY_PATH=/home/ljoy/Robomaster/PIONEER/new_rv/install/rm_tools/lib:/home/ljoy/Robomaster/PIONEER/new_rv/install/auto_aim_interfaces/lib:/home/ljoy/Robomaster/PIONEER/new_rv/install/rm_planner/lib:/home/ljoy/Robomaster/PIONEER/new_rv/install/armor_tracker/lib:/home/ljoy/Robomaster/PIONEER/new_rv/install/armor_detector/lib:/home/ljoy/Robomaster/PIONEER/new_rv/install/rm_serial_driver/lib:/home/ljoy/Robomaster/PIONEER/new_rv/install/hik_camera/lib:/opt/ros/humble/opt/rviz_ogre_vendor/lib:/opt/ros/humble/lib/x86_64-linux-gnu:/opt/ros/humble/lib:/opt/MVS/lib/64:/opt/MVS/lib/32:/opt/MVS/lib/64:/opt/MVS/lib/64 /usr/bin/cmake --build /home/ljoy/Robomaster/PIONEER/new_rv/build/rm_planner -- -j32 -l32
[1.011s] DEBUG:colcon.colcon_core.event_handler.log_command:Invoking command in '/home/ljoy/Robomaster/PIONEER/new_rv/build/armor_tracker': CMAKE_PREFIX_PATH=/home/ljoy/Robomaster/PIONEER/new_rv/install/rm_tools:/home/ljoy/Robomaster/PIONEER/new_rv/install/auto_aim_interfaces:/home/ljoy/Robomaster/PIONEER/new_rv/install/rm_vision_bringup:/home/ljoy/Robomaster/PIONEER/new_rv/install/rm_planner:/home/ljoy/Robomaster/PIONEER/new_rv/install/armor_tracker:/home/ljoy/Robomaster/PIONEER/new_rv/install/armor_detector:/home/ljoy/Robomaster/PIONEER/new_rv/install/rm_serial_driver:/home/ljoy/Robomaster/PIONEER/new_rv/install/rm_gimbal_description:/home/ljoy/Robomaster/PIONEER/new_rv/install/hik_camera:/opt/ros/humble LD_LIBRARY_PATH=/home/ljoy/Robomaster/PIONEER/new_rv/install/rm_tools/lib:/home/ljoy/Robomaster/PIONEER/new_rv/install/auto_aim_interfaces/lib:/home/ljoy/Robomaster/PIONEER/new_rv/install/rm_planner/lib:/home/ljoy/Robomaster/PIONEER/new_rv/install/armor_tracker/lib:/home/ljoy/Robomaster/PIONEER/new_rv/install/armor_detector/lib:/home/ljoy/Robomaster/PIONEER/new_rv/install/rm_serial_driver/lib:/home/ljoy/Robomaster/PIONEER/new_rv/install/hik_camera/lib:/opt/ros/humble/opt/rviz_ogre_vendor/lib:/opt/ros/humble/lib/x86_64-linux-gnu:/opt/ros/humble/lib:/opt/MVS/lib/64:/opt/MVS/lib/32:/opt/MVS/lib/64:/opt/MVS/lib/64 /usr/bin/cmake --install /home/ljoy/Robomaster/PIONEER/new_rv/build/armor_tracker
[1.012s] DEBUG:colcon.colcon_core.event_handler.log_command:Invoking command in '/home/ljoy/Robomaster/PIONEER/new_rv/build/rm_serial_driver': CMAKE_PREFIX_PATH=/home/ljoy/Robomaster/PIONEER/new_rv/install/auto_aim_interfaces:/home/ljoy/Robomaster/PIONEER/new_rv/install/rm_vision_bringup:/home/ljoy/Robomaster/PIONEER/new_rv/install/rm_planner:/home/ljoy/Robomaster/PIONEER/new_rv/install/armor_tracker:/home/ljoy/Robomaster/PIONEER/new_rv/install/armor_detector:/home/ljoy/Robomaster/PIONEER/new_rv/install/rm_tools:/home/ljoy/Robomaster/PIONEER/new_rv/install/rm_serial_driver:/home/ljoy/Robomaster/PIONEER/new_rv/install/rm_gimbal_description:/home/ljoy/Robomaster/PIONEER/new_rv/install/hik_camera:/opt/ros/humble LD_LIBRARY_PATH=/home/ljoy/Robomaster/PIONEER/new_rv/install/auto_aim_interfaces/lib:/home/ljoy/Robomaster/PIONEER/new_rv/install/rm_planner/lib:/home/ljoy/Robomaster/PIONEER/new_rv/install/armor_tracker/lib:/home/ljoy/Robomaster/PIONEER/new_rv/install/armor_detector/lib:/home/ljoy/Robomaster/PIONEER/new_rv/install/rm_tools/lib:/home/ljoy/Robomaster/PIONEER/new_rv/install/rm_serial_driver/lib:/home/ljoy/Robomaster/PIONEER/new_rv/install/hik_camera/lib:/opt/ros/humble/opt/rviz_ogre_vendor/lib:/opt/ros/humble/lib/x86_64-linux-gnu:/opt/ros/humble/lib:/opt/MVS/lib/64:/opt/MVS/lib/32:/opt/MVS/lib/64:/opt/MVS/lib/64 /usr/bin/cmake --install /home/ljoy/Robomaster/PIONEER/new_rv/build/rm_serial_driver
[1.014s] DEBUG:colcon.colcon_core.event_handler.log_command:Invoking command in '/home/ljoy/Robomaster/PIONEER/new_rv/build/rm_planner': CMAKE_PREFIX_PATH=/home/ljoy/Robomaster/PIONEER/new_rv/install/rm_tools:/home/ljoy/Robomaster/PIONEER/new_rv/install/auto_aim_interfaces:/home/ljoy/Robomaster/PIONEER/new_rv/install/rm_vision_bringup:/home/ljoy/Robomaster/PIONEER/new_rv/install/rm_planner:/home/ljoy/Robomaster/PIONEER/new_rv/install/armor_tracker:/home/ljoy/Robomaster/PIONEER/new_rv/install/armor_detector:/home/ljoy/Robomaster/PIONEER/new_rv/install/rm_serial_driver:/home/ljoy/Robomaster/PIONEER/new_rv/install/rm_gimbal_description:/home/ljoy/Robomaster/PIONEER/new_rv/install/hik_camera:/opt/ros/humble LD_LIBRARY_PATH=/home/ljoy/Robomaster/PIONEER/new_rv/install/rm_tools/lib:/home/ljoy/Robomaster/PIONEER/new_rv/install/auto_aim_interfaces/lib:/home/ljoy/Robomaster/PIONEER/new_rv/install/rm_planner/lib:/home/ljoy/Robomaster/PIONEER/new_rv/install/armor_tracker/lib:/home/ljoy/Robomaster/PIONEER/new_rv/install/armor_detector/lib:/home/ljoy/Robomaster/PIONEER/new_rv/install/rm_serial_driver/lib:/home/ljoy/Robomaster/PIONEER/new_rv/install/hik_camera/lib:/opt/ros/humble/opt/rviz_ogre_vendor/lib:/opt/ros/humble/lib/x86_64-linux-gnu:/opt/ros/humble/lib:/opt/MVS/lib/64:/opt/MVS/lib/32:/opt/MVS/lib/64:/opt/MVS/lib/64 /usr/bin/cmake --install /home/ljoy/Robomaster/PIONEER/new_rv/build/rm_planner
[1.015s] Level 1:colcon.colcon_core.environment:create_environment_scripts_only(armor_tracker)
[1.015s] Level 1:colcon.colcon_core.environment:checking '/home/ljoy/Robomaster/PIONEER/new_rv/install/armor_tracker' for CMake module files
[1.016s] DEBUG:colcon.colcon_core.event_handler.log_command:Invoked command in '/home/ljoy/Robomaster/PIONEER/new_rv/build/armor_tracker' returned '0': CMAKE_PREFIX_PATH=/home/ljoy/Robomaster/PIONEER/new_rv/install/rm_tools:/home/ljoy/Robomaster/PIONEER/new_rv/install/auto_aim_interfaces:/home/ljoy/Robomaster/PIONEER/new_rv/install/rm_vision_bringup:/home/ljoy/Robomaster/PIONEER/new_rv/install/rm_planner:/home/ljoy/Robomaster/PIONEER/new_rv/install/armor_tracker:/home/ljoy/Robomaster/PIONEER/new_rv/install/armor_detector:/home/ljoy/Robomaster/PIONEER/new_rv/install/rm_serial_driver:/home/ljoy/Robomaster/PIONEER/new_rv/install/rm_gimbal_description:/home/ljoy/Robomaster/PIONEER/new_rv/install/hik_camera:/opt/ros/humble LD_LIBRARY_PATH=/home/ljoy/Robomaster/PIONEER/new_rv/install/rm_tools/lib:/home/ljoy/Robomaster/PIONEER/new_rv/install/auto_aim_interfaces/lib:/home/ljoy/Robomaster/PIONEER/new_rv/install/rm_planner/lib:/home/ljoy/Robomaster/PIONEER/new_rv/install/armor_tracker/lib:/home/ljoy/Robomaster/PIONEER/new_rv/install/armor_detector/lib:/home/ljoy/Robomaster/PIONEER/new_rv/install/rm_serial_driver/lib:/home/ljoy/Robomaster/PIONEER/new_rv/install/hik_camera/lib:/opt/ros/humble/opt/rviz_ogre_vendor/lib:/opt/ros/humble/lib/x86_64-linux-gnu:/opt/ros/humble/lib:/opt/MVS/lib/64:/opt/MVS/lib/32:/opt/MVS/lib/64:/opt/MVS/lib/64 /usr/bin/cmake --install /home/ljoy/Robomaster/PIONEER/new_rv/build/armor_tracker
[1.017s] Level 1:colcon.colcon_core.environment:checking '/home/ljoy/Robomaster/PIONEER/new_rv/install/armor_tracker' for CMake config files
[1.018s] Level 1:colcon.colcon_core.shell:create_environment_hook('armor_tracker', 'cmake_prefix_path')
[1.018s] INFO:colcon.colcon_core.shell:Creating environment hook '/home/ljoy/Robomaster/PIONEER/new_rv/install/armor_tracker/share/armor_tracker/hook/cmake_prefix_path.ps1'
[1.018s] INFO:colcon.colcon_core.shell:Creating environment descriptor '/home/ljoy/Robomaster/PIONEER/new_rv/install/armor_tracker/share/armor_tracker/hook/cmake_prefix_path.dsv'
[1.019s] INFO:colcon.colcon_core.shell:Creating environment hook '/home/ljoy/Robomaster/PIONEER/new_rv/install/armor_tracker/share/armor_tracker/hook/cmake_prefix_path.sh'
[1.019s] Level 1:colcon.colcon_core.environment:checking '/home/ljoy/Robomaster/PIONEER/new_rv/install/armor_tracker/lib'
[1.019s] Level 1:colcon.colcon_core.shell:create_environment_hook('armor_tracker', 'ld_library_path_lib')
[1.019s] INFO:colcon.colcon_core.shell:Creating environment hook '/home/ljoy/Robomaster/PIONEER/new_rv/install/armor_tracker/share/armor_tracker/hook/ld_library_path_lib.ps1'
[1.020s] INFO:colcon.colcon_core.shell:Creating environment descriptor '/home/ljoy/Robomaster/PIONEER/new_rv/install/armor_tracker/share/armor_tracker/hook/ld_library_path_lib.dsv'
[1.020s] INFO:colcon.colcon_core.shell:Creating environment hook '/home/ljoy/Robomaster/PIONEER/new_rv/install/armor_tracker/share/armor_tracker/hook/ld_library_path_lib.sh'
[1.020s] Level 1:colcon.colcon_core.environment:checking '/home/ljoy/Robomaster/PIONEER/new_rv/install/armor_tracker/bin'
[1.020s] Level 1:colcon.colcon_core.environment:checking '/home/ljoy/Robomaster/PIONEER/new_rv/install/armor_tracker/lib/pkgconfig/armor_tracker.pc'
[1.020s] Level 1:colcon.colcon_core.environment:checking '/home/ljoy/Robomaster/PIONEER/new_rv/install/armor_tracker/lib/python3.10/site-packages'
[1.021s] Level 1:colcon.colcon_core.environment:checking '/home/ljoy/Robomaster/PIONEER/new_rv/install/armor_tracker/bin'
[1.021s] INFO:colcon.colcon_core.shell:Creating package script '/home/ljoy/Robomaster/PIONEER/new_rv/install/armor_tracker/share/armor_tracker/package.ps1'
[1.021s] INFO:colcon.colcon_core.shell:Creating package descriptor '/home/ljoy/Robomaster/PIONEER/new_rv/install/armor_tracker/share/armor_tracker/package.dsv'
[1.021s] INFO:colcon.colcon_core.shell:Creating package script '/home/ljoy/Robomaster/PIONEER/new_rv/install/armor_tracker/share/armor_tracker/package.sh'
[1.021s] INFO:colcon.colcon_core.shell:Creating package script '/home/ljoy/Robomaster/PIONEER/new_rv/install/armor_tracker/share/armor_tracker/package.bash'
[1.022s] INFO:colcon.colcon_core.shell:Creating package script '/home/ljoy/Robomaster/PIONEER/new_rv/install/armor_tracker/share/armor_tracker/package.zsh'
[1.022s] Level 1:colcon.colcon_core.environment:create_file_with_runtime_dependencies(/home/ljoy/Robomaster/PIONEER/new_rv/install/armor_tracker/share/colcon-core/packages/armor_tracker)
[1.023s] Level 1:colcon.colcon_core.environment:create_environment_scripts_only(rm_serial_driver)
[1.023s] Level 1:colcon.colcon_core.environment:checking '/home/ljoy/Robomaster/PIONEER/new_rv/install/rm_serial_driver' for CMake module files
[1.023s] DEBUG:colcon.colcon_core.event_handler.log_command:Invoked command in '/home/ljoy/Robomaster/PIONEER/new_rv/build/rm_serial_driver' returned '0': CMAKE_PREFIX_PATH=/home/ljoy/Robomaster/PIONEER/new_rv/install/auto_aim_interfaces:/home/ljoy/Robomaster/PIONEER/new_rv/install/rm_vision_bringup:/home/ljoy/Robomaster/PIONEER/new_rv/install/rm_planner:/home/ljoy/Robomaster/PIONEER/new_rv/install/armor_tracker:/home/ljoy/Robomaster/PIONEER/new_rv/install/armor_detector:/home/ljoy/Robomaster/PIONEER/new_rv/install/rm_tools:/home/ljoy/Robomaster/PIONEER/new_rv/install/rm_serial_driver:/home/ljoy/Robomaster/PIONEER/new_rv/install/rm_gimbal_description:/home/ljoy/Robomaster/PIONEER/new_rv/install/hik_camera:/opt/ros/humble LD_LIBRARY_PATH=/home/ljoy/Robomaster/PIONEER/new_rv/install/auto_aim_interfaces/lib:/home/ljoy/Robomaster/PIONEER/new_rv/install/rm_planner/lib:/home/ljoy/Robomaster/PIONEER/new_rv/install/armor_tracker/lib:/home/ljoy/Robomaster/PIONEER/new_rv/install/armor_detector/lib:/home/ljoy/Robomaster/PIONEER/new_rv/install/rm_tools/lib:/home/ljoy/Robomaster/PIONEER/new_rv/install/rm_serial_driver/lib:/home/ljoy/Robomaster/PIONEER/new_rv/install/hik_camera/lib:/opt/ros/humble/opt/rviz_ogre_vendor/lib:/opt/ros/humble/lib/x86_64-linux-gnu:/opt/ros/humble/lib:/opt/MVS/lib/64:/opt/MVS/lib/32:/opt/MVS/lib/64:/opt/MVS/lib/64 /usr/bin/cmake --install /home/ljoy/Robomaster/PIONEER/new_rv/build/rm_serial_driver
[1.023s] Level 1:colcon.colcon_core.environment:checking '/home/ljoy/Robomaster/PIONEER/new_rv/install/rm_serial_driver' for CMake config files
[1.023s] Level 1:colcon.colcon_core.shell:create_environment_hook('rm_serial_driver', 'cmake_prefix_path')
[1.023s] INFO:colcon.colcon_core.shell:Creating environment hook '/home/ljoy/Robomaster/PIONEER/new_rv/install/rm_serial_driver/share/rm_serial_driver/hook/cmake_prefix_path.ps1'
[1.024s] INFO:colcon.colcon_core.shell:Creating environment descriptor '/home/ljoy/Robomaster/PIONEER/new_rv/install/rm_serial_driver/share/rm_serial_driver/hook/cmake_prefix_path.dsv'
[1.024s] INFO:colcon.colcon_core.shell:Creating environment hook '/home/ljoy/Robomaster/PIONEER/new_rv/install/rm_serial_driver/share/rm_serial_driver/hook/cmake_prefix_path.sh'
[1.024s] Level 1:colcon.colcon_core.environment:checking '/home/ljoy/Robomaster/PIONEER/new_rv/install/rm_serial_driver/lib'
[1.024s] Level 1:colcon.colcon_core.shell:create_environment_hook('rm_serial_driver', 'ld_library_path_lib')
[1.024s] INFO:colcon.colcon_core.shell:Creating environment hook '/home/ljoy/Robomaster/PIONEER/new_rv/install/rm_serial_driver/share/rm_serial_driver/hook/ld_library_path_lib.ps1'
[1.024s] INFO:colcon.colcon_core.shell:Creating environment descriptor '/home/ljoy/Robomaster/PIONEER/new_rv/install/rm_serial_driver/share/rm_serial_driver/hook/ld_library_path_lib.dsv'
[1.025s] INFO:colcon.colcon_core.shell:Creating environment hook '/home/ljoy/Robomaster/PIONEER/new_rv/install/rm_serial_driver/share/rm_serial_driver/hook/ld_library_path_lib.sh'
[1.025s] Level 1:colcon.colcon_core.environment:checking '/home/ljoy/Robomaster/PIONEER/new_rv/install/rm_serial_driver/bin'
[1.025s] Level 1:colcon.colcon_core.environment:checking '/home/ljoy/Robomaster/PIONEER/new_rv/install/rm_serial_driver/lib/pkgconfig/rm_serial_driver.pc'
[1.025s] Level 1:colcon.colcon_core.environment:checking '/home/ljoy/Robomaster/PIONEER/new_rv/install/rm_serial_driver/lib/python3.10/site-packages'
[1.025s] Level 1:colcon.colcon_core.environment:checking '/home/ljoy/Robomaster/PIONEER/new_rv/install/rm_serial_driver/bin'
[1.025s] INFO:colcon.colcon_core.shell:Creating package script '/home/ljoy/Robomaster/PIONEER/new_rv/install/rm_serial_driver/share/rm_serial_driver/package.ps1'
[1.025s] INFO:colcon.colcon_core.shell:Creating package descriptor '/home/ljoy/Robomaster/PIONEER/new_rv/install/rm_serial_driver/share/rm_serial_driver/package.dsv'
[1.025s] INFO:colcon.colcon_core.shell:Creating package script '/home/ljoy/Robomaster/PIONEER/new_rv/install/rm_serial_driver/share/rm_serial_driver/package.sh'
[1.026s] INFO:colcon.colcon_core.shell:Creating package script '/home/ljoy/Robomaster/PIONEER/new_rv/install/rm_serial_driver/share/rm_serial_driver/package.bash'
[1.026s] INFO:colcon.colcon_core.shell:Creating package script '/home/ljoy/Robomaster/PIONEER/new_rv/install/rm_serial_driver/share/rm_serial_driver/package.zsh'
[1.026s] Level 1:colcon.colcon_core.environment:create_file_with_runtime_dependencies(/home/ljoy/Robomaster/PIONEER/new_rv/install/rm_serial_driver/share/colcon-core/packages/rm_serial_driver)
[1.026s] Level 1:colcon.colcon_core.environment:create_environment_scripts_only(rm_planner)
[1.027s] Level 1:colcon.colcon_core.environment:checking '/home/ljoy/Robomaster/PIONEER/new_rv/install/rm_planner' for CMake module files
[1.027s] DEBUG:colcon.colcon_core.event_handler.log_command:Invoked command in '/home/ljoy/Robomaster/PIONEER/new_rv/build/rm_planner' returned '0': CMAKE_PREFIX_PATH=/home/ljoy/Robomaster/PIONEER/new_rv/install/rm_tools:/home/ljoy/Robomaster/PIONEER/new_rv/install/auto_aim_interfaces:/home/ljoy/Robomaster/PIONEER/new_rv/install/rm_vision_bringup:/home/ljoy/Robomaster/PIONEER/new_rv/install/rm_planner:/home/ljoy/Robomaster/PIONEER/new_rv/install/armor_tracker:/home/ljoy/Robomaster/PIONEER/new_rv/install/armor_detector:/home/ljoy/Robomaster/PIONEER/new_rv/install/rm_serial_driver:/home/ljoy/Robomaster/PIONEER/new_rv/install/rm_gimbal_description:/home/ljoy/Robomaster/PIONEER/new_rv/install/hik_camera:/opt/ros/humble LD_LIBRARY_PATH=/home/ljoy/Robomaster/PIONEER/new_rv/install/rm_tools/lib:/home/ljoy/Robomaster/PIONEER/new_rv/install/auto_aim_interfaces/lib:/home/ljoy/Robomaster/PIONEER/new_rv/install/rm_planner/lib:/home/ljoy/Robomaster/PIONEER/new_rv/install/armor_tracker/lib:/home/ljoy/Robomaster/PIONEER/new_rv/install/armor_detector/lib:/home/ljoy/Robomaster/PIONEER/new_rv/install/rm_serial_driver/lib:/home/ljoy/Robomaster/PIONEER/new_rv/install/hik_camera/lib:/opt/ros/humble/opt/rviz_ogre_vendor/lib:/opt/ros/humble/lib/x86_64-linux-gnu:/opt/ros/humble/lib:/opt/MVS/lib/64:/opt/MVS/lib/32:/opt/MVS/lib/64:/opt/MVS/lib/64 /usr/bin/cmake --install /home/ljoy/Robomaster/PIONEER/new_rv/build/rm_planner
[1.027s] Level 1:colcon.colcon_core.environment:checking '/home/ljoy/Robomaster/PIONEER/new_rv/install/rm_planner' for CMake config files
[1.027s] Level 1:colcon.colcon_core.shell:create_environment_hook('rm_planner', 'cmake_prefix_path')
[1.027s] INFO:colcon.colcon_core.shell:Creating environment hook '/home/ljoy/Robomaster/PIONEER/new_rv/install/rm_planner/share/rm_planner/hook/cmake_prefix_path.ps1'
[1.027s] INFO:colcon.colcon_core.shell:Creating environment descriptor '/home/ljoy/Robomaster/PIONEER/new_rv/install/rm_planner/share/rm_planner/hook/cmake_prefix_path.dsv'
[1.028s] INFO:colcon.colcon_core.shell:Creating environment hook '/home/ljoy/Robomaster/PIONEER/new_rv/install/rm_planner/share/rm_planner/hook/cmake_prefix_path.sh'
[1.028s] Level 1:colcon.colcon_core.environment:checking '/home/ljoy/Robomaster/PIONEER/new_rv/install/rm_planner/lib'
[1.028s] Level 1:colcon.colcon_core.shell:create_environment_hook('rm_planner', 'ld_library_path_lib')
[1.028s] INFO:colcon.colcon_core.shell:Creating environment hook '/home/ljoy/Robomaster/PIONEER/new_rv/install/rm_planner/share/rm_planner/hook/ld_library_path_lib.ps1'
[1.028s] INFO:colcon.colcon_core.shell:Creating environment descriptor '/home/ljoy/Robomaster/PIONEER/new_rv/install/rm_planner/share/rm_planner/hook/ld_library_path_lib.dsv'
[1.028s] INFO:colcon.colcon_core.shell:Creating environment hook '/home/ljoy/Robomaster/PIONEER/new_rv/install/rm_planner/share/rm_planner/hook/ld_library_path_lib.sh'
[1.029s] Level 1:colcon.colcon_core.environment:checking '/home/ljoy/Robomaster/PIONEER/new_rv/install/rm_planner/bin'
[1.029s] Level 1:colcon.colcon_core.environment:checking '/home/ljoy/Robomaster/PIONEER/new_rv/install/rm_planner/lib/pkgconfig/rm_planner.pc'
[1.029s] Level 1:colcon.colcon_core.environment:checking '/home/ljoy/Robomaster/PIONEER/new_rv/install/rm_planner/lib/python3.10/site-packages'
[1.029s] Level 1:colcon.colcon_core.environment:checking '/home/ljoy/Robomaster/PIONEER/new_rv/install/rm_planner/bin'
[1.029s] INFO:colcon.colcon_core.shell:Creating package script '/home/ljoy/Robomaster/PIONEER/new_rv/install/rm_planner/share/rm_planner/package.ps1'
[1.029s] INFO:colcon.colcon_core.shell:Creating package descriptor '/home/ljoy/Robomaster/PIONEER/new_rv/install/rm_planner/share/rm_planner/package.dsv'
[1.029s] INFO:colcon.colcon_core.shell:Creating package script '/home/ljoy/Robomaster/PIONEER/new_rv/install/rm_planner/share/rm_planner/package.sh'
[1.030s] INFO:colcon.colcon_core.shell:Creating package script '/home/ljoy/Robomaster/PIONEER/new_rv/install/rm_planner/share/rm_planner/package.bash'
[1.030s] INFO:colcon.colcon_core.shell:Creating package script '/home/ljoy/Robomaster/PIONEER/new_rv/install/rm_planner/share/rm_planner/package.zsh'
[1.030s] Level 1:colcon.colcon_core.environment:create_file_with_runtime_dependencies(/home/ljoy/Robomaster/PIONEER/new_rv/install/rm_planner/share/colcon-core/packages/rm_planner)
[1.042s] Level 1:colcon.colcon_core.environment:create_environment_scripts_only(armor_tracker)
[1.042s] Level 1:colcon.colcon_core.environment:checking '/home/ljoy/Robomaster/PIONEER/new_rv/install/armor_tracker' for CMake module files
[1.043s] Level 1:colcon.colcon_core.environment:checking '/home/ljoy/Robomaster/PIONEER/new_rv/install/armor_tracker' for CMake config files
[1.043s] Level 1:colcon.colcon_core.shell:create_environment_hook('armor_tracker', 'cmake_prefix_path')
[1.043s] INFO:colcon.colcon_core.shell:Creating environment hook '/home/ljoy/Robomaster/PIONEER/new_rv/install/armor_tracker/share/armor_tracker/hook/cmake_prefix_path.ps1'
[1.043s] INFO:colcon.colcon_core.shell:Creating environment descriptor '/home/ljoy/Robomaster/PIONEER/new_rv/install/armor_tracker/share/armor_tracker/hook/cmake_prefix_path.dsv'
[1.043s] INFO:colcon.colcon_core.shell:Creating environment hook '/home/ljoy/Robomaster/PIONEER/new_rv/install/armor_tracker/share/armor_tracker/hook/cmake_prefix_path.sh'
[1.043s] Level 1:colcon.colcon_core.environment:checking '/home/ljoy/Robomaster/PIONEER/new_rv/install/armor_tracker/lib'
[1.043s] Level 1:colcon.colcon_core.shell:create_environment_hook('armor_tracker', 'ld_library_path_lib')
[1.043s] INFO:colcon.colcon_core.shell:Creating environment hook '/home/ljoy/Robomaster/PIONEER/new_rv/install/armor_tracker/share/armor_tracker/hook/ld_library_path_lib.ps1'
[1.044s] INFO:colcon.colcon_core.shell:Creating environment descriptor '/home/ljoy/Robomaster/PIONEER/new_rv/install/armor_tracker/share/armor_tracker/hook/ld_library_path_lib.dsv'
[1.044s] INFO:colcon.colcon_core.shell:Creating environment hook '/home/ljoy/Robomaster/PIONEER/new_rv/install/armor_tracker/share/armor_tracker/hook/ld_library_path_lib.sh'
[1.044s] Level 1:colcon.colcon_core.environment:checking '/home/ljoy/Robomaster/PIONEER/new_rv/install/armor_tracker/bin'
[1.044s] Level 1:colcon.colcon_core.environment:checking '/home/ljoy/Robomaster/PIONEER/new_rv/install/armor_tracker/lib/pkgconfig/armor_tracker.pc'
[1.044s] Level 1:colcon.colcon_core.environment:checking '/home/ljoy/Robomaster/PIONEER/new_rv/install/armor_tracker/lib/python3.10/site-packages'
[1.044s] Level 1:colcon.colcon_core.environment:checking '/home/ljoy/Robomaster/PIONEER/new_rv/install/armor_tracker/bin'
[1.044s] INFO:colcon.colcon_core.shell:Creating package script '/home/ljoy/Robomaster/PIONEER/new_rv/install/armor_tracker/share/armor_tracker/package.ps1'
[1.045s] INFO:colcon.colcon_core.shell:Creating package descriptor '/home/ljoy/Robomaster/PIONEER/new_rv/install/armor_tracker/share/armor_tracker/package.dsv'
[1.045s] INFO:colcon.colcon_core.shell:Creating package script '/home/ljoy/Robomaster/PIONEER/new_rv/install/armor_tracker/share/armor_tracker/package.sh'
[1.045s] INFO:colcon.colcon_core.shell:Creating package script '/home/ljoy/Robomaster/PIONEER/new_rv/install/armor_tracker/share/armor_tracker/package.bash'
[1.045s] INFO:colcon.colcon_core.shell:Creating package script '/home/ljoy/Robomaster/PIONEER/new_rv/install/armor_tracker/share/armor_tracker/package.zsh'
[1.045s] Level 1:colcon.colcon_core.environment:create_file_with_runtime_dependencies(/home/ljoy/Robomaster/PIONEER/new_rv/install/armor_tracker/share/colcon-core/packages/armor_tracker)
[1.051s] Level 1:colcon.colcon_core.environment:create_environment_scripts_only(rm_serial_driver)
[1.052s] Level 1:colcon.colcon_core.environment:checking '/home/ljoy/Robomaster/PIONEER/new_rv/install/rm_serial_driver' for CMake module files
[1.052s] Level 1:colcon.colcon_core.environment:checking '/home/ljoy/Robomaster/PIONEER/new_rv/install/rm_serial_driver' for CMake config files
[1.052s] Level 1:colcon.colcon_core.shell:create_environment_hook('rm_serial_driver', 'cmake_prefix_path')
[1.052s] INFO:colcon.colcon_core.shell:Creating environment hook '/home/ljoy/Robomaster/PIONEER/new_rv/install/rm_serial_driver/share/rm_serial_driver/hook/cmake_prefix_path.ps1'
[1.052s] INFO:colcon.colcon_core.shell:Creating environment descriptor '/home/ljoy/Robomaster/PIONEER/new_rv/install/rm_serial_driver/share/rm_serial_driver/hook/cmake_prefix_path.dsv'
[1.052s] INFO:colcon.colcon_core.shell:Creating environment hook '/home/ljoy/Robomaster/PIONEER/new_rv/install/rm_serial_driver/share/rm_serial_driver/hook/cmake_prefix_path.sh'
[1.053s] Level 1:colcon.colcon_core.environment:checking '/home/ljoy/Robomaster/PIONEER/new_rv/install/rm_serial_driver/lib'
[1.053s] Level 1:colcon.colcon_core.shell:create_environment_hook('rm_serial_driver', 'ld_library_path_lib')
[1.053s] INFO:colcon.colcon_core.shell:Creating environment hook '/home/ljoy/Robomaster/PIONEER/new_rv/install/rm_serial_driver/share/rm_serial_driver/hook/ld_library_path_lib.ps1'
[1.053s] INFO:colcon.colcon_core.shell:Creating environment descriptor '/home/ljoy/Robomaster/PIONEER/new_rv/install/rm_serial_driver/share/rm_serial_driver/hook/ld_library_path_lib.dsv'
[1.053s] INFO:colcon.colcon_core.shell:Creating environment hook '/home/ljoy/Robomaster/PIONEER/new_rv/install/rm_serial_driver/share/rm_serial_driver/hook/ld_library_path_lib.sh'
[1.053s] Level 1:colcon.colcon_core.environment:checking '/home/ljoy/Robomaster/PIONEER/new_rv/install/rm_serial_driver/bin'
[1.053s] Level 1:colcon.colcon_core.environment:checking '/home/ljoy/Robomaster/PIONEER/new_rv/install/rm_serial_driver/lib/pkgconfig/rm_serial_driver.pc'
[1.053s] Level 1:colcon.colcon_core.environment:checking '/home/ljoy/Robomaster/PIONEER/new_rv/install/rm_serial_driver/lib/python3.10/site-packages'
[1.053s] Level 1:colcon.colcon_core.environment:checking '/home/ljoy/Robomaster/PIONEER/new_rv/install/rm_serial_driver/bin'
[1.054s] INFO:colcon.colcon_core.shell:Creating package script '/home/ljoy/Robomaster/PIONEER/new_rv/install/rm_serial_driver/share/rm_serial_driver/package.ps1'
[1.054s] INFO:colcon.colcon_core.shell:Creating package descriptor '/home/ljoy/Robomaster/PIONEER/new_rv/install/rm_serial_driver/share/rm_serial_driver/package.dsv'
[1.054s] INFO:colcon.colcon_core.shell:Creating package script '/home/ljoy/Robomaster/PIONEER/new_rv/install/rm_serial_driver/share/rm_serial_driver/package.sh'
[1.054s] INFO:colcon.colcon_core.shell:Creating package script '/home/ljoy/Robomaster/PIONEER/new_rv/install/rm_serial_driver/share/rm_serial_driver/package.bash'
[1.054s] INFO:colcon.colcon_core.shell:Creating package script '/home/ljoy/Robomaster/PIONEER/new_rv/install/rm_serial_driver/share/rm_serial_driver/package.zsh'
[1.054s] Level 1:colcon.colcon_core.environment:create_file_with_runtime_dependencies(/home/ljoy/Robomaster/PIONEER/new_rv/install/rm_serial_driver/share/colcon-core/packages/rm_serial_driver)
[1.055s] INFO:colcon.colcon_ros.task.ament_cmake.build:Building ROS package in '/home/ljoy/Robomaster/PIONEER/new_rv/rm_vision/rm_vision_bringup' with build type 'ament_cmake'
[1.055s] INFO:colcon.colcon_cmake.task.cmake.build:Building CMake package in '/home/ljoy/Robomaster/PIONEER/new_rv/rm_vision/rm_vision_bringup'
[1.055s] INFO:colcon.colcon_core.shell:Skip shell extension 'powershell' for command environment: Not usable outside of PowerShell
[1.055s] DEBUG:colcon.colcon_core.shell:Skip shell extension 'dsv' for command environment
[1.057s] Level 1:colcon.colcon_core.environment:create_environment_scripts_only(rm_planner)
[1.057s] Level 1:colcon.colcon_core.environment:checking '/home/ljoy/Robomaster/PIONEER/new_rv/install/rm_planner' for CMake module files
[1.057s] Level 1:colcon.colcon_core.environment:checking '/home/ljoy/Robomaster/PIONEER/new_rv/install/rm_planner' for CMake config files
[1.058s] Level 1:colcon.colcon_core.shell:create_environment_hook('rm_planner', 'cmake_prefix_path')
[1.058s] INFO:colcon.colcon_core.shell:Creating environment hook '/home/ljoy/Robomaster/PIONEER/new_rv/install/rm_planner/share/rm_planner/hook/cmake_prefix_path.ps1'
[1.058s] INFO:colcon.colcon_core.shell:Creating environment descriptor '/home/ljoy/Robomaster/PIONEER/new_rv/install/rm_planner/share/rm_planner/hook/cmake_prefix_path.dsv'
[1.058s] INFO:colcon.colcon_core.shell:Creating environment hook '/home/ljoy/Robomaster/PIONEER/new_rv/install/rm_planner/share/rm_planner/hook/cmake_prefix_path.sh'
[1.058s] Level 1:colcon.colcon_core.environment:checking '/home/ljoy/Robomaster/PIONEER/new_rv/install/rm_planner/lib'
[1.058s] Level 1:colcon.colcon_core.shell:create_environment_hook('rm_planner', 'ld_library_path_lib')
[1.058s] INFO:colcon.colcon_core.shell:Creating environment hook '/home/ljoy/Robomaster/PIONEER/new_rv/install/rm_planner/share/rm_planner/hook/ld_library_path_lib.ps1'
[1.059s] INFO:colcon.colcon_core.shell:Creating environment descriptor '/home/ljoy/Robomaster/PIONEER/new_rv/install/rm_planner/share/rm_planner/hook/ld_library_path_lib.dsv'
[1.059s] INFO:colcon.colcon_core.shell:Creating environment hook '/home/ljoy/Robomaster/PIONEER/new_rv/install/rm_planner/share/rm_planner/hook/ld_library_path_lib.sh'
[1.059s] Level 1:colcon.colcon_core.environment:checking '/home/ljoy/Robomaster/PIONEER/new_rv/install/rm_planner/bin'
[1.059s] Level 1:colcon.colcon_core.environment:checking '/home/ljoy/Robomaster/PIONEER/new_rv/install/rm_planner/lib/pkgconfig/rm_planner.pc'
[1.059s] Level 1:colcon.colcon_core.environment:checking '/home/ljoy/Robomaster/PIONEER/new_rv/install/rm_planner/lib/python3.10/site-packages'
[1.059s] Level 1:colcon.colcon_core.environment:checking '/home/ljoy/Robomaster/PIONEER/new_rv/install/rm_planner/bin'
[1.059s] INFO:colcon.colcon_core.shell:Creating package script '/home/ljoy/Robomaster/PIONEER/new_rv/install/rm_planner/share/rm_planner/package.ps1'
[1.059s] INFO:colcon.colcon_core.shell:Creating package descriptor '/home/ljoy/Robomaster/PIONEER/new_rv/install/rm_planner/share/rm_planner/package.dsv'
[1.060s] INFO:colcon.colcon_core.shell:Creating package script '/home/ljoy/Robomaster/PIONEER/new_rv/install/rm_planner/share/rm_planner/package.sh'
[1.060s] INFO:colcon.colcon_core.shell:Creating package script '/home/ljoy/Robomaster/PIONEER/new_rv/install/rm_planner/share/rm_planner/package.bash'
[1.060s] INFO:colcon.colcon_core.shell:Creating package script '/home/ljoy/Robomaster/PIONEER/new_rv/install/rm_planner/share/rm_planner/package.zsh'
[1.060s] Level 1:colcon.colcon_core.environment:create_file_with_runtime_dependencies(/home/ljoy/Robomaster/PIONEER/new_rv/install/rm_planner/share/colcon-core/packages/rm_planner)
[1.063s] DEBUG:colcon.colcon_core.event_handler.log_command:Invoking command in '/home/ljoy/Robomaster/PIONEER/new_rv/build/rm_vision_bringup': CMAKE_PREFIX_PATH=/home/ljoy/Robomaster/PIONEER/new_rv/install/rm_serial_driver:/home/ljoy/Robomaster/PIONEER/new_rv/install/auto_aim_interfaces:/home/ljoy/Robomaster/PIONEER/new_rv/install/rm_vision_bringup:/home/ljoy/Robomaster/PIONEER/new_rv/install/rm_planner:/home/ljoy/Robomaster/PIONEER/new_rv/install/armor_tracker:/home/ljoy/Robomaster/PIONEER/new_rv/install/armor_detector:/home/ljoy/Robomaster/PIONEER/new_rv/install/rm_tools:/home/ljoy/Robomaster/PIONEER/new_rv/install/rm_gimbal_description:/home/ljoy/Robomaster/PIONEER/new_rv/install/hik_camera:/opt/ros/humble LD_LIBRARY_PATH=/home/ljoy/Robomaster/PIONEER/new_rv/install/rm_serial_driver/lib:/home/ljoy/Robomaster/PIONEER/new_rv/install/auto_aim_interfaces/lib:/home/ljoy/Robomaster/PIONEER/new_rv/install/rm_planner/lib:/home/ljoy/Robomaster/PIONEER/new_rv/install/armor_tracker/lib:/home/ljoy/Robomaster/PIONEER/new_rv/install/armor_detector/lib:/home/ljoy/Robomaster/PIONEER/new_rv/install/rm_tools/lib:/home/ljoy/Robomaster/PIONEER/new_rv/install/hik_camera/lib:/opt/ros/humble/opt/rviz_ogre_vendor/lib:/opt/ros/humble/lib/x86_64-linux-gnu:/opt/ros/humble/lib:/opt/MVS/lib/64:/opt/MVS/lib/32:/opt/MVS/lib/64:/opt/MVS/lib/64 /usr/bin/cmake --build /home/ljoy/Robomaster/PIONEER/new_rv/build/rm_vision_bringup -- -j32 -l32
[1.071s] DEBUG:colcon.colcon_core.event_handler.log_command:Invoked command in '/home/ljoy/Robomaster/PIONEER/new_rv/build/rm_vision_bringup' returned '0': CMAKE_PREFIX_PATH=/home/ljoy/Robomaster/PIONEER/new_rv/install/rm_serial_driver:/home/ljoy/Robomaster/PIONEER/new_rv/install/auto_aim_interfaces:/home/ljoy/Robomaster/PIONEER/new_rv/install/rm_vision_bringup:/home/ljoy/Robomaster/PIONEER/new_rv/install/rm_planner:/home/ljoy/Robomaster/PIONEER/new_rv/install/armor_tracker:/home/ljoy/Robomaster/PIONEER/new_rv/install/armor_detector:/home/ljoy/Robomaster/PIONEER/new_rv/install/rm_tools:/home/ljoy/Robomaster/PIONEER/new_rv/install/rm_gimbal_description:/home/ljoy/Robomaster/PIONEER/new_rv/install/hik_camera:/opt/ros/humble LD_LIBRARY_PATH=/home/ljoy/Robomaster/PIONEER/new_rv/install/rm_serial_driver/lib:/home/ljoy/Robomaster/PIONEER/new_rv/install/auto_aim_interfaces/lib:/home/ljoy/Robomaster/PIONEER/new_rv/install/rm_planner/lib:/home/ljoy/Robomaster/PIONEER/new_rv/install/armor_tracker/lib:/home/ljoy/Robomaster/PIONEER/new_rv/install/armor_detector/lib:/home/ljoy/Robomaster/PIONEER/new_rv/install/rm_tools/lib:/home/ljoy/Robomaster/PIONEER/new_rv/install/hik_camera/lib:/opt/ros/humble/opt/rviz_ogre_vendor/lib:/opt/ros/humble/lib/x86_64-linux-gnu:/opt/ros/humble/lib:/opt/MVS/lib/64:/opt/MVS/lib/32:/opt/MVS/lib/64:/opt/MVS/lib/64 /usr/bin/cmake --build /home/ljoy/Robomaster/PIONEER/new_rv/build/rm_vision_bringup -- -j32 -l32
[1.083s] DEBUG:colcon.colcon_core.event_handler.log_command:Invoking command in '/home/ljoy/Robomaster/PIONEER/new_rv/build/rm_vision_bringup': CMAKE_PREFIX_PATH=/home/ljoy/Robomaster/PIONEER/new_rv/install/rm_serial_driver:/home/ljoy/Robomaster/PIONEER/new_rv/install/auto_aim_interfaces:/home/ljoy/Robomaster/PIONEER/new_rv/install/rm_vision_bringup:/home/ljoy/Robomaster/PIONEER/new_rv/install/rm_planner:/home/ljoy/Robomaster/PIONEER/new_rv/install/armor_tracker:/home/ljoy/Robomaster/PIONEER/new_rv/install/armor_detector:/home/ljoy/Robomaster/PIONEER/new_rv/install/rm_tools:/home/ljoy/Robomaster/PIONEER/new_rv/install/rm_gimbal_description:/home/ljoy/Robomaster/PIONEER/new_rv/install/hik_camera:/opt/ros/humble LD_LIBRARY_PATH=/home/ljoy/Robomaster/PIONEER/new_rv/install/rm_serial_driver/lib:/home/ljoy/Robomaster/PIONEER/new_rv/install/auto_aim_interfaces/lib:/home/ljoy/Robomaster/PIONEER/new_rv/install/rm_planner/lib:/home/ljoy/Robomaster/PIONEER/new_rv/install/armor_tracker/lib:/home/ljoy/Robomaster/PIONEER/new_rv/install/armor_detector/lib:/home/ljoy/Robomaster/PIONEER/new_rv/install/rm_tools/lib:/home/ljoy/Robomaster/PIONEER/new_rv/install/hik_camera/lib:/opt/ros/humble/opt/rviz_ogre_vendor/lib:/opt/ros/humble/lib/x86_64-linux-gnu:/opt/ros/humble/lib:/opt/MVS/lib/64:/opt/MVS/lib/32:/opt/MVS/lib/64:/opt/MVS/lib/64 /usr/bin/cmake --install /home/ljoy/Robomaster/PIONEER/new_rv/build/rm_vision_bringup
[1.085s] Level 1:colcon.colcon_core.environment:create_environment_scripts_only(rm_vision_bringup)
[1.085s] Level 1:colcon.colcon_core.environment:checking '/home/ljoy/Robomaster/PIONEER/new_rv/install/rm_vision_bringup' for CMake module files
[1.085s] DEBUG:colcon.colcon_core.event_handler.log_command:Invoked command in '/home/ljoy/Robomaster/PIONEER/new_rv/build/rm_vision_bringup' returned '0': CMAKE_PREFIX_PATH=/home/ljoy/Robomaster/PIONEER/new_rv/install/rm_serial_driver:/home/ljoy/Robomaster/PIONEER/new_rv/install/auto_aim_interfaces:/home/ljoy/Robomaster/PIONEER/new_rv/install/rm_vision_bringup:/home/ljoy/Robomaster/PIONEER/new_rv/install/rm_planner:/home/ljoy/Robomaster/PIONEER/new_rv/install/armor_tracker:/home/ljoy/Robomaster/PIONEER/new_rv/install/armor_detector:/home/ljoy/Robomaster/PIONEER/new_rv/install/rm_tools:/home/ljoy/Robomaster/PIONEER/new_rv/install/rm_gimbal_description:/home/ljoy/Robomaster/PIONEER/new_rv/install/hik_camera:/opt/ros/humble LD_LIBRARY_PATH=/home/ljoy/Robomaster/PIONEER/new_rv/install/rm_serial_driver/lib:/home/ljoy/Robomaster/PIONEER/new_rv/install/auto_aim_interfaces/lib:/home/ljoy/Robomaster/PIONEER/new_rv/install/rm_planner/lib:/home/ljoy/Robomaster/PIONEER/new_rv/install/armor_tracker/lib:/home/ljoy/Robomaster/PIONEER/new_rv/install/armor_detector/lib:/home/ljoy/Robomaster/PIONEER/new_rv/install/rm_tools/lib:/home/ljoy/Robomaster/PIONEER/new_rv/install/hik_camera/lib:/opt/ros/humble/opt/rviz_ogre_vendor/lib:/opt/ros/humble/lib/x86_64-linux-gnu:/opt/ros/humble/lib:/opt/MVS/lib/64:/opt/MVS/lib/32:/opt/MVS/lib/64:/opt/MVS/lib/64 /usr/bin/cmake --install /home/ljoy/Robomaster/PIONEER/new_rv/build/rm_vision_bringup
[1.085s] Level 1:colcon.colcon_core.environment:checking '/home/ljoy/Robomaster/PIONEER/new_rv/install/rm_vision_bringup' for CMake config files
[1.086s] Level 1:colcon.colcon_core.shell:create_environment_hook('rm_vision_bringup', 'cmake_prefix_path')
[1.086s] INFO:colcon.colcon_core.shell:Creating environment hook '/home/ljoy/Robomaster/PIONEER/new_rv/install/rm_vision_bringup/share/rm_vision_bringup/hook/cmake_prefix_path.ps1'
[1.086s] INFO:colcon.colcon_core.shell:Creating environment descriptor '/home/ljoy/Robomaster/PIONEER/new_rv/install/rm_vision_bringup/share/rm_vision_bringup/hook/cmake_prefix_path.dsv'
[1.086s] INFO:colcon.colcon_core.shell:Creating environment hook '/home/ljoy/Robomaster/PIONEER/new_rv/install/rm_vision_bringup/share/rm_vision_bringup/hook/cmake_prefix_path.sh'
[1.086s] Level 1:colcon.colcon_core.environment:checking '/home/ljoy/Robomaster/PIONEER/new_rv/install/rm_vision_bringup/bin'
[1.086s] Level 1:colcon.colcon_core.environment:checking '/home/ljoy/Robomaster/PIONEER/new_rv/install/rm_vision_bringup/lib/pkgconfig/rm_vision_bringup.pc'
[1.086s] Level 1:colcon.colcon_core.environment:checking '/home/ljoy/Robomaster/PIONEER/new_rv/install/rm_vision_bringup/lib/python3.10/site-packages'
[1.086s] Level 1:colcon.colcon_core.environment:checking '/home/ljoy/Robomaster/PIONEER/new_rv/install/rm_vision_bringup/bin'
[1.087s] INFO:colcon.colcon_core.shell:Creating package script '/home/ljoy/Robomaster/PIONEER/new_rv/install/rm_vision_bringup/share/rm_vision_bringup/package.ps1'
[1.087s] INFO:colcon.colcon_core.shell:Creating package descriptor '/home/ljoy/Robomaster/PIONEER/new_rv/install/rm_vision_bringup/share/rm_vision_bringup/package.dsv'
[1.087s] INFO:colcon.colcon_core.shell:Creating package script '/home/ljoy/Robomaster/PIONEER/new_rv/install/rm_vision_bringup/share/rm_vision_bringup/package.sh'
[1.087s] INFO:colcon.colcon_core.shell:Creating package script '/home/ljoy/Robomaster/PIONEER/new_rv/install/rm_vision_bringup/share/rm_vision_bringup/package.bash'
[1.087s] INFO:colcon.colcon_core.shell:Creating package script '/home/ljoy/Robomaster/PIONEER/new_rv/install/rm_vision_bringup/share/rm_vision_bringup/package.zsh'
[1.087s] Level 1:colcon.colcon_core.environment:create_file_with_runtime_dependencies(/home/ljoy/Robomaster/PIONEER/new_rv/install/rm_vision_bringup/share/colcon-core/packages/rm_vision_bringup)
[1.099s] Level 1:colcon.colcon_core.environment:create_environment_scripts_only(rm_vision_bringup)
[1.099s] Level 1:colcon.colcon_core.environment:checking '/home/ljoy/Robomaster/PIONEER/new_rv/install/rm_vision_bringup' for CMake module files
[1.099s] Level 1:colcon.colcon_core.environment:checking '/home/ljoy/Robomaster/PIONEER/new_rv/install/rm_vision_bringup' for CMake config files
[1.099s] Level 1:colcon.colcon_core.shell:create_environment_hook('rm_vision_bringup', 'cmake_prefix_path')
[1.099s] INFO:colcon.colcon_core.shell:Creating environment hook '/home/ljoy/Robomaster/PIONEER/new_rv/install/rm_vision_bringup/share/rm_vision_bringup/hook/cmake_prefix_path.ps1'
[1.100s] INFO:colcon.colcon_core.shell:Creating environment descriptor '/home/ljoy/Robomaster/PIONEER/new_rv/install/rm_vision_bringup/share/rm_vision_bringup/hook/cmake_prefix_path.dsv'
[1.100s] INFO:colcon.colcon_core.shell:Creating environment hook '/home/ljoy/Robomaster/PIONEER/new_rv/install/rm_vision_bringup/share/rm_vision_bringup/hook/cmake_prefix_path.sh'
[1.100s] Level 1:colcon.colcon_core.environment:checking '/home/ljoy/Robomaster/PIONEER/new_rv/install/rm_vision_bringup/bin'
[1.100s] Level 1:colcon.colcon_core.environment:checking '/home/ljoy/Robomaster/PIONEER/new_rv/install/rm_vision_bringup/lib/pkgconfig/rm_vision_bringup.pc'
[1.100s] Level 1:colcon.colcon_core.environment:checking '/home/ljoy/Robomaster/PIONEER/new_rv/install/rm_vision_bringup/lib/python3.10/site-packages'
[1.100s] Level 1:colcon.colcon_core.environment:checking '/home/ljoy/Robomaster/PIONEER/new_rv/install/rm_vision_bringup/bin'
[1.100s] INFO:colcon.colcon_core.shell:Creating package script '/home/ljoy/Robomaster/PIONEER/new_rv/install/rm_vision_bringup/share/rm_vision_bringup/package.ps1'
[1.100s] INFO:colcon.colcon_core.shell:Creating package descriptor '/home/ljoy/Robomaster/PIONEER/new_rv/install/rm_vision_bringup/share/rm_vision_bringup/package.dsv'
[1.101s] INFO:colcon.colcon_core.shell:Creating package script '/home/ljoy/Robomaster/PIONEER/new_rv/install/rm_vision_bringup/share/rm_vision_bringup/package.sh'
[1.101s] INFO:colcon.colcon_core.shell:Creating package script '/home/ljoy/Robomaster/PIONEER/new_rv/install/rm_vision_bringup/share/rm_vision_bringup/package.bash'
[1.101s] INFO:colcon.colcon_core.shell:Creating package script '/home/ljoy/Robomaster/PIONEER/new_rv/install/rm_vision_bringup/share/rm_vision_bringup/package.zsh'
[1.101s] Level 1:colcon.colcon_core.environment:create_file_with_runtime_dependencies(/home/ljoy/Robomaster/PIONEER/new_rv/install/rm_vision_bringup/share/colcon-core/packages/rm_vision_bringup)
[18.235s] DEBUG:colcon.colcon_core.event_handler.log_command:Invoked command in '/home/ljoy/Robomaster/PIONEER/new_rv/build/armor_detector' returned '0': CMAKE_PREFIX_PATH=/home/ljoy/Robomaster/PIONEER/new_rv/install/rm_tools:/home/ljoy/Robomaster/PIONEER/new_rv/install/auto_aim_interfaces:/home/ljoy/Robomaster/PIONEER/new_rv/install/rm_vision_bringup:/home/ljoy/Robomaster/PIONEER/new_rv/install/rm_planner:/home/ljoy/Robomaster/PIONEER/new_rv/install/armor_tracker:/home/ljoy/Robomaster/PIONEER/new_rv/install/armor_detector:/home/ljoy/Robomaster/PIONEER/new_rv/install/rm_serial_driver:/home/ljoy/Robomaster/PIONEER/new_rv/install/rm_gimbal_description:/home/ljoy/Robomaster/PIONEER/new_rv/install/hik_camera:/opt/ros/humble LD_LIBRARY_PATH=/home/ljoy/Robomaster/PIONEER/new_rv/install/rm_tools/lib:/home/ljoy/Robomaster/PIONEER/new_rv/install/auto_aim_interfaces/lib:/home/ljoy/Robomaster/PIONEER/new_rv/install/rm_planner/lib:/home/ljoy/Robomaster/PIONEER/new_rv/install/armor_tracker/lib:/home/ljoy/Robomaster/PIONEER/new_rv/install/armor_detector/lib:/home/ljoy/Robomaster/PIONEER/new_rv/install/rm_serial_driver/lib:/home/ljoy/Robomaster/PIONEER/new_rv/install/hik_camera/lib:/opt/ros/humble/opt/rviz_ogre_vendor/lib:/opt/ros/humble/lib/x86_64-linux-gnu:/opt/ros/humble/lib:/opt/MVS/lib/64:/opt/MVS/lib/32:/opt/MVS/lib/64:/opt/MVS/lib/64 /usr/bin/cmake --build /home/ljoy/Robomaster/PIONEER/new_rv/build/armor_detector -- -j32 -l32
[18.262s] DEBUG:colcon.colcon_core.event_handler.log_command:Invoking command in '/home/ljoy/Robomaster/PIONEER/new_rv/build/armor_detector': CMAKE_PREFIX_PATH=/home/ljoy/Robomaster/PIONEER/new_rv/install/rm_tools:/home/ljoy/Robomaster/PIONEER/new_rv/install/auto_aim_interfaces:/home/ljoy/Robomaster/PIONEER/new_rv/install/rm_vision_bringup:/home/ljoy/Robomaster/PIONEER/new_rv/install/rm_planner:/home/ljoy/Robomaster/PIONEER/new_rv/install/armor_tracker:/home/ljoy/Robomaster/PIONEER/new_rv/install/armor_detector:/home/ljoy/Robomaster/PIONEER/new_rv/install/rm_serial_driver:/home/ljoy/Robomaster/PIONEER/new_rv/install/rm_gimbal_description:/home/ljoy/Robomaster/PIONEER/new_rv/install/hik_camera:/opt/ros/humble LD_LIBRARY_PATH=/home/ljoy/Robomaster/PIONEER/new_rv/install/rm_tools/lib:/home/ljoy/Robomaster/PIONEER/new_rv/install/auto_aim_interfaces/lib:/home/ljoy/Robomaster/PIONEER/new_rv/install/rm_planner/lib:/home/ljoy/Robomaster/PIONEER/new_rv/install/armor_tracker/lib:/home/ljoy/Robomaster/PIONEER/new_rv/install/armor_detector/lib:/home/ljoy/Robomaster/PIONEER/new_rv/install/rm_serial_driver/lib:/home/ljoy/Robomaster/PIONEER/new_rv/install/hik_camera/lib:/opt/ros/humble/opt/rviz_ogre_vendor/lib:/opt/ros/humble/lib/x86_64-linux-gnu:/opt/ros/humble/lib:/opt/MVS/lib/64:/opt/MVS/lib/32:/opt/MVS/lib/64:/opt/MVS/lib/64 /usr/bin/cmake --install /home/ljoy/Robomaster/PIONEER/new_rv/build/armor_detector
[18.295s] Level 1:colcon.colcon_core.environment:create_environment_scripts_only(armor_detector)
[18.296s] Level 1:colcon.colcon_core.environment:checking '/home/ljoy/Robomaster/PIONEER/new_rv/install/armor_detector' for CMake module files
[18.296s] DEBUG:colcon.colcon_core.event_handler.log_command:Invoked command in '/home/ljoy/Robomaster/PIONEER/new_rv/build/armor_detector' returned '0': CMAKE_PREFIX_PATH=/home/ljoy/Robomaster/PIONEER/new_rv/install/rm_tools:/home/ljoy/Robomaster/PIONEER/new_rv/install/auto_aim_interfaces:/home/ljoy/Robomaster/PIONEER/new_rv/install/rm_vision_bringup:/home/ljoy/Robomaster/PIONEER/new_rv/install/rm_planner:/home/ljoy/Robomaster/PIONEER/new_rv/install/armor_tracker:/home/ljoy/Robomaster/PIONEER/new_rv/install/armor_detector:/home/ljoy/Robomaster/PIONEER/new_rv/install/rm_serial_driver:/home/ljoy/Robomaster/PIONEER/new_rv/install/rm_gimbal_description:/home/ljoy/Robomaster/PIONEER/new_rv/install/hik_camera:/opt/ros/humble LD_LIBRARY_PATH=/home/ljoy/Robomaster/PIONEER/new_rv/install/rm_tools/lib:/home/ljoy/Robomaster/PIONEER/new_rv/install/auto_aim_interfaces/lib:/home/ljoy/Robomaster/PIONEER/new_rv/install/rm_planner/lib:/home/ljoy/Robomaster/PIONEER/new_rv/install/armor_tracker/lib:/home/ljoy/Robomaster/PIONEER/new_rv/install/armor_detector/lib:/home/ljoy/Robomaster/PIONEER/new_rv/install/rm_serial_driver/lib:/home/ljoy/Robomaster/PIONEER/new_rv/install/hik_camera/lib:/opt/ros/humble/opt/rviz_ogre_vendor/lib:/opt/ros/humble/lib/x86_64-linux-gnu:/opt/ros/humble/lib:/opt/MVS/lib/64:/opt/MVS/lib/32:/opt/MVS/lib/64:/opt/MVS/lib/64 /usr/bin/cmake --install /home/ljoy/Robomaster/PIONEER/new_rv/build/armor_detector
[18.296s] Level 1:colcon.colcon_core.environment:checking '/home/ljoy/Robomaster/PIONEER/new_rv/install/armor_detector' for CMake config files
[18.296s] Level 1:colcon.colcon_core.shell:create_environment_hook('armor_detector', 'cmake_prefix_path')
[18.296s] INFO:colcon.colcon_core.shell:Creating environment hook '/home/ljoy/Robomaster/PIONEER/new_rv/install/armor_detector/share/armor_detector/hook/cmake_prefix_path.ps1'
[18.297s] INFO:colcon.colcon_core.shell:Creating environment descriptor '/home/ljoy/Robomaster/PIONEER/new_rv/install/armor_detector/share/armor_detector/hook/cmake_prefix_path.dsv'
[18.297s] INFO:colcon.colcon_core.shell:Creating environment hook '/home/ljoy/Robomaster/PIONEER/new_rv/install/armor_detector/share/armor_detector/hook/cmake_prefix_path.sh'
[18.297s] Level 1:colcon.colcon_core.environment:checking '/home/ljoy/Robomaster/PIONEER/new_rv/install/armor_detector/lib'
[18.297s] Level 1:colcon.colcon_core.shell:create_environment_hook('armor_detector', 'ld_library_path_lib')
[18.297s] INFO:colcon.colcon_core.shell:Creating environment hook '/home/ljoy/Robomaster/PIONEER/new_rv/install/armor_detector/share/armor_detector/hook/ld_library_path_lib.ps1'
[18.297s] INFO:colcon.colcon_core.shell:Creating environment descriptor '/home/ljoy/Robomaster/PIONEER/new_rv/install/armor_detector/share/armor_detector/hook/ld_library_path_lib.dsv'
[18.297s] INFO:colcon.colcon_core.shell:Creating environment hook '/home/ljoy/Robomaster/PIONEER/new_rv/install/armor_detector/share/armor_detector/hook/ld_library_path_lib.sh'
[18.298s] Level 1:colcon.colcon_core.environment:checking '/home/ljoy/Robomaster/PIONEER/new_rv/install/armor_detector/bin'
[18.298s] Level 1:colcon.colcon_core.environment:checking '/home/ljoy/Robomaster/PIONEER/new_rv/install/armor_detector/lib/pkgconfig/armor_detector.pc'
[18.298s] Level 1:colcon.colcon_core.environment:checking '/home/ljoy/Robomaster/PIONEER/new_rv/install/armor_detector/lib/python3.10/site-packages'
[18.298s] Level 1:colcon.colcon_core.environment:checking '/home/ljoy/Robomaster/PIONEER/new_rv/install/armor_detector/bin'
[18.298s] INFO:colcon.colcon_core.shell:Creating package script '/home/ljoy/Robomaster/PIONEER/new_rv/install/armor_detector/share/armor_detector/package.ps1'
[18.298s] INFO:colcon.colcon_core.shell:Creating package descriptor '/home/ljoy/Robomaster/PIONEER/new_rv/install/armor_detector/share/armor_detector/package.dsv'
[18.298s] INFO:colcon.colcon_core.shell:Creating package script '/home/ljoy/Robomaster/PIONEER/new_rv/install/armor_detector/share/armor_detector/package.sh'
[18.299s] INFO:colcon.colcon_core.shell:Creating package script '/home/ljoy/Robomaster/PIONEER/new_rv/install/armor_detector/share/armor_detector/package.bash'
[18.299s] INFO:colcon.colcon_core.shell:Creating package script '/home/ljoy/Robomaster/PIONEER/new_rv/install/armor_detector/share/armor_detector/package.zsh'
[18.299s] Level 1:colcon.colcon_core.environment:create_file_with_runtime_dependencies(/home/ljoy/Robomaster/PIONEER/new_rv/install/armor_detector/share/colcon-core/packages/armor_detector)
[18.326s] Level 1:colcon.colcon_core.environment:create_environment_scripts_only(armor_detector)
[18.326s] Level 1:colcon.colcon_core.environment:checking '/home/ljoy/Robomaster/PIONEER/new_rv/install/armor_detector' for CMake module files
[18.326s] Level 1:colcon.colcon_core.environment:checking '/home/ljoy/Robomaster/PIONEER/new_rv/install/armor_detector' for CMake config files
[18.326s] Level 1:colcon.colcon_core.shell:create_environment_hook('armor_detector', 'cmake_prefix_path')
[18.327s] INFO:colcon.colcon_core.shell:Creating environment hook '/home/ljoy/Robomaster/PIONEER/new_rv/install/armor_detector/share/armor_detector/hook/cmake_prefix_path.ps1'
[18.327s] INFO:colcon.colcon_core.shell:Creating environment descriptor '/home/ljoy/Robomaster/PIONEER/new_rv/install/armor_detector/share/armor_detector/hook/cmake_prefix_path.dsv'
[18.327s] INFO:colcon.colcon_core.shell:Creating environment hook '/home/ljoy/Robomaster/PIONEER/new_rv/install/armor_detector/share/armor_detector/hook/cmake_prefix_path.sh'
[18.327s] Level 1:colcon.colcon_core.environment:checking '/home/ljoy/Robomaster/PIONEER/new_rv/install/armor_detector/lib'
[18.327s] Level 1:colcon.colcon_core.shell:create_environment_hook('armor_detector', 'ld_library_path_lib')
[18.327s] INFO:colcon.colcon_core.shell:Creating environment hook '/home/ljoy/Robomaster/PIONEER/new_rv/install/armor_detector/share/armor_detector/hook/ld_library_path_lib.ps1'
[18.327s] INFO:colcon.colcon_core.shell:Creating environment descriptor '/home/ljoy/Robomaster/PIONEER/new_rv/install/armor_detector/share/armor_detector/hook/ld_library_path_lib.dsv'
[18.327s] INFO:colcon.colcon_core.shell:Creating environment hook '/home/ljoy/Robomaster/PIONEER/new_rv/install/armor_detector/share/armor_detector/hook/ld_library_path_lib.sh'
[18.328s] Level 1:colcon.colcon_core.environment:checking '/home/ljoy/Robomaster/PIONEER/new_rv/install/armor_detector/bin'
[18.328s] Level 1:colcon.colcon_core.environment:checking '/home/ljoy/Robomaster/PIONEER/new_rv/install/armor_detector/lib/pkgconfig/armor_detector.pc'
[18.328s] Level 1:colcon.colcon_core.environment:checking '/home/ljoy/Robomaster/PIONEER/new_rv/install/armor_detector/lib/python3.10/site-packages'
[18.328s] Level 1:colcon.colcon_core.environment:checking '/home/ljoy/Robomaster/PIONEER/new_rv/install/armor_detector/bin'
[18.328s] INFO:colcon.colcon_core.shell:Creating package script '/home/ljoy/Robomaster/PIONEER/new_rv/install/armor_detector/share/armor_detector/package.ps1'
[18.328s] INFO:colcon.colcon_core.shell:Creating package descriptor '/home/ljoy/Robomaster/PIONEER/new_rv/install/armor_detector/share/armor_detector/package.dsv'
[18.328s] INFO:colcon.colcon_core.shell:Creating package script '/home/ljoy/Robomaster/PIONEER/new_rv/install/armor_detector/share/armor_detector/package.sh'
[18.329s] INFO:colcon.colcon_core.shell:Creating package script '/home/ljoy/Robomaster/PIONEER/new_rv/install/armor_detector/share/armor_detector/package.bash'
[18.329s] INFO:colcon.colcon_core.shell:Creating package script '/home/ljoy/Robomaster/PIONEER/new_rv/install/armor_detector/share/armor_detector/package.zsh'
[18.329s] Level 1:colcon.colcon_core.environment:create_file_with_runtime_dependencies(/home/ljoy/Robomaster/PIONEER/new_rv/install/armor_detector/share/colcon-core/packages/armor_detector)
[18.329s] DEBUG:colcon.colcon_parallel_executor.executor.parallel:closing loop
[18.329s] DEBUG:colcon.colcon_parallel_executor.executor.parallel:loop closed
[18.329s] DEBUG:colcon.colcon_parallel_executor.executor.parallel:run_until_complete finished with '0'
[18.329s] DEBUG:colcon.colcon_core.event_reactor:joining thread
[18.335s] INFO:colcon.colcon_core.plugin_system:Skipping extension 'colcon_notification.desktop_notification.terminal_notifier': Not used on non-Darwin systems
[18.335s] INFO:colcon.colcon_core.plugin_system:Skipping extension 'colcon_notification.desktop_notification.win32': Not used on non-Windows systems
[18.335s] INFO:colcon.colcon_notification.desktop_notification:Sending desktop notification using 'notify2'
[18.342s] DEBUG:colcon.colcon_core.event_reactor:joined thread
[18.342s] INFO:colcon.colcon_core.shell:Creating prefix script '/home/ljoy/Robomaster/PIONEER/new_rv/install/local_setup.ps1'
[18.342s] INFO:colcon.colcon_core.shell:Creating prefix util module '/home/ljoy/Robomaster/PIONEER/new_rv/install/_local_setup_util_ps1.py'
[18.343s] INFO:colcon.colcon_core.shell:Creating prefix chain script '/home/ljoy/Robomaster/PIONEER/new_rv/install/setup.ps1'
[18.343s] INFO:colcon.colcon_core.shell:Creating prefix script '/home/ljoy/Robomaster/PIONEER/new_rv/install/local_setup.sh'
[18.344s] INFO:colcon.colcon_core.shell:Creating prefix util module '/home/ljoy/Robomaster/PIONEER/new_rv/install/_local_setup_util_sh.py'
[18.344s] INFO:colcon.colcon_core.shell:Creating prefix chain script '/home/ljoy/Robomaster/PIONEER/new_rv/install/setup.sh'
[18.344s] INFO:colcon.colcon_core.shell:Creating prefix script '/home/ljoy/Robomaster/PIONEER/new_rv/install/local_setup.bash'
[18.344s] INFO:colcon.colcon_core.shell:Creating prefix chain script '/home/ljoy/Robomaster/PIONEER/new_rv/install/setup.bash'
[18.345s] INFO:colcon.colcon_core.shell:Creating prefix script '/home/ljoy/Robomaster/PIONEER/new_rv/install/local_setup.zsh'
[18.345s] INFO:colcon.colcon_core.shell:Creating prefix chain script '/home/ljoy/Robomaster/PIONEER/new_rv/install/setup.zsh'
