[0.067s] DEBUG:colcon:Command line arguments: ['/usr/bin/colcon', 'build']
[0.067s] DEBUG:colcon:Parsed command line arguments: Namespace(log_base=None, log_level=None, verb_name='build', build_base='build', install_base='install', merge_install=False, symlink_install=False, test_result_base=None, continue_on_error=False, executor='parallel', parallel_workers=32, event_handlers=None, ignore_user_meta=False, metas=['./colcon.meta'], base_paths=['.'], packages_ignore=None, packages_ignore_regex=None, paths=None, packages_up_to=None, packages_up_to_regex=None, packages_above=None, packages_above_and_dependencies=None, packages_above_depth=None, packages_select_by_dep=None, packages_skip_by_dep=None, packages_skip_up_to=None, packages_select_build_failed=False, packages_skip_build_finished=False, packages_select_test_failures=False, packages_skip_test_passed=False, packages_select=None, packages_skip=None, packages_select_regex=None, packages_skip_regex=None, packages_start=None, packages_end=None, allow_overriding=[], cmake_args=None, cmake_target=None, cmake_target_skip_unavailable=False, cmake_clean_cache=False, cmake_clean_first=False, cmake_force_configure=False, ament_cmake_args=None, catkin_cmake_args=None, catkin_skip_building_tests=False, verb_parser=<colcon_defaults.argument_parser.defaults.DefaultArgumentsDecorator object at 0x7aa9563521a0>, verb_extension=<colcon_core.verb.build.BuildVerb object at 0x7aa956456dd0>, main=<bound method BuildVerb.main of <colcon_core.verb.build.BuildVerb object at 0x7aa956456dd0>>)
[0.174s] Level 1:colcon.colcon_core.package_discovery:discover_packages(colcon_meta) check parameters
[0.174s] Level 1:colcon.colcon_core.package_discovery:discover_packages(recursive) check parameters
[0.174s] Level 1:colcon.colcon_core.package_discovery:discover_packages(ignore) check parameters
[0.174s] Level 1:colcon.colcon_core.package_discovery:discover_packages(path) check parameters
[0.174s] Level 1:colcon.colcon_core.package_discovery:discover_packages(colcon_meta) discover
[0.174s] Level 1:colcon.colcon_core.package_discovery:discover_packages(recursive) discover
[0.174s] INFO:colcon.colcon_core.package_discovery:Crawling recursively for packages in '/home/ljoy/Robomaster/PIONEER/new_rv'
[0.174s] Level 1:colcon.colcon_core.package_identification:_identify(.) by extensions ['ignore', 'ignore_ament_install']
[0.174s] Level 1:colcon.colcon_core.package_identification:_identify(.) by extension 'ignore'
[0.175s] Level 1:colcon.colcon_core.package_identification:_identify(.) by extension 'ignore_ament_install'
[0.175s] Level 1:colcon.colcon_core.package_identification:_identify(.) by extensions ['colcon_pkg']
[0.175s] Level 1:colcon.colcon_core.package_identification:_identify(.) by extension 'colcon_pkg'
[0.175s] Level 1:colcon.colcon_core.package_identification:_identify(.) by extensions ['colcon_meta']
[0.175s] Level 1:colcon.colcon_core.package_identification:_identify(.) by extension 'colcon_meta'
[0.175s] Level 1:colcon.colcon_core.package_identification:_identify(.) by extensions ['ros']
[0.175s] Level 1:colcon.colcon_core.package_identification:_identify(.) by extension 'ros'
[0.182s] Level 1:colcon.colcon_core.package_identification:_identify(.) by extensions ['cmake', 'python']
[0.182s] Level 1:colcon.colcon_core.package_identification:_identify(.) by extension 'cmake'
[0.182s] Level 1:colcon.colcon_core.package_identification:_identify(.) by extension 'python'
[0.182s] Level 1:colcon.colcon_core.package_identification:_identify(.) by extensions ['python_setup_py']
[0.182s] Level 1:colcon.colcon_core.package_identification:_identify(.) by extension 'python_setup_py'
[0.182s] Level 1:colcon.colcon_core.package_identification:_identify(auto_aim_interfaces) by extensions ['ignore', 'ignore_ament_install']
[0.182s] Level 1:colcon.colcon_core.package_identification:_identify(auto_aim_interfaces) by extension 'ignore'
[0.182s] Level 1:colcon.colcon_core.package_identification:_identify(auto_aim_interfaces) by extension 'ignore_ament_install'
[0.182s] Level 1:colcon.colcon_core.package_identification:_identify(auto_aim_interfaces) by extensions ['colcon_pkg']
[0.182s] Level 1:colcon.colcon_core.package_identification:_identify(auto_aim_interfaces) by extension 'colcon_pkg'
[0.182s] Level 1:colcon.colcon_core.package_identification:_identify(auto_aim_interfaces) by extensions ['colcon_meta']
[0.183s] Level 1:colcon.colcon_core.package_identification:_identify(auto_aim_interfaces) by extension 'colcon_meta'
[0.183s] Level 1:colcon.colcon_core.package_identification:_identify(auto_aim_interfaces) by extensions ['ros']
[0.183s] Level 1:colcon.colcon_core.package_identification:_identify(auto_aim_interfaces) by extension 'ros'
[0.184s] DEBUG:colcon.colcon_core.package_identification:Package 'auto_aim_interfaces' with type 'ros.ament_cmake' and name 'auto_aim_interfaces'
[0.184s] Level 1:colcon.colcon_core.package_identification:_identify(build) by extensions ['ignore', 'ignore_ament_install']
[0.184s] Level 1:colcon.colcon_core.package_identification:_identify(build) by extension 'ignore'
[0.184s] Level 1:colcon.colcon_core.package_identification:_identify(build) ignored
[0.184s] Level 1:colcon.colcon_core.package_identification:_identify(hik_camera) by extensions ['ignore', 'ignore_ament_install']
[0.184s] Level 1:colcon.colcon_core.package_identification:_identify(hik_camera) by extension 'ignore'
[0.184s] Level 1:colcon.colcon_core.package_identification:_identify(hik_camera) by extension 'ignore_ament_install'
[0.184s] Level 1:colcon.colcon_core.package_identification:_identify(hik_camera) by extensions ['colcon_pkg']
[0.184s] Level 1:colcon.colcon_core.package_identification:_identify(hik_camera) by extension 'colcon_pkg'
[0.185s] Level 1:colcon.colcon_core.package_identification:_identify(hik_camera) by extensions ['colcon_meta']
[0.185s] Level 1:colcon.colcon_core.package_identification:_identify(hik_camera) by extension 'colcon_meta'
[0.185s] Level 1:colcon.colcon_core.package_identification:_identify(hik_camera) by extensions ['ros']
[0.185s] Level 1:colcon.colcon_core.package_identification:_identify(hik_camera) by extension 'ros'
[0.185s] DEBUG:colcon.colcon_core.package_identification:Package 'hik_camera' with type 'ros.ament_cmake' and name 'hik_camera'
[0.185s] Level 1:colcon.colcon_core.package_identification:_identify(install) by extensions ['ignore', 'ignore_ament_install']
[0.185s] Level 1:colcon.colcon_core.package_identification:_identify(install) by extension 'ignore'
[0.185s] Level 1:colcon.colcon_core.package_identification:_identify(install) ignored
[0.185s] Level 1:colcon.colcon_core.package_identification:_identify(log) by extensions ['ignore', 'ignore_ament_install']
[0.185s] Level 1:colcon.colcon_core.package_identification:_identify(log) by extension 'ignore'
[0.185s] Level 1:colcon.colcon_core.package_identification:_identify(log) ignored
[0.186s] Level 1:colcon.colcon_core.package_identification:_identify(rm_auto_aim) by extensions ['ignore', 'ignore_ament_install']
[0.186s] Level 1:colcon.colcon_core.package_identification:_identify(rm_auto_aim) by extension 'ignore'
[0.186s] Level 1:colcon.colcon_core.package_identification:_identify(rm_auto_aim) by extension 'ignore_ament_install'
[0.186s] Level 1:colcon.colcon_core.package_identification:_identify(rm_auto_aim) by extensions ['colcon_pkg']
[0.186s] Level 1:colcon.colcon_core.package_identification:_identify(rm_auto_aim) by extension 'colcon_pkg'
[0.186s] Level 1:colcon.colcon_core.package_identification:_identify(rm_auto_aim) by extensions ['colcon_meta']
[0.186s] Level 1:colcon.colcon_core.package_identification:_identify(rm_auto_aim) by extension 'colcon_meta'
[0.186s] Level 1:colcon.colcon_core.package_identification:_identify(rm_auto_aim) by extensions ['ros']
[0.186s] Level 1:colcon.colcon_core.package_identification:_identify(rm_auto_aim) by extension 'ros'
[0.186s] Level 1:colcon.colcon_core.package_identification:_identify(rm_auto_aim) by extensions ['cmake', 'python']
[0.186s] Level 1:colcon.colcon_core.package_identification:_identify(rm_auto_aim) by extension 'cmake'
[0.186s] Level 1:colcon.colcon_core.package_identification:_identify(rm_auto_aim) by extension 'python'
[0.186s] Level 1:colcon.colcon_core.package_identification:_identify(rm_auto_aim) by extensions ['python_setup_py']
[0.186s] Level 1:colcon.colcon_core.package_identification:_identify(rm_auto_aim) by extension 'python_setup_py'
[0.186s] Level 1:colcon.colcon_core.package_identification:_identify(rm_auto_aim/armor_detector) by extensions ['ignore', 'ignore_ament_install']
[0.186s] Level 1:colcon.colcon_core.package_identification:_identify(rm_auto_aim/armor_detector) by extension 'ignore'
[0.186s] Level 1:colcon.colcon_core.package_identification:_identify(rm_auto_aim/armor_detector) by extension 'ignore_ament_install'
[0.186s] Level 1:colcon.colcon_core.package_identification:_identify(rm_auto_aim/armor_detector) by extensions ['colcon_pkg']
[0.186s] Level 1:colcon.colcon_core.package_identification:_identify(rm_auto_aim/armor_detector) by extension 'colcon_pkg'
[0.186s] Level 1:colcon.colcon_core.package_identification:_identify(rm_auto_aim/armor_detector) by extensions ['colcon_meta']
[0.186s] Level 1:colcon.colcon_core.package_identification:_identify(rm_auto_aim/armor_detector) by extension 'colcon_meta'
[0.186s] Level 1:colcon.colcon_core.package_identification:_identify(rm_auto_aim/armor_detector) by extensions ['ros']
[0.186s] Level 1:colcon.colcon_core.package_identification:_identify(rm_auto_aim/armor_detector) by extension 'ros'
[0.187s] DEBUG:colcon.colcon_core.package_identification:Package 'rm_auto_aim/armor_detector' with type 'ros.ament_cmake' and name 'armor_detector'
[0.187s] Level 1:colcon.colcon_core.package_identification:_identify(rm_auto_aim/armor_tracker) by extensions ['ignore', 'ignore_ament_install']
[0.187s] Level 1:colcon.colcon_core.package_identification:_identify(rm_auto_aim/armor_tracker) by extension 'ignore'
[0.187s] Level 1:colcon.colcon_core.package_identification:_identify(rm_auto_aim/armor_tracker) by extension 'ignore_ament_install'
[0.187s] Level 1:colcon.colcon_core.package_identification:_identify(rm_auto_aim/armor_tracker) by extensions ['colcon_pkg']
[0.187s] Level 1:colcon.colcon_core.package_identification:_identify(rm_auto_aim/armor_tracker) by extension 'colcon_pkg'
[0.187s] Level 1:colcon.colcon_core.package_identification:_identify(rm_auto_aim/armor_tracker) by extensions ['colcon_meta']
[0.187s] Level 1:colcon.colcon_core.package_identification:_identify(rm_auto_aim/armor_tracker) by extension 'colcon_meta'
[0.187s] Level 1:colcon.colcon_core.package_identification:_identify(rm_auto_aim/armor_tracker) by extensions ['ros']
[0.187s] Level 1:colcon.colcon_core.package_identification:_identify(rm_auto_aim/armor_tracker) by extension 'ros'
[0.188s] DEBUG:colcon.colcon_core.package_identification:Package 'rm_auto_aim/armor_tracker' with type 'ros.ament_cmake' and name 'armor_tracker'
[0.188s] Level 1:colcon.colcon_core.package_identification:_identify(rm_gimbal_description) by extensions ['ignore', 'ignore_ament_install']
[0.188s] Level 1:colcon.colcon_core.package_identification:_identify(rm_gimbal_description) by extension 'ignore'
[0.188s] Level 1:colcon.colcon_core.package_identification:_identify(rm_gimbal_description) by extension 'ignore_ament_install'
[0.188s] Level 1:colcon.colcon_core.package_identification:_identify(rm_gimbal_description) by extensions ['colcon_pkg']
[0.188s] Level 1:colcon.colcon_core.package_identification:_identify(rm_gimbal_description) by extension 'colcon_pkg'
[0.188s] Level 1:colcon.colcon_core.package_identification:_identify(rm_gimbal_description) by extensions ['colcon_meta']
[0.188s] Level 1:colcon.colcon_core.package_identification:_identify(rm_gimbal_description) by extension 'colcon_meta'
[0.189s] Level 1:colcon.colcon_core.package_identification:_identify(rm_gimbal_description) by extensions ['ros']
[0.189s] Level 1:colcon.colcon_core.package_identification:_identify(rm_gimbal_description) by extension 'ros'
[0.189s] DEBUG:colcon.colcon_core.package_identification:Package 'rm_gimbal_description' with type 'ros.ament_cmake' and name 'rm_gimbal_description'
[0.189s] Level 1:colcon.colcon_core.package_identification:_identify(rm_planner) by extensions ['ignore', 'ignore_ament_install']
[0.189s] Level 1:colcon.colcon_core.package_identification:_identify(rm_planner) by extension 'ignore'
[0.189s] Level 1:colcon.colcon_core.package_identification:_identify(rm_planner) by extension 'ignore_ament_install'
[0.189s] Level 1:colcon.colcon_core.package_identification:_identify(rm_planner) by extensions ['colcon_pkg']
[0.189s] Level 1:colcon.colcon_core.package_identification:_identify(rm_planner) by extension 'colcon_pkg'
[0.189s] Level 1:colcon.colcon_core.package_identification:_identify(rm_planner) by extensions ['colcon_meta']
[0.189s] Level 1:colcon.colcon_core.package_identification:_identify(rm_planner) by extension 'colcon_meta'
[0.189s] Level 1:colcon.colcon_core.package_identification:_identify(rm_planner) by extensions ['ros']
[0.189s] Level 1:colcon.colcon_core.package_identification:_identify(rm_planner) by extension 'ros'
[0.190s] DEBUG:colcon.colcon_core.package_identification:Package 'rm_planner' with type 'ros.ament_cmake' and name 'rm_planner'
[0.190s] Level 1:colcon.colcon_core.package_identification:_identify(rm_serial_driver) by extensions ['ignore', 'ignore_ament_install']
[0.190s] Level 1:colcon.colcon_core.package_identification:_identify(rm_serial_driver) by extension 'ignore'
[0.190s] Level 1:colcon.colcon_core.package_identification:_identify(rm_serial_driver) by extension 'ignore_ament_install'
[0.190s] Level 1:colcon.colcon_core.package_identification:_identify(rm_serial_driver) by extensions ['colcon_pkg']
[0.190s] Level 1:colcon.colcon_core.package_identification:_identify(rm_serial_driver) by extension 'colcon_pkg'
[0.190s] Level 1:colcon.colcon_core.package_identification:_identify(rm_serial_driver) by extensions ['colcon_meta']
[0.190s] Level 1:colcon.colcon_core.package_identification:_identify(rm_serial_driver) by extension 'colcon_meta'
[0.190s] Level 1:colcon.colcon_core.package_identification:_identify(rm_serial_driver) by extensions ['ros']
[0.190s] Level 1:colcon.colcon_core.package_identification:_identify(rm_serial_driver) by extension 'ros'
[0.191s] DEBUG:colcon.colcon_core.package_identification:Package 'rm_serial_driver' with type 'ros.ament_cmake' and name 'rm_serial_driver'
[0.191s] Level 1:colcon.colcon_core.package_identification:_identify(rm_tools) by extensions ['ignore', 'ignore_ament_install']
[0.191s] Level 1:colcon.colcon_core.package_identification:_identify(rm_tools) by extension 'ignore'
[0.191s] Level 1:colcon.colcon_core.package_identification:_identify(rm_tools) by extension 'ignore_ament_install'
[0.191s] Level 1:colcon.colcon_core.package_identification:_identify(rm_tools) by extensions ['colcon_pkg']
[0.191s] Level 1:colcon.colcon_core.package_identification:_identify(rm_tools) by extension 'colcon_pkg'
[0.191s] Level 1:colcon.colcon_core.package_identification:_identify(rm_tools) by extensions ['colcon_meta']
[0.191s] Level 1:colcon.colcon_core.package_identification:_identify(rm_tools) by extension 'colcon_meta'
[0.191s] Level 1:colcon.colcon_core.package_identification:_identify(rm_tools) by extensions ['ros']
[0.191s] Level 1:colcon.colcon_core.package_identification:_identify(rm_tools) by extension 'ros'
[0.192s] DEBUG:colcon.colcon_core.package_identification:Package 'rm_tools' with type 'ros.ament_cmake' and name 'rm_tools'
[0.192s] Level 1:colcon.colcon_core.package_identification:_identify(rm_vision) by extensions ['ignore', 'ignore_ament_install']
[0.192s] Level 1:colcon.colcon_core.package_identification:_identify(rm_vision) by extension 'ignore'
[0.192s] Level 1:colcon.colcon_core.package_identification:_identify(rm_vision) by extension 'ignore_ament_install'
[0.192s] Level 1:colcon.colcon_core.package_identification:_identify(rm_vision) by extensions ['colcon_pkg']
[0.192s] Level 1:colcon.colcon_core.package_identification:_identify(rm_vision) by extension 'colcon_pkg'
[0.192s] Level 1:colcon.colcon_core.package_identification:_identify(rm_vision) by extensions ['colcon_meta']
[0.192s] Level 1:colcon.colcon_core.package_identification:_identify(rm_vision) by extension 'colcon_meta'
[0.192s] Level 1:colcon.colcon_core.package_identification:_identify(rm_vision) by extensions ['ros']
[0.192s] Level 1:colcon.colcon_core.package_identification:_identify(rm_vision) by extension 'ros'
[0.192s] Level 1:colcon.colcon_core.package_identification:_identify(rm_vision) by extensions ['cmake', 'python']
[0.192s] Level 1:colcon.colcon_core.package_identification:_identify(rm_vision) by extension 'cmake'
[0.192s] Level 1:colcon.colcon_core.package_identification:_identify(rm_vision) by extension 'python'
[0.192s] Level 1:colcon.colcon_core.package_identification:_identify(rm_vision) by extensions ['python_setup_py']
[0.192s] Level 1:colcon.colcon_core.package_identification:_identify(rm_vision) by extension 'python_setup_py'
[0.192s] Level 1:colcon.colcon_core.package_identification:_identify(rm_vision/docs) by extensions ['ignore', 'ignore_ament_install']
[0.193s] Level 1:colcon.colcon_core.package_identification:_identify(rm_vision/docs) by extension 'ignore'
[0.193s] Level 1:colcon.colcon_core.package_identification:_identify(rm_vision/docs) by extension 'ignore_ament_install'
[0.193s] Level 1:colcon.colcon_core.package_identification:_identify(rm_vision/docs) by extensions ['colcon_pkg']
[0.193s] Level 1:colcon.colcon_core.package_identification:_identify(rm_vision/docs) by extension 'colcon_pkg'
[0.193s] Level 1:colcon.colcon_core.package_identification:_identify(rm_vision/docs) by extensions ['colcon_meta']
[0.193s] Level 1:colcon.colcon_core.package_identification:_identify(rm_vision/docs) by extension 'colcon_meta'
[0.193s] Level 1:colcon.colcon_core.package_identification:_identify(rm_vision/docs) by extensions ['ros']
[0.193s] Level 1:colcon.colcon_core.package_identification:_identify(rm_vision/docs) by extension 'ros'
[0.193s] Level 1:colcon.colcon_core.package_identification:_identify(rm_vision/docs) by extensions ['cmake', 'python']
[0.193s] Level 1:colcon.colcon_core.package_identification:_identify(rm_vision/docs) by extension 'cmake'
[0.193s] Level 1:colcon.colcon_core.package_identification:_identify(rm_vision/docs) by extension 'python'
[0.193s] Level 1:colcon.colcon_core.package_identification:_identify(rm_vision/docs) by extensions ['python_setup_py']
[0.193s] Level 1:colcon.colcon_core.package_identification:_identify(rm_vision/docs) by extension 'python_setup_py'
[0.193s] Level 1:colcon.colcon_core.package_identification:_identify(rm_vision/rm_vision_bringup) by extensions ['ignore', 'ignore_ament_install']
[0.193s] Level 1:colcon.colcon_core.package_identification:_identify(rm_vision/rm_vision_bringup) by extension 'ignore'
[0.193s] Level 1:colcon.colcon_core.package_identification:_identify(rm_vision/rm_vision_bringup) by extension 'ignore_ament_install'
[0.193s] Level 1:colcon.colcon_core.package_identification:_identify(rm_vision/rm_vision_bringup) by extensions ['colcon_pkg']
[0.193s] Level 1:colcon.colcon_core.package_identification:_identify(rm_vision/rm_vision_bringup) by extension 'colcon_pkg'
[0.193s] Level 1:colcon.colcon_core.package_identification:_identify(rm_vision/rm_vision_bringup) by extensions ['colcon_meta']
[0.193s] Level 1:colcon.colcon_core.package_identification:_identify(rm_vision/rm_vision_bringup) by extension 'colcon_meta'
[0.193s] Level 1:colcon.colcon_core.package_identification:_identify(rm_vision/rm_vision_bringup) by extensions ['ros']
[0.193s] Level 1:colcon.colcon_core.package_identification:_identify(rm_vision/rm_vision_bringup) by extension 'ros'
[0.193s] DEBUG:colcon.colcon_core.package_identification:Package 'rm_vision/rm_vision_bringup' with type 'ros.ament_cmake' and name 'rm_vision_bringup'
[0.194s] Level 1:colcon.colcon_core.package_discovery:discover_packages(recursive) using defaults
[0.194s] Level 1:colcon.colcon_core.package_discovery:discover_packages(ignore) discover
[0.194s] Level 1:colcon.colcon_core.package_discovery:discover_packages(ignore) using defaults
[0.194s] Level 1:colcon.colcon_core.package_discovery:discover_packages(path) discover
[0.194s] Level 1:colcon.colcon_core.package_discovery:discover_packages(path) using defaults
[0.212s] Level 1:colcon.colcon_core.package_discovery:discover_packages(prefix_path) check parameters
[0.212s] Level 1:colcon.colcon_core.package_discovery:discover_packages(prefix_path) discover
[0.214s] DEBUG:colcon.colcon_installed_package_information.package_discovery:Found 304 installed packages in /opt/ros/humble
[0.215s] Level 1:colcon.colcon_core.package_discovery:discover_packages(prefix_path) using defaults
[0.241s] Level 5:colcon.colcon_core.verb:set package 'auto_aim_interfaces' build argument 'cmake_args' from command line to 'None'
[0.241s] Level 5:colcon.colcon_core.verb:set package 'auto_aim_interfaces' build argument 'cmake_target' from command line to 'None'
[0.241s] Level 5:colcon.colcon_core.verb:set package 'auto_aim_interfaces' build argument 'cmake_target_skip_unavailable' from command line to 'False'
[0.241s] Level 5:colcon.colcon_core.verb:set package 'auto_aim_interfaces' build argument 'cmake_clean_cache' from command line to 'False'
[0.241s] Level 5:colcon.colcon_core.verb:set package 'auto_aim_interfaces' build argument 'cmake_clean_first' from command line to 'False'
[0.241s] Level 5:colcon.colcon_core.verb:set package 'auto_aim_interfaces' build argument 'cmake_force_configure' from command line to 'False'
[0.241s] Level 5:colcon.colcon_core.verb:set package 'auto_aim_interfaces' build argument 'ament_cmake_args' from command line to 'None'
[0.241s] Level 5:colcon.colcon_core.verb:set package 'auto_aim_interfaces' build argument 'catkin_cmake_args' from command line to 'None'
[0.241s] Level 5:colcon.colcon_core.verb:set package 'auto_aim_interfaces' build argument 'catkin_skip_building_tests' from command line to 'False'
[0.241s] DEBUG:colcon.colcon_core.verb:Building package 'auto_aim_interfaces' with the following arguments: {'ament_cmake_args': None, 'build_base': '/home/ljoy/Robomaster/PIONEER/new_rv/build/auto_aim_interfaces', 'catkin_cmake_args': None, 'catkin_skip_building_tests': False, 'cmake_args': None, 'cmake_clean_cache': False, 'cmake_clean_first': False, 'cmake_force_configure': False, 'cmake_target': None, 'cmake_target_skip_unavailable': False, 'install_base': '/home/ljoy/Robomaster/PIONEER/new_rv/install/auto_aim_interfaces', 'merge_install': False, 'path': '/home/ljoy/Robomaster/PIONEER/new_rv/auto_aim_interfaces', 'symlink_install': False, 'test_result_base': None}
[0.242s] Level 5:colcon.colcon_core.verb:set package 'hik_camera' build argument 'cmake_args' from command line to 'None'
[0.242s] Level 5:colcon.colcon_core.verb:set package 'hik_camera' build argument 'cmake_target' from command line to 'None'
[0.242s] Level 5:colcon.colcon_core.verb:set package 'hik_camera' build argument 'cmake_target_skip_unavailable' from command line to 'False'
[0.242s] Level 5:colcon.colcon_core.verb:set package 'hik_camera' build argument 'cmake_clean_cache' from command line to 'False'
[0.242s] Level 5:colcon.colcon_core.verb:set package 'hik_camera' build argument 'cmake_clean_first' from command line to 'False'
[0.242s] Level 5:colcon.colcon_core.verb:set package 'hik_camera' build argument 'cmake_force_configure' from command line to 'False'
[0.242s] Level 5:colcon.colcon_core.verb:set package 'hik_camera' build argument 'ament_cmake_args' from command line to 'None'
[0.242s] Level 5:colcon.colcon_core.verb:set package 'hik_camera' build argument 'catkin_cmake_args' from command line to 'None'
[0.242s] Level 5:colcon.colcon_core.verb:set package 'hik_camera' build argument 'catkin_skip_building_tests' from command line to 'False'
[0.242s] DEBUG:colcon.colcon_core.verb:Building package 'hik_camera' with the following arguments: {'ament_cmake_args': None, 'build_base': '/home/ljoy/Robomaster/PIONEER/new_rv/build/hik_camera', 'catkin_cmake_args': None, 'catkin_skip_building_tests': False, 'cmake_args': None, 'cmake_clean_cache': False, 'cmake_clean_first': False, 'cmake_force_configure': False, 'cmake_target': None, 'cmake_target_skip_unavailable': False, 'install_base': '/home/ljoy/Robomaster/PIONEER/new_rv/install/hik_camera', 'merge_install': False, 'path': '/home/ljoy/Robomaster/PIONEER/new_rv/hik_camera', 'symlink_install': False, 'test_result_base': None}
[0.242s] Level 5:colcon.colcon_core.verb:set package 'rm_gimbal_description' build argument 'cmake_args' from command line to 'None'
[0.242s] Level 5:colcon.colcon_core.verb:set package 'rm_gimbal_description' build argument 'cmake_target' from command line to 'None'
[0.242s] Level 5:colcon.colcon_core.verb:set package 'rm_gimbal_description' build argument 'cmake_target_skip_unavailable' from command line to 'False'
[0.242s] Level 5:colcon.colcon_core.verb:set package 'rm_gimbal_description' build argument 'cmake_clean_cache' from command line to 'False'
[0.242s] Level 5:colcon.colcon_core.verb:set package 'rm_gimbal_description' build argument 'cmake_clean_first' from command line to 'False'
[0.242s] Level 5:colcon.colcon_core.verb:set package 'rm_gimbal_description' build argument 'cmake_force_configure' from command line to 'False'
[0.242s] Level 5:colcon.colcon_core.verb:set package 'rm_gimbal_description' build argument 'ament_cmake_args' from command line to 'None'
[0.242s] Level 5:colcon.colcon_core.verb:set package 'rm_gimbal_description' build argument 'catkin_cmake_args' from command line to 'None'
[0.242s] Level 5:colcon.colcon_core.verb:set package 'rm_gimbal_description' build argument 'catkin_skip_building_tests' from command line to 'False'
[0.242s] DEBUG:colcon.colcon_core.verb:Building package 'rm_gimbal_description' with the following arguments: {'ament_cmake_args': None, 'build_base': '/home/ljoy/Robomaster/PIONEER/new_rv/build/rm_gimbal_description', 'catkin_cmake_args': None, 'catkin_skip_building_tests': False, 'cmake_args': None, 'cmake_clean_cache': False, 'cmake_clean_first': False, 'cmake_force_configure': False, 'cmake_target': None, 'cmake_target_skip_unavailable': False, 'install_base': '/home/ljoy/Robomaster/PIONEER/new_rv/install/rm_gimbal_description', 'merge_install': False, 'path': '/home/ljoy/Robomaster/PIONEER/new_rv/rm_gimbal_description', 'symlink_install': False, 'test_result_base': None}
[0.242s] Level 5:colcon.colcon_core.verb:set package 'rm_tools' build argument 'cmake_args' from command line to 'None'
[0.242s] Level 5:colcon.colcon_core.verb:set package 'rm_tools' build argument 'cmake_target' from command line to 'None'
[0.242s] Level 5:colcon.colcon_core.verb:set package 'rm_tools' build argument 'cmake_target_skip_unavailable' from command line to 'False'
[0.242s] Level 5:colcon.colcon_core.verb:set package 'rm_tools' build argument 'cmake_clean_cache' from command line to 'False'
[0.242s] Level 5:colcon.colcon_core.verb:set package 'rm_tools' build argument 'cmake_clean_first' from command line to 'False'
[0.242s] Level 5:colcon.colcon_core.verb:set package 'rm_tools' build argument 'cmake_force_configure' from command line to 'False'
[0.242s] Level 5:colcon.colcon_core.verb:set package 'rm_tools' build argument 'ament_cmake_args' from command line to 'None'
[0.242s] Level 5:colcon.colcon_core.verb:set package 'rm_tools' build argument 'catkin_cmake_args' from command line to 'None'
[0.242s] Level 5:colcon.colcon_core.verb:set package 'rm_tools' build argument 'catkin_skip_building_tests' from command line to 'False'
[0.242s] DEBUG:colcon.colcon_core.verb:Building package 'rm_tools' with the following arguments: {'ament_cmake_args': None, 'build_base': '/home/ljoy/Robomaster/PIONEER/new_rv/build/rm_tools', 'catkin_cmake_args': None, 'catkin_skip_building_tests': False, 'cmake_args': None, 'cmake_clean_cache': False, 'cmake_clean_first': False, 'cmake_force_configure': False, 'cmake_target': None, 'cmake_target_skip_unavailable': False, 'install_base': '/home/ljoy/Robomaster/PIONEER/new_rv/install/rm_tools', 'merge_install': False, 'path': '/home/ljoy/Robomaster/PIONEER/new_rv/rm_tools', 'symlink_install': False, 'test_result_base': None}
[0.243s] Level 5:colcon.colcon_core.verb:set package 'armor_detector' build argument 'cmake_args' from command line to 'None'
[0.243s] Level 5:colcon.colcon_core.verb:set package 'armor_detector' build argument 'cmake_target' from command line to 'None'
[0.243s] Level 5:colcon.colcon_core.verb:set package 'armor_detector' build argument 'cmake_target_skip_unavailable' from command line to 'False'
[0.243s] Level 5:colcon.colcon_core.verb:set package 'armor_detector' build argument 'cmake_clean_cache' from command line to 'False'
[0.243s] Level 5:colcon.colcon_core.verb:set package 'armor_detector' build argument 'cmake_clean_first' from command line to 'False'
[0.243s] Level 5:colcon.colcon_core.verb:set package 'armor_detector' build argument 'cmake_force_configure' from command line to 'False'
[0.243s] Level 5:colcon.colcon_core.verb:set package 'armor_detector' build argument 'ament_cmake_args' from command line to 'None'
[0.243s] Level 5:colcon.colcon_core.verb:set package 'armor_detector' build argument 'catkin_cmake_args' from command line to 'None'
[0.243s] Level 5:colcon.colcon_core.verb:set package 'armor_detector' build argument 'catkin_skip_building_tests' from command line to 'False'
[0.243s] DEBUG:colcon.colcon_core.verb:Building package 'armor_detector' with the following arguments: {'ament_cmake_args': None, 'build_base': '/home/ljoy/Robomaster/PIONEER/new_rv/build/armor_detector', 'catkin_cmake_args': None, 'catkin_skip_building_tests': False, 'cmake_args': None, 'cmake_clean_cache': False, 'cmake_clean_first': False, 'cmake_force_configure': False, 'cmake_target': None, 'cmake_target_skip_unavailable': False, 'install_base': '/home/ljoy/Robomaster/PIONEER/new_rv/install/armor_detector', 'merge_install': False, 'path': '/home/ljoy/Robomaster/PIONEER/new_rv/rm_auto_aim/armor_detector', 'symlink_install': False, 'test_result_base': None}
[0.243s] Level 5:colcon.colcon_core.verb:set package 'armor_tracker' build argument 'cmake_args' from command line to 'None'
[0.243s] Level 5:colcon.colcon_core.verb:set package 'armor_tracker' build argument 'cmake_target' from command line to 'None'
[0.243s] Level 5:colcon.colcon_core.verb:set package 'armor_tracker' build argument 'cmake_target_skip_unavailable' from command line to 'False'
[0.243s] Level 5:colcon.colcon_core.verb:set package 'armor_tracker' build argument 'cmake_clean_cache' from command line to 'False'
[0.243s] Level 5:colcon.colcon_core.verb:set package 'armor_tracker' build argument 'cmake_clean_first' from command line to 'False'
[0.243s] Level 5:colcon.colcon_core.verb:set package 'armor_tracker' build argument 'cmake_force_configure' from command line to 'False'
[0.243s] Level 5:colcon.colcon_core.verb:set package 'armor_tracker' build argument 'ament_cmake_args' from command line to 'None'
[0.243s] Level 5:colcon.colcon_core.verb:set package 'armor_tracker' build argument 'catkin_cmake_args' from command line to 'None'
[0.243s] Level 5:colcon.colcon_core.verb:set package 'armor_tracker' build argument 'catkin_skip_building_tests' from command line to 'False'
[0.243s] DEBUG:colcon.colcon_core.verb:Building package 'armor_tracker' with the following arguments: {'ament_cmake_args': None, 'build_base': '/home/ljoy/Robomaster/PIONEER/new_rv/build/armor_tracker', 'catkin_cmake_args': None, 'catkin_skip_building_tests': False, 'cmake_args': None, 'cmake_clean_cache': False, 'cmake_clean_first': False, 'cmake_force_configure': False, 'cmake_target': None, 'cmake_target_skip_unavailable': False, 'install_base': '/home/ljoy/Robomaster/PIONEER/new_rv/install/armor_tracker', 'merge_install': False, 'path': '/home/ljoy/Robomaster/PIONEER/new_rv/rm_auto_aim/armor_tracker', 'symlink_install': False, 'test_result_base': None}
[0.243s] Level 5:colcon.colcon_core.verb:set package 'rm_planner' build argument 'cmake_args' from command line to 'None'
[0.243s] Level 5:colcon.colcon_core.verb:set package 'rm_planner' build argument 'cmake_target' from command line to 'None'
[0.243s] Level 5:colcon.colcon_core.verb:set package 'rm_planner' build argument 'cmake_target_skip_unavailable' from command line to 'False'
[0.243s] Level 5:colcon.colcon_core.verb:set package 'rm_planner' build argument 'cmake_clean_cache' from command line to 'False'
[0.243s] Level 5:colcon.colcon_core.verb:set package 'rm_planner' build argument 'cmake_clean_first' from command line to 'False'
[0.243s] Level 5:colcon.colcon_core.verb:set package 'rm_planner' build argument 'cmake_force_configure' from command line to 'False'
[0.243s] Level 5:colcon.colcon_core.verb:set package 'rm_planner' build argument 'ament_cmake_args' from command line to 'None'
[0.243s] Level 5:colcon.colcon_core.verb:set package 'rm_planner' build argument 'catkin_cmake_args' from command line to 'None'
[0.243s] Level 5:colcon.colcon_core.verb:set package 'rm_planner' build argument 'catkin_skip_building_tests' from command line to 'False'
[0.243s] DEBUG:colcon.colcon_core.verb:Building package 'rm_planner' with the following arguments: {'ament_cmake_args': None, 'build_base': '/home/ljoy/Robomaster/PIONEER/new_rv/build/rm_planner', 'catkin_cmake_args': None, 'catkin_skip_building_tests': False, 'cmake_args': None, 'cmake_clean_cache': False, 'cmake_clean_first': False, 'cmake_force_configure': False, 'cmake_target': None, 'cmake_target_skip_unavailable': False, 'install_base': '/home/ljoy/Robomaster/PIONEER/new_rv/install/rm_planner', 'merge_install': False, 'path': '/home/ljoy/Robomaster/PIONEER/new_rv/rm_planner', 'symlink_install': False, 'test_result_base': None}
[0.244s] Level 5:colcon.colcon_core.verb:set package 'rm_serial_driver' build argument 'cmake_args' from command line to 'None'
[0.244s] Level 5:colcon.colcon_core.verb:set package 'rm_serial_driver' build argument 'cmake_target' from command line to 'None'
[0.244s] Level 5:colcon.colcon_core.verb:set package 'rm_serial_driver' build argument 'cmake_target_skip_unavailable' from command line to 'False'
[0.244s] Level 5:colcon.colcon_core.verb:set package 'rm_serial_driver' build argument 'cmake_clean_cache' from command line to 'False'
[0.244s] Level 5:colcon.colcon_core.verb:set package 'rm_serial_driver' build argument 'cmake_clean_first' from command line to 'False'
[0.244s] Level 5:colcon.colcon_core.verb:set package 'rm_serial_driver' build argument 'cmake_force_configure' from command line to 'False'
[0.244s] Level 5:colcon.colcon_core.verb:set package 'rm_serial_driver' build argument 'ament_cmake_args' from command line to 'None'
[0.244s] Level 5:colcon.colcon_core.verb:set package 'rm_serial_driver' build argument 'catkin_cmake_args' from command line to 'None'
[0.244s] Level 5:colcon.colcon_core.verb:set package 'rm_serial_driver' build argument 'catkin_skip_building_tests' from command line to 'False'
[0.244s] DEBUG:colcon.colcon_core.verb:Building package 'rm_serial_driver' with the following arguments: {'ament_cmake_args': None, 'build_base': '/home/ljoy/Robomaster/PIONEER/new_rv/build/rm_serial_driver', 'catkin_cmake_args': None, 'catkin_skip_building_tests': False, 'cmake_args': None, 'cmake_clean_cache': False, 'cmake_clean_first': False, 'cmake_force_configure': False, 'cmake_target': None, 'cmake_target_skip_unavailable': False, 'install_base': '/home/ljoy/Robomaster/PIONEER/new_rv/install/rm_serial_driver', 'merge_install': False, 'path': '/home/ljoy/Robomaster/PIONEER/new_rv/rm_serial_driver', 'symlink_install': False, 'test_result_base': None}
[0.244s] Level 5:colcon.colcon_core.verb:set package 'rm_vision_bringup' build argument 'cmake_args' from command line to 'None'
[0.244s] Level 5:colcon.colcon_core.verb:set package 'rm_vision_bringup' build argument 'cmake_target' from command line to 'None'
[0.244s] Level 5:colcon.colcon_core.verb:set package 'rm_vision_bringup' build argument 'cmake_target_skip_unavailable' from command line to 'False'
[0.244s] Level 5:colcon.colcon_core.verb:set package 'rm_vision_bringup' build argument 'cmake_clean_cache' from command line to 'False'
[0.244s] Level 5:colcon.colcon_core.verb:set package 'rm_vision_bringup' build argument 'cmake_clean_first' from command line to 'False'
[0.244s] Level 5:colcon.colcon_core.verb:set package 'rm_vision_bringup' build argument 'cmake_force_configure' from command line to 'False'
[0.244s] Level 5:colcon.colcon_core.verb:set package 'rm_vision_bringup' build argument 'ament_cmake_args' from command line to 'None'
[0.244s] Level 5:colcon.colcon_core.verb:set package 'rm_vision_bringup' build argument 'catkin_cmake_args' from command line to 'None'
[0.244s] Level 5:colcon.colcon_core.verb:set package 'rm_vision_bringup' build argument 'catkin_skip_building_tests' from command line to 'False'
[0.244s] DEBUG:colcon.colcon_core.verb:Building package 'rm_vision_bringup' with the following arguments: {'ament_cmake_args': None, 'build_base': '/home/ljoy/Robomaster/PIONEER/new_rv/build/rm_vision_bringup', 'catkin_cmake_args': None, 'catkin_skip_building_tests': False, 'cmake_args': None, 'cmake_clean_cache': False, 'cmake_clean_first': False, 'cmake_force_configure': False, 'cmake_target': None, 'cmake_target_skip_unavailable': False, 'install_base': '/home/ljoy/Robomaster/PIONEER/new_rv/install/rm_vision_bringup', 'merge_install': False, 'path': '/home/ljoy/Robomaster/PIONEER/new_rv/rm_vision/rm_vision_bringup', 'symlink_install': False, 'test_result_base': None}
[0.244s] INFO:colcon.colcon_core.executor:Executing jobs using 'parallel' executor
[0.245s] DEBUG:colcon.colcon_parallel_executor.executor.parallel:run_until_complete
[0.245s] INFO:colcon.colcon_ros.task.ament_cmake.build:Building ROS package in '/home/ljoy/Robomaster/PIONEER/new_rv/auto_aim_interfaces' with build type 'ament_cmake'
[0.245s] INFO:colcon.colcon_cmake.task.cmake.build:Building CMake package in '/home/ljoy/Robomaster/PIONEER/new_rv/auto_aim_interfaces'
[0.246s] INFO:colcon.colcon_core.plugin_system:Skipping extension 'colcon_core.shell.bat': Not used on non-Windows systems
[0.247s] INFO:colcon.colcon_core.shell:Skip shell extension 'powershell' for command environment: Not usable outside of PowerShell
[0.247s] DEBUG:colcon.colcon_core.shell:Skip shell extension 'dsv' for command environment
[0.249s] INFO:colcon.colcon_ros.task.ament_cmake.build:Building ROS package in '/home/ljoy/Robomaster/PIONEER/new_rv/rm_tools' with build type 'ament_cmake'
[0.249s] INFO:colcon.colcon_cmake.task.cmake.build:Building CMake package in '/home/ljoy/Robomaster/PIONEER/new_rv/rm_tools'
[0.249s] INFO:colcon.colcon_core.shell:Skip shell extension 'powershell' for command environment: Not usable outside of PowerShell
[0.249s] DEBUG:colcon.colcon_core.shell:Skip shell extension 'dsv' for command environment
[0.251s] INFO:colcon.colcon_ros.task.ament_cmake.build:Building ROS package in '/home/ljoy/Robomaster/PIONEER/new_rv/hik_camera' with build type 'ament_cmake'
[0.251s] INFO:colcon.colcon_cmake.task.cmake.build:Building CMake package in '/home/ljoy/Robomaster/PIONEER/new_rv/hik_camera'
[0.251s] INFO:colcon.colcon_core.shell:Skip shell extension 'powershell' for command environment: Not usable outside of PowerShell
[0.251s] DEBUG:colcon.colcon_core.shell:Skip shell extension 'dsv' for command environment
[0.253s] INFO:colcon.colcon_ros.task.ament_cmake.build:Building ROS package in '/home/ljoy/Robomaster/PIONEER/new_rv/rm_gimbal_description' with build type 'ament_cmake'
[0.253s] INFO:colcon.colcon_cmake.task.cmake.build:Building CMake package in '/home/ljoy/Robomaster/PIONEER/new_rv/rm_gimbal_description'
[0.253s] INFO:colcon.colcon_core.shell:Skip shell extension 'powershell' for command environment: Not usable outside of PowerShell
[0.253s] DEBUG:colcon.colcon_core.shell:Skip shell extension 'dsv' for command environment
[0.258s] DEBUG:colcon.colcon_core.event_handler.log_command:Invoking command in '/home/ljoy/Robomaster/PIONEER/new_rv/build/auto_aim_interfaces': CMAKE_PREFIX_PATH=/opt/ros/humble /usr/bin/cmake --build /home/ljoy/Robomaster/PIONEER/new_rv/build/auto_aim_interfaces -- -j32 -l32
[0.260s] DEBUG:colcon.colcon_core.event_handler.log_command:Invoking command in '/home/ljoy/Robomaster/PIONEER/new_rv/build/rm_tools': CMAKE_PREFIX_PATH=/opt/ros/humble /usr/bin/cmake --build /home/ljoy/Robomaster/PIONEER/new_rv/build/rm_tools -- -j32 -l32
[0.262s] DEBUG:colcon.colcon_core.event_handler.log_command:Invoking command in '/home/ljoy/Robomaster/PIONEER/new_rv/build/hik_camera': CMAKE_PREFIX_PATH=/opt/ros/humble /usr/bin/cmake --build /home/ljoy/Robomaster/PIONEER/new_rv/build/hik_camera -- -j32 -l32
[0.265s] DEBUG:colcon.colcon_core.event_handler.log_command:Invoking command in '/home/ljoy/Robomaster/PIONEER/new_rv/build/rm_gimbal_description': CMAKE_PREFIX_PATH=/opt/ros/humble /usr/bin/cmake --build /home/ljoy/Robomaster/PIONEER/new_rv/build/rm_gimbal_description -- -j32 -l32
[0.276s] DEBUG:colcon.colcon_core.event_handler.log_command:Invoked command in '/home/ljoy/Robomaster/PIONEER/new_rv/build/rm_gimbal_description' returned '0': CMAKE_PREFIX_PATH=/opt/ros/humble /usr/bin/cmake --build /home/ljoy/Robomaster/PIONEER/new_rv/build/rm_gimbal_description -- -j32 -l32
[0.287s] DEBUG:colcon.colcon_core.event_handler.log_command:Invoked command in '/home/ljoy/Robomaster/PIONEER/new_rv/build/hik_camera' returned '0': CMAKE_PREFIX_PATH=/opt/ros/humble /usr/bin/cmake --build /home/ljoy/Robomaster/PIONEER/new_rv/build/hik_camera -- -j32 -l32
[0.293s] DEBUG:colcon.colcon_core.event_handler.log_command:Invoking command in '/home/ljoy/Robomaster/PIONEER/new_rv/build/rm_gimbal_description': CMAKE_PREFIX_PATH=/opt/ros/humble /usr/bin/cmake --install /home/ljoy/Robomaster/PIONEER/new_rv/build/rm_gimbal_description
[0.295s] Level 1:colcon.colcon_core.environment:create_environment_scripts_only(rm_gimbal_description)
[0.296s] DEBUG:colcon.colcon_core.event_handler.log_command:Invoked command in '/home/ljoy/Robomaster/PIONEER/new_rv/build/rm_gimbal_description' returned '0': CMAKE_PREFIX_PATH=/opt/ros/humble /usr/bin/cmake --install /home/ljoy/Robomaster/PIONEER/new_rv/build/rm_gimbal_description
[0.297s] Level 1:colcon.colcon_core.environment:checking '/home/ljoy/Robomaster/PIONEER/new_rv/install/rm_gimbal_description' for CMake module files
[0.297s] Level 1:colcon.colcon_core.environment:checking '/home/ljoy/Robomaster/PIONEER/new_rv/install/rm_gimbal_description' for CMake config files
[0.298s] Level 1:colcon.colcon_core.shell:create_environment_hook('rm_gimbal_description', 'cmake_prefix_path')
[0.298s] INFO:colcon.colcon_core.shell:Creating environment hook '/home/ljoy/Robomaster/PIONEER/new_rv/install/rm_gimbal_description/share/rm_gimbal_description/hook/cmake_prefix_path.ps1'
[0.298s] INFO:colcon.colcon_core.shell:Creating environment descriptor '/home/ljoy/Robomaster/PIONEER/new_rv/install/rm_gimbal_description/share/rm_gimbal_description/hook/cmake_prefix_path.dsv'
[0.298s] INFO:colcon.colcon_core.shell:Creating environment hook '/home/ljoy/Robomaster/PIONEER/new_rv/install/rm_gimbal_description/share/rm_gimbal_description/hook/cmake_prefix_path.sh'
[0.299s] Level 1:colcon.colcon_core.environment:checking '/home/ljoy/Robomaster/PIONEER/new_rv/install/rm_gimbal_description/bin'
[0.299s] Level 1:colcon.colcon_core.environment:checking '/home/ljoy/Robomaster/PIONEER/new_rv/install/rm_gimbal_description/lib/pkgconfig/rm_gimbal_description.pc'
[0.299s] Level 1:colcon.colcon_core.environment:checking '/home/ljoy/Robomaster/PIONEER/new_rv/install/rm_gimbal_description/lib/python3.10/site-packages'
[0.299s] Level 1:colcon.colcon_core.environment:checking '/home/ljoy/Robomaster/PIONEER/new_rv/install/rm_gimbal_description/bin'
[0.300s] INFO:colcon.colcon_core.shell:Creating package script '/home/ljoy/Robomaster/PIONEER/new_rv/install/rm_gimbal_description/share/rm_gimbal_description/package.ps1'
[0.300s] INFO:colcon.colcon_core.shell:Creating package descriptor '/home/ljoy/Robomaster/PIONEER/new_rv/install/rm_gimbal_description/share/rm_gimbal_description/package.dsv'
[0.300s] INFO:colcon.colcon_core.shell:Creating package script '/home/ljoy/Robomaster/PIONEER/new_rv/install/rm_gimbal_description/share/rm_gimbal_description/package.sh'
[0.301s] INFO:colcon.colcon_core.shell:Creating package script '/home/ljoy/Robomaster/PIONEER/new_rv/install/rm_gimbal_description/share/rm_gimbal_description/package.bash'
[0.301s] INFO:colcon.colcon_core.shell:Creating package script '/home/ljoy/Robomaster/PIONEER/new_rv/install/rm_gimbal_description/share/rm_gimbal_description/package.zsh'
[0.302s] Level 1:colcon.colcon_core.environment:create_file_with_runtime_dependencies(/home/ljoy/Robomaster/PIONEER/new_rv/install/rm_gimbal_description/share/colcon-core/packages/rm_gimbal_description)
[0.306s] DEBUG:colcon.colcon_core.event_handler.log_command:Invoking command in '/home/ljoy/Robomaster/PIONEER/new_rv/build/hik_camera': CMAKE_PREFIX_PATH=/opt/ros/humble /usr/bin/cmake --install /home/ljoy/Robomaster/PIONEER/new_rv/build/hik_camera
[0.310s] Level 1:colcon.colcon_core.environment:create_environment_scripts_only(hik_camera)
[0.310s] Level 1:colcon.colcon_core.environment:checking '/home/ljoy/Robomaster/PIONEER/new_rv/install/hik_camera' for CMake module files
[0.310s] DEBUG:colcon.colcon_core.event_handler.log_command:Invoked command in '/home/ljoy/Robomaster/PIONEER/new_rv/build/hik_camera' returned '0': CMAKE_PREFIX_PATH=/opt/ros/humble /usr/bin/cmake --install /home/ljoy/Robomaster/PIONEER/new_rv/build/hik_camera
[0.311s] Level 1:colcon.colcon_core.environment:checking '/home/ljoy/Robomaster/PIONEER/new_rv/install/hik_camera' for CMake config files
[0.311s] Level 1:colcon.colcon_core.shell:create_environment_hook('hik_camera', 'cmake_prefix_path')
[0.311s] INFO:colcon.colcon_core.shell:Creating environment hook '/home/ljoy/Robomaster/PIONEER/new_rv/install/hik_camera/share/hik_camera/hook/cmake_prefix_path.ps1'
[0.311s] INFO:colcon.colcon_core.shell:Creating environment descriptor '/home/ljoy/Robomaster/PIONEER/new_rv/install/hik_camera/share/hik_camera/hook/cmake_prefix_path.dsv'
[0.312s] INFO:colcon.colcon_core.shell:Creating environment hook '/home/ljoy/Robomaster/PIONEER/new_rv/install/hik_camera/share/hik_camera/hook/cmake_prefix_path.sh'
[0.312s] Level 1:colcon.colcon_core.environment:checking '/home/ljoy/Robomaster/PIONEER/new_rv/install/hik_camera/lib'
[0.312s] Level 1:colcon.colcon_core.shell:create_environment_hook('hik_camera', 'ld_library_path_lib')
[0.312s] INFO:colcon.colcon_core.shell:Creating environment hook '/home/ljoy/Robomaster/PIONEER/new_rv/install/hik_camera/share/hik_camera/hook/ld_library_path_lib.ps1'
[0.312s] INFO:colcon.colcon_core.shell:Creating environment descriptor '/home/ljoy/Robomaster/PIONEER/new_rv/install/hik_camera/share/hik_camera/hook/ld_library_path_lib.dsv'
[0.313s] INFO:colcon.colcon_core.shell:Creating environment hook '/home/ljoy/Robomaster/PIONEER/new_rv/install/hik_camera/share/hik_camera/hook/ld_library_path_lib.sh'
[0.313s] Level 1:colcon.colcon_core.environment:checking '/home/ljoy/Robomaster/PIONEER/new_rv/install/hik_camera/bin'
[0.313s] Level 1:colcon.colcon_core.environment:checking '/home/ljoy/Robomaster/PIONEER/new_rv/install/hik_camera/lib/pkgconfig/hik_camera.pc'
[0.313s] Level 1:colcon.colcon_core.environment:checking '/home/ljoy/Robomaster/PIONEER/new_rv/install/hik_camera/lib/python3.10/site-packages'
[0.313s] Level 1:colcon.colcon_core.environment:checking '/home/ljoy/Robomaster/PIONEER/new_rv/install/hik_camera/bin'
[0.313s] INFO:colcon.colcon_core.shell:Creating package script '/home/ljoy/Robomaster/PIONEER/new_rv/install/hik_camera/share/hik_camera/package.ps1'
[0.314s] INFO:colcon.colcon_core.shell:Creating package descriptor '/home/ljoy/Robomaster/PIONEER/new_rv/install/hik_camera/share/hik_camera/package.dsv'
[0.314s] INFO:colcon.colcon_core.shell:Creating package script '/home/ljoy/Robomaster/PIONEER/new_rv/install/hik_camera/share/hik_camera/package.sh'
[0.314s] INFO:colcon.colcon_core.shell:Creating package script '/home/ljoy/Robomaster/PIONEER/new_rv/install/hik_camera/share/hik_camera/package.bash'
[0.315s] INFO:colcon.colcon_core.shell:Creating package script '/home/ljoy/Robomaster/PIONEER/new_rv/install/hik_camera/share/hik_camera/package.zsh'
[0.315s] Level 1:colcon.colcon_core.environment:create_file_with_runtime_dependencies(/home/ljoy/Robomaster/PIONEER/new_rv/install/hik_camera/share/colcon-core/packages/hik_camera)
[0.316s] Level 1:colcon.colcon_core.environment:create_environment_scripts_only(rm_gimbal_description)
[0.316s] Level 1:colcon.colcon_core.environment:checking '/home/ljoy/Robomaster/PIONEER/new_rv/install/rm_gimbal_description' for CMake module files
[0.316s] Level 1:colcon.colcon_core.environment:checking '/home/ljoy/Robomaster/PIONEER/new_rv/install/rm_gimbal_description' for CMake config files
[0.316s] Level 1:colcon.colcon_core.shell:create_environment_hook('rm_gimbal_description', 'cmake_prefix_path')
[0.317s] INFO:colcon.colcon_core.shell:Creating environment hook '/home/ljoy/Robomaster/PIONEER/new_rv/install/rm_gimbal_description/share/rm_gimbal_description/hook/cmake_prefix_path.ps1'
[0.317s] INFO:colcon.colcon_core.shell:Creating environment descriptor '/home/ljoy/Robomaster/PIONEER/new_rv/install/rm_gimbal_description/share/rm_gimbal_description/hook/cmake_prefix_path.dsv'
[0.317s] INFO:colcon.colcon_core.shell:Creating environment hook '/home/ljoy/Robomaster/PIONEER/new_rv/install/rm_gimbal_description/share/rm_gimbal_description/hook/cmake_prefix_path.sh'
[0.317s] Level 1:colcon.colcon_core.environment:checking '/home/ljoy/Robomaster/PIONEER/new_rv/install/rm_gimbal_description/bin'
[0.317s] Level 1:colcon.colcon_core.environment:checking '/home/ljoy/Robomaster/PIONEER/new_rv/install/rm_gimbal_description/lib/pkgconfig/rm_gimbal_description.pc'
[0.318s] Level 1:colcon.colcon_core.environment:checking '/home/ljoy/Robomaster/PIONEER/new_rv/install/rm_gimbal_description/lib/python3.10/site-packages'
[0.318s] Level 1:colcon.colcon_core.environment:checking '/home/ljoy/Robomaster/PIONEER/new_rv/install/rm_gimbal_description/bin'
[0.318s] INFO:colcon.colcon_core.shell:Creating package script '/home/ljoy/Robomaster/PIONEER/new_rv/install/rm_gimbal_description/share/rm_gimbal_description/package.ps1'
[0.318s] INFO:colcon.colcon_core.shell:Creating package descriptor '/home/ljoy/Robomaster/PIONEER/new_rv/install/rm_gimbal_description/share/rm_gimbal_description/package.dsv'
[0.318s] INFO:colcon.colcon_core.shell:Creating package script '/home/ljoy/Robomaster/PIONEER/new_rv/install/rm_gimbal_description/share/rm_gimbal_description/package.sh'
[0.319s] INFO:colcon.colcon_core.shell:Creating package script '/home/ljoy/Robomaster/PIONEER/new_rv/install/rm_gimbal_description/share/rm_gimbal_description/package.bash'
[0.319s] INFO:colcon.colcon_core.shell:Creating package script '/home/ljoy/Robomaster/PIONEER/new_rv/install/rm_gimbal_description/share/rm_gimbal_description/package.zsh'
[0.319s] Level 1:colcon.colcon_core.environment:create_file_with_runtime_dependencies(/home/ljoy/Robomaster/PIONEER/new_rv/install/rm_gimbal_description/share/colcon-core/packages/rm_gimbal_description)
[0.333s] Level 1:colcon.colcon_core.environment:create_environment_scripts_only(hik_camera)
[0.333s] Level 1:colcon.colcon_core.environment:checking '/home/ljoy/Robomaster/PIONEER/new_rv/install/hik_camera' for CMake module files
[0.334s] Level 1:colcon.colcon_core.environment:checking '/home/ljoy/Robomaster/PIONEER/new_rv/install/hik_camera' for CMake config files
[0.334s] Level 1:colcon.colcon_core.shell:create_environment_hook('hik_camera', 'cmake_prefix_path')
[0.334s] INFO:colcon.colcon_core.shell:Creating environment hook '/home/ljoy/Robomaster/PIONEER/new_rv/install/hik_camera/share/hik_camera/hook/cmake_prefix_path.ps1'
[0.334s] INFO:colcon.colcon_core.shell:Creating environment descriptor '/home/ljoy/Robomaster/PIONEER/new_rv/install/hik_camera/share/hik_camera/hook/cmake_prefix_path.dsv'
[0.335s] INFO:colcon.colcon_core.shell:Creating environment hook '/home/ljoy/Robomaster/PIONEER/new_rv/install/hik_camera/share/hik_camera/hook/cmake_prefix_path.sh'
[0.335s] Level 1:colcon.colcon_core.environment:checking '/home/ljoy/Robomaster/PIONEER/new_rv/install/hik_camera/lib'
[0.335s] Level 1:colcon.colcon_core.shell:create_environment_hook('hik_camera', 'ld_library_path_lib')
[0.335s] INFO:colcon.colcon_core.shell:Creating environment hook '/home/ljoy/Robomaster/PIONEER/new_rv/install/hik_camera/share/hik_camera/hook/ld_library_path_lib.ps1'
[0.335s] INFO:colcon.colcon_core.shell:Creating environment descriptor '/home/ljoy/Robomaster/PIONEER/new_rv/install/hik_camera/share/hik_camera/hook/ld_library_path_lib.dsv'
[0.336s] INFO:colcon.colcon_core.shell:Creating environment hook '/home/ljoy/Robomaster/PIONEER/new_rv/install/hik_camera/share/hik_camera/hook/ld_library_path_lib.sh'
[0.336s] Level 1:colcon.colcon_core.environment:checking '/home/ljoy/Robomaster/PIONEER/new_rv/install/hik_camera/bin'
[0.336s] Level 1:colcon.colcon_core.environment:checking '/home/ljoy/Robomaster/PIONEER/new_rv/install/hik_camera/lib/pkgconfig/hik_camera.pc'
[0.336s] Level 1:colcon.colcon_core.environment:checking '/home/ljoy/Robomaster/PIONEER/new_rv/install/hik_camera/lib/python3.10/site-packages'
[0.336s] Level 1:colcon.colcon_core.environment:checking '/home/ljoy/Robomaster/PIONEER/new_rv/install/hik_camera/bin'
[0.336s] INFO:colcon.colcon_core.shell:Creating package script '/home/ljoy/Robomaster/PIONEER/new_rv/install/hik_camera/share/hik_camera/package.ps1'
[0.337s] INFO:colcon.colcon_core.shell:Creating package descriptor '/home/ljoy/Robomaster/PIONEER/new_rv/install/hik_camera/share/hik_camera/package.dsv'
[0.337s] INFO:colcon.colcon_core.shell:Creating package script '/home/ljoy/Robomaster/PIONEER/new_rv/install/hik_camera/share/hik_camera/package.sh'
[0.337s] INFO:colcon.colcon_core.shell:Creating package script '/home/ljoy/Robomaster/PIONEER/new_rv/install/hik_camera/share/hik_camera/package.bash'
[0.337s] INFO:colcon.colcon_core.shell:Creating package script '/home/ljoy/Robomaster/PIONEER/new_rv/install/hik_camera/share/hik_camera/package.zsh'
[0.338s] Level 1:colcon.colcon_core.environment:create_file_with_runtime_dependencies(/home/ljoy/Robomaster/PIONEER/new_rv/install/hik_camera/share/colcon-core/packages/hik_camera)
[0.465s] DEBUG:colcon.colcon_core.event_handler.log_command:Invoked command in '/home/ljoy/Robomaster/PIONEER/new_rv/build/auto_aim_interfaces' returned '0': CMAKE_PREFIX_PATH=/opt/ros/humble /usr/bin/cmake --build /home/ljoy/Robomaster/PIONEER/new_rv/build/auto_aim_interfaces -- -j32 -l32
[0.618s] DEBUG:colcon.colcon_core.event_handler.log_command:Invoking command in '/home/ljoy/Robomaster/PIONEER/new_rv/build/auto_aim_interfaces': CMAKE_PREFIX_PATH=/opt/ros/humble /usr/bin/cmake --install /home/ljoy/Robomaster/PIONEER/new_rv/build/auto_aim_interfaces
[0.646s] Level 1:colcon.colcon_core.environment:create_environment_scripts_only(auto_aim_interfaces)
[0.646s] DEBUG:colcon.colcon_core.event_handler.log_command:Invoked command in '/home/ljoy/Robomaster/PIONEER/new_rv/build/auto_aim_interfaces' returned '0': CMAKE_PREFIX_PATH=/opt/ros/humble /usr/bin/cmake --install /home/ljoy/Robomaster/PIONEER/new_rv/build/auto_aim_interfaces
[0.647s] Level 1:colcon.colcon_core.environment:checking '/home/ljoy/Robomaster/PIONEER/new_rv/install/auto_aim_interfaces' for CMake module files
[0.647s] Level 1:colcon.colcon_core.environment:checking '/home/ljoy/Robomaster/PIONEER/new_rv/install/auto_aim_interfaces' for CMake config files
[0.647s] Level 1:colcon.colcon_core.shell:create_environment_hook('auto_aim_interfaces', 'cmake_prefix_path')
[0.647s] INFO:colcon.colcon_core.shell:Creating environment hook '/home/ljoy/Robomaster/PIONEER/new_rv/install/auto_aim_interfaces/share/auto_aim_interfaces/hook/cmake_prefix_path.ps1'
[0.648s] INFO:colcon.colcon_core.shell:Creating environment descriptor '/home/ljoy/Robomaster/PIONEER/new_rv/install/auto_aim_interfaces/share/auto_aim_interfaces/hook/cmake_prefix_path.dsv'
[0.648s] INFO:colcon.colcon_core.shell:Creating environment hook '/home/ljoy/Robomaster/PIONEER/new_rv/install/auto_aim_interfaces/share/auto_aim_interfaces/hook/cmake_prefix_path.sh'
[0.648s] Level 1:colcon.colcon_core.environment:checking '/home/ljoy/Robomaster/PIONEER/new_rv/install/auto_aim_interfaces/lib'
[0.648s] Level 1:colcon.colcon_core.shell:create_environment_hook('auto_aim_interfaces', 'ld_library_path_lib')
[0.648s] INFO:colcon.colcon_core.shell:Creating environment hook '/home/ljoy/Robomaster/PIONEER/new_rv/install/auto_aim_interfaces/share/auto_aim_interfaces/hook/ld_library_path_lib.ps1'
[0.649s] INFO:colcon.colcon_core.shell:Creating environment descriptor '/home/ljoy/Robomaster/PIONEER/new_rv/install/auto_aim_interfaces/share/auto_aim_interfaces/hook/ld_library_path_lib.dsv'
[0.649s] INFO:colcon.colcon_core.shell:Creating environment hook '/home/ljoy/Robomaster/PIONEER/new_rv/install/auto_aim_interfaces/share/auto_aim_interfaces/hook/ld_library_path_lib.sh'
[0.649s] Level 1:colcon.colcon_core.environment:checking '/home/ljoy/Robomaster/PIONEER/new_rv/install/auto_aim_interfaces/bin'
[0.649s] Level 1:colcon.colcon_core.environment:checking '/home/ljoy/Robomaster/PIONEER/new_rv/install/auto_aim_interfaces/lib/pkgconfig/auto_aim_interfaces.pc'
[0.649s] Level 1:colcon.colcon_core.environment:checking '/home/ljoy/Robomaster/PIONEER/new_rv/install/auto_aim_interfaces/lib/python3.10/site-packages'
[0.649s] Level 1:colcon.colcon_core.environment:checking '/home/ljoy/Robomaster/PIONEER/new_rv/install/auto_aim_interfaces/bin'
[0.649s] INFO:colcon.colcon_core.shell:Creating package script '/home/ljoy/Robomaster/PIONEER/new_rv/install/auto_aim_interfaces/share/auto_aim_interfaces/package.ps1'
[0.649s] INFO:colcon.colcon_core.shell:Creating package descriptor '/home/ljoy/Robomaster/PIONEER/new_rv/install/auto_aim_interfaces/share/auto_aim_interfaces/package.dsv'
[0.650s] INFO:colcon.colcon_core.shell:Creating package script '/home/ljoy/Robomaster/PIONEER/new_rv/install/auto_aim_interfaces/share/auto_aim_interfaces/package.sh'
[0.650s] INFO:colcon.colcon_core.shell:Creating package script '/home/ljoy/Robomaster/PIONEER/new_rv/install/auto_aim_interfaces/share/auto_aim_interfaces/package.bash'
[0.650s] INFO:colcon.colcon_core.shell:Creating package script '/home/ljoy/Robomaster/PIONEER/new_rv/install/auto_aim_interfaces/share/auto_aim_interfaces/package.zsh'
[0.650s] Level 1:colcon.colcon_core.environment:create_file_with_runtime_dependencies(/home/ljoy/Robomaster/PIONEER/new_rv/install/auto_aim_interfaces/share/colcon-core/packages/auto_aim_interfaces)
[0.787s] Level 1:colcon.colcon_core.environment:create_environment_scripts_only(auto_aim_interfaces)
[0.787s] Level 1:colcon.colcon_core.environment:checking '/home/ljoy/Robomaster/PIONEER/new_rv/install/auto_aim_interfaces' for CMake module files
[0.788s] Level 1:colcon.colcon_core.environment:checking '/home/ljoy/Robomaster/PIONEER/new_rv/install/auto_aim_interfaces' for CMake config files
[0.788s] Level 1:colcon.colcon_core.shell:create_environment_hook('auto_aim_interfaces', 'cmake_prefix_path')
[0.788s] INFO:colcon.colcon_core.shell:Creating environment hook '/home/ljoy/Robomaster/PIONEER/new_rv/install/auto_aim_interfaces/share/auto_aim_interfaces/hook/cmake_prefix_path.ps1'
[0.789s] INFO:colcon.colcon_core.shell:Creating environment descriptor '/home/ljoy/Robomaster/PIONEER/new_rv/install/auto_aim_interfaces/share/auto_aim_interfaces/hook/cmake_prefix_path.dsv'
[0.789s] INFO:colcon.colcon_core.shell:Creating environment hook '/home/ljoy/Robomaster/PIONEER/new_rv/install/auto_aim_interfaces/share/auto_aim_interfaces/hook/cmake_prefix_path.sh'
[0.789s] Level 1:colcon.colcon_core.environment:checking '/home/ljoy/Robomaster/PIONEER/new_rv/install/auto_aim_interfaces/lib'
[0.789s] Level 1:colcon.colcon_core.shell:create_environment_hook('auto_aim_interfaces', 'ld_library_path_lib')
[0.789s] INFO:colcon.colcon_core.shell:Creating environment hook '/home/ljoy/Robomaster/PIONEER/new_rv/install/auto_aim_interfaces/share/auto_aim_interfaces/hook/ld_library_path_lib.ps1'
[0.789s] INFO:colcon.colcon_core.shell:Creating environment descriptor '/home/ljoy/Robomaster/PIONEER/new_rv/install/auto_aim_interfaces/share/auto_aim_interfaces/hook/ld_library_path_lib.dsv'
[0.789s] INFO:colcon.colcon_core.shell:Creating environment hook '/home/ljoy/Robomaster/PIONEER/new_rv/install/auto_aim_interfaces/share/auto_aim_interfaces/hook/ld_library_path_lib.sh'
[0.790s] Level 1:colcon.colcon_core.environment:checking '/home/ljoy/Robomaster/PIONEER/new_rv/install/auto_aim_interfaces/bin'
[0.790s] Level 1:colcon.colcon_core.environment:checking '/home/ljoy/Robomaster/PIONEER/new_rv/install/auto_aim_interfaces/lib/pkgconfig/auto_aim_interfaces.pc'
[0.790s] Level 1:colcon.colcon_core.environment:checking '/home/ljoy/Robomaster/PIONEER/new_rv/install/auto_aim_interfaces/lib/python3.10/site-packages'
[0.790s] Level 1:colcon.colcon_core.environment:checking '/home/ljoy/Robomaster/PIONEER/new_rv/install/auto_aim_interfaces/bin'
[0.790s] INFO:colcon.colcon_core.shell:Creating package script '/home/ljoy/Robomaster/PIONEER/new_rv/install/auto_aim_interfaces/share/auto_aim_interfaces/package.ps1'
[0.790s] INFO:colcon.colcon_core.shell:Creating package descriptor '/home/ljoy/Robomaster/PIONEER/new_rv/install/auto_aim_interfaces/share/auto_aim_interfaces/package.dsv'
[0.791s] INFO:colcon.colcon_core.shell:Creating package script '/home/ljoy/Robomaster/PIONEER/new_rv/install/auto_aim_interfaces/share/auto_aim_interfaces/package.sh'
[0.791s] INFO:colcon.colcon_core.shell:Creating package script '/home/ljoy/Robomaster/PIONEER/new_rv/install/auto_aim_interfaces/share/auto_aim_interfaces/package.bash'
[0.791s] INFO:colcon.colcon_core.shell:Creating package script '/home/ljoy/Robomaster/PIONEER/new_rv/install/auto_aim_interfaces/share/auto_aim_interfaces/package.zsh'
[0.791s] Level 1:colcon.colcon_core.environment:create_file_with_runtime_dependencies(/home/ljoy/Robomaster/PIONEER/new_rv/install/auto_aim_interfaces/share/colcon-core/packages/auto_aim_interfaces)
[0.791s] INFO:colcon.colcon_ros.task.ament_cmake.build:Building ROS package in '/home/ljoy/Robomaster/PIONEER/new_rv/rm_serial_driver' with build type 'ament_cmake'
[0.791s] INFO:colcon.colcon_cmake.task.cmake.build:Building CMake package in '/home/ljoy/Robomaster/PIONEER/new_rv/rm_serial_driver'
[0.792s] INFO:colcon.colcon_core.shell:Skip shell extension 'powershell' for command environment: Not usable outside of PowerShell
[0.792s] DEBUG:colcon.colcon_core.shell:Skip shell extension 'dsv' for command environment
[0.797s] DEBUG:colcon.colcon_core.event_handler.log_command:Invoking command in '/home/ljoy/Robomaster/PIONEER/new_rv/build/rm_serial_driver': AMENT_PREFIX_PATH=/home/ljoy/Robomaster/PIONEER/new_rv/install/auto_aim_interfaces:${AMENT_PREFIX_PATH} CMAKE_PREFIX_PATH=/home/ljoy/Robomaster/PIONEER/new_rv/install/auto_aim_interfaces:/opt/ros/humble LD_LIBRARY_PATH=/home/ljoy/Robomaster/PIONEER/new_rv/install/auto_aim_interfaces/lib:/opt/ros/humble/opt/rviz_ogre_vendor/lib:/opt/ros/humble/lib/x86_64-linux-gnu:/opt/ros/humble/lib:/opt/MVS/lib/64:/opt/MVS/lib/32:/opt/MVS/lib/64:/opt/MVS/lib/64 PYTHONPATH=/home/ljoy/Robomaster/PIONEER/new_rv/install/auto_aim_interfaces/local/lib/python3.10/dist-packages:${PYTHONPATH} /usr/bin/cmake --build /home/ljoy/Robomaster/PIONEER/new_rv/build/rm_serial_driver -- -j32 -l32
[0.820s] DEBUG:colcon.colcon_core.event_handler.log_command:Invoked command in '/home/ljoy/Robomaster/PIONEER/new_rv/build/rm_serial_driver' returned '0': AMENT_PREFIX_PATH=/home/ljoy/Robomaster/PIONEER/new_rv/install/auto_aim_interfaces:${AMENT_PREFIX_PATH} CMAKE_PREFIX_PATH=/home/ljoy/Robomaster/PIONEER/new_rv/install/auto_aim_interfaces:/opt/ros/humble LD_LIBRARY_PATH=/home/ljoy/Robomaster/PIONEER/new_rv/install/auto_aim_interfaces/lib:/opt/ros/humble/opt/rviz_ogre_vendor/lib:/opt/ros/humble/lib/x86_64-linux-gnu:/opt/ros/humble/lib:/opt/MVS/lib/64:/opt/MVS/lib/32:/opt/MVS/lib/64:/opt/MVS/lib/64 PYTHONPATH=/home/ljoy/Robomaster/PIONEER/new_rv/install/auto_aim_interfaces/local/lib/python3.10/dist-packages:${PYTHONPATH} /usr/bin/cmake --build /home/ljoy/Robomaster/PIONEER/new_rv/build/rm_serial_driver -- -j32 -l32
[0.821s] DEBUG:colcon.colcon_core.event_handler.log_command:Invoked command in '/home/ljoy/Robomaster/PIONEER/new_rv/build/rm_tools' returned '0': CMAKE_PREFIX_PATH=/opt/ros/humble /usr/bin/cmake --build /home/ljoy/Robomaster/PIONEER/new_rv/build/rm_tools -- -j32 -l32
[0.839s] DEBUG:colcon.colcon_core.event_handler.log_command:Invoking command in '/home/ljoy/Robomaster/PIONEER/new_rv/build/rm_serial_driver': AMENT_PREFIX_PATH=/home/ljoy/Robomaster/PIONEER/new_rv/install/auto_aim_interfaces:${AMENT_PREFIX_PATH} CMAKE_PREFIX_PATH=/home/ljoy/Robomaster/PIONEER/new_rv/install/auto_aim_interfaces:/opt/ros/humble LD_LIBRARY_PATH=/home/ljoy/Robomaster/PIONEER/new_rv/install/auto_aim_interfaces/lib:/opt/ros/humble/opt/rviz_ogre_vendor/lib:/opt/ros/humble/lib/x86_64-linux-gnu:/opt/ros/humble/lib:/opt/MVS/lib/64:/opt/MVS/lib/32:/opt/MVS/lib/64:/opt/MVS/lib/64 PYTHONPATH=/home/ljoy/Robomaster/PIONEER/new_rv/install/auto_aim_interfaces/local/lib/python3.10/dist-packages:${PYTHONPATH} /usr/bin/cmake --install /home/ljoy/Robomaster/PIONEER/new_rv/build/rm_serial_driver
[0.840s] DEBUG:colcon.colcon_core.event_handler.log_command:Invoking command in '/home/ljoy/Robomaster/PIONEER/new_rv/build/rm_tools': CMAKE_PREFIX_PATH=/opt/ros/humble /usr/bin/cmake --install /home/ljoy/Robomaster/PIONEER/new_rv/build/rm_tools
[0.842s] Level 1:colcon.colcon_core.environment:create_environment_scripts_only(rm_serial_driver)
[0.842s] Level 1:colcon.colcon_core.environment:checking '/home/ljoy/Robomaster/PIONEER/new_rv/install/rm_serial_driver' for CMake module files
[0.843s] DEBUG:colcon.colcon_core.event_handler.log_command:Invoked command in '/home/ljoy/Robomaster/PIONEER/new_rv/build/rm_serial_driver' returned '0': AMENT_PREFIX_PATH=/home/ljoy/Robomaster/PIONEER/new_rv/install/auto_aim_interfaces:${AMENT_PREFIX_PATH} CMAKE_PREFIX_PATH=/home/ljoy/Robomaster/PIONEER/new_rv/install/auto_aim_interfaces:/opt/ros/humble LD_LIBRARY_PATH=/home/ljoy/Robomaster/PIONEER/new_rv/install/auto_aim_interfaces/lib:/opt/ros/humble/opt/rviz_ogre_vendor/lib:/opt/ros/humble/lib/x86_64-linux-gnu:/opt/ros/humble/lib:/opt/MVS/lib/64:/opt/MVS/lib/32:/opt/MVS/lib/64:/opt/MVS/lib/64 PYTHONPATH=/home/ljoy/Robomaster/PIONEER/new_rv/install/auto_aim_interfaces/local/lib/python3.10/dist-packages:${PYTHONPATH} /usr/bin/cmake --install /home/ljoy/Robomaster/PIONEER/new_rv/build/rm_serial_driver
[0.844s] Level 1:colcon.colcon_core.environment:checking '/home/ljoy/Robomaster/PIONEER/new_rv/install/rm_serial_driver' for CMake config files
[0.844s] Level 1:colcon.colcon_core.shell:create_environment_hook('rm_serial_driver', 'cmake_prefix_path')
[0.844s] INFO:colcon.colcon_core.shell:Creating environment hook '/home/ljoy/Robomaster/PIONEER/new_rv/install/rm_serial_driver/share/rm_serial_driver/hook/cmake_prefix_path.ps1'
[0.844s] INFO:colcon.colcon_core.shell:Creating environment descriptor '/home/ljoy/Robomaster/PIONEER/new_rv/install/rm_serial_driver/share/rm_serial_driver/hook/cmake_prefix_path.dsv'
[0.844s] INFO:colcon.colcon_core.shell:Creating environment hook '/home/ljoy/Robomaster/PIONEER/new_rv/install/rm_serial_driver/share/rm_serial_driver/hook/cmake_prefix_path.sh'
[0.845s] Level 1:colcon.colcon_core.environment:checking '/home/ljoy/Robomaster/PIONEER/new_rv/install/rm_serial_driver/lib'
[0.845s] Level 1:colcon.colcon_core.shell:create_environment_hook('rm_serial_driver', 'ld_library_path_lib')
[0.845s] INFO:colcon.colcon_core.shell:Creating environment hook '/home/ljoy/Robomaster/PIONEER/new_rv/install/rm_serial_driver/share/rm_serial_driver/hook/ld_library_path_lib.ps1'
[0.845s] INFO:colcon.colcon_core.shell:Creating environment descriptor '/home/ljoy/Robomaster/PIONEER/new_rv/install/rm_serial_driver/share/rm_serial_driver/hook/ld_library_path_lib.dsv'
[0.845s] INFO:colcon.colcon_core.shell:Creating environment hook '/home/ljoy/Robomaster/PIONEER/new_rv/install/rm_serial_driver/share/rm_serial_driver/hook/ld_library_path_lib.sh'
[0.845s] Level 1:colcon.colcon_core.environment:checking '/home/ljoy/Robomaster/PIONEER/new_rv/install/rm_serial_driver/bin'
[0.846s] Level 1:colcon.colcon_core.environment:checking '/home/ljoy/Robomaster/PIONEER/new_rv/install/rm_serial_driver/lib/pkgconfig/rm_serial_driver.pc'
[0.846s] Level 1:colcon.colcon_core.environment:checking '/home/ljoy/Robomaster/PIONEER/new_rv/install/rm_serial_driver/lib/python3.10/site-packages'
[0.846s] Level 1:colcon.colcon_core.environment:checking '/home/ljoy/Robomaster/PIONEER/new_rv/install/rm_serial_driver/bin'
[0.846s] INFO:colcon.colcon_core.shell:Creating package script '/home/ljoy/Robomaster/PIONEER/new_rv/install/rm_serial_driver/share/rm_serial_driver/package.ps1'
[0.846s] INFO:colcon.colcon_core.shell:Creating package descriptor '/home/ljoy/Robomaster/PIONEER/new_rv/install/rm_serial_driver/share/rm_serial_driver/package.dsv'
[0.846s] INFO:colcon.colcon_core.shell:Creating package script '/home/ljoy/Robomaster/PIONEER/new_rv/install/rm_serial_driver/share/rm_serial_driver/package.sh'
[0.847s] INFO:colcon.colcon_core.shell:Creating package script '/home/ljoy/Robomaster/PIONEER/new_rv/install/rm_serial_driver/share/rm_serial_driver/package.bash'
[0.847s] INFO:colcon.colcon_core.shell:Creating package script '/home/ljoy/Robomaster/PIONEER/new_rv/install/rm_serial_driver/share/rm_serial_driver/package.zsh'
[0.847s] Level 1:colcon.colcon_core.environment:create_file_with_runtime_dependencies(/home/ljoy/Robomaster/PIONEER/new_rv/install/rm_serial_driver/share/colcon-core/packages/rm_serial_driver)
[0.848s] Level 1:colcon.colcon_core.environment:create_environment_scripts_only(rm_tools)
[0.848s] Level 1:colcon.colcon_core.environment:checking '/home/ljoy/Robomaster/PIONEER/new_rv/install/rm_tools' for CMake module files
[0.848s] DEBUG:colcon.colcon_core.event_handler.log_command:Invoked command in '/home/ljoy/Robomaster/PIONEER/new_rv/build/rm_tools' returned '0': CMAKE_PREFIX_PATH=/opt/ros/humble /usr/bin/cmake --install /home/ljoy/Robomaster/PIONEER/new_rv/build/rm_tools
[0.848s] Level 1:colcon.colcon_core.environment:checking '/home/ljoy/Robomaster/PIONEER/new_rv/install/rm_tools' for CMake config files
[0.848s] Level 1:colcon.colcon_core.shell:create_environment_hook('rm_tools', 'cmake_prefix_path')
[0.848s] INFO:colcon.colcon_core.shell:Creating environment hook '/home/ljoy/Robomaster/PIONEER/new_rv/install/rm_tools/share/rm_tools/hook/cmake_prefix_path.ps1'
[0.849s] INFO:colcon.colcon_core.shell:Creating environment descriptor '/home/ljoy/Robomaster/PIONEER/new_rv/install/rm_tools/share/rm_tools/hook/cmake_prefix_path.dsv'
[0.849s] INFO:colcon.colcon_core.shell:Creating environment hook '/home/ljoy/Robomaster/PIONEER/new_rv/install/rm_tools/share/rm_tools/hook/cmake_prefix_path.sh'
[0.849s] Level 1:colcon.colcon_core.environment:checking '/home/ljoy/Robomaster/PIONEER/new_rv/install/rm_tools/lib'
[0.849s] Level 1:colcon.colcon_core.shell:create_environment_hook('rm_tools', 'ld_library_path_lib')
[0.849s] INFO:colcon.colcon_core.shell:Creating environment hook '/home/ljoy/Robomaster/PIONEER/new_rv/install/rm_tools/share/rm_tools/hook/ld_library_path_lib.ps1'
[0.849s] INFO:colcon.colcon_core.shell:Creating environment descriptor '/home/ljoy/Robomaster/PIONEER/new_rv/install/rm_tools/share/rm_tools/hook/ld_library_path_lib.dsv'
[0.849s] INFO:colcon.colcon_core.shell:Creating environment hook '/home/ljoy/Robomaster/PIONEER/new_rv/install/rm_tools/share/rm_tools/hook/ld_library_path_lib.sh'
[0.850s] Level 1:colcon.colcon_core.environment:checking '/home/ljoy/Robomaster/PIONEER/new_rv/install/rm_tools/bin'
[0.850s] Level 1:colcon.colcon_core.environment:checking '/home/ljoy/Robomaster/PIONEER/new_rv/install/rm_tools/lib/pkgconfig/rm_tools.pc'
[0.850s] Level 1:colcon.colcon_core.environment:checking '/home/ljoy/Robomaster/PIONEER/new_rv/install/rm_tools/lib/python3.10/site-packages'
[0.850s] Level 1:colcon.colcon_core.environment:checking '/home/ljoy/Robomaster/PIONEER/new_rv/install/rm_tools/bin'
[0.850s] INFO:colcon.colcon_core.shell:Creating package script '/home/ljoy/Robomaster/PIONEER/new_rv/install/rm_tools/share/rm_tools/package.ps1'
[0.850s] INFO:colcon.colcon_core.shell:Creating package descriptor '/home/ljoy/Robomaster/PIONEER/new_rv/install/rm_tools/share/rm_tools/package.dsv'
[0.850s] INFO:colcon.colcon_core.shell:Creating package script '/home/ljoy/Robomaster/PIONEER/new_rv/install/rm_tools/share/rm_tools/package.sh'
[0.851s] INFO:colcon.colcon_core.shell:Creating package script '/home/ljoy/Robomaster/PIONEER/new_rv/install/rm_tools/share/rm_tools/package.bash'
[0.851s] INFO:colcon.colcon_core.shell:Creating package script '/home/ljoy/Robomaster/PIONEER/new_rv/install/rm_tools/share/rm_tools/package.zsh'
[0.851s] Level 1:colcon.colcon_core.environment:create_file_with_runtime_dependencies(/home/ljoy/Robomaster/PIONEER/new_rv/install/rm_tools/share/colcon-core/packages/rm_tools)
[0.866s] Level 1:colcon.colcon_core.environment:create_environment_scripts_only(rm_serial_driver)
[0.866s] Level 1:colcon.colcon_core.environment:checking '/home/ljoy/Robomaster/PIONEER/new_rv/install/rm_serial_driver' for CMake module files
[0.866s] Level 1:colcon.colcon_core.environment:checking '/home/ljoy/Robomaster/PIONEER/new_rv/install/rm_serial_driver' for CMake config files
[0.866s] Level 1:colcon.colcon_core.shell:create_environment_hook('rm_serial_driver', 'cmake_prefix_path')
[0.867s] INFO:colcon.colcon_core.shell:Creating environment hook '/home/ljoy/Robomaster/PIONEER/new_rv/install/rm_serial_driver/share/rm_serial_driver/hook/cmake_prefix_path.ps1'
[0.867s] INFO:colcon.colcon_core.shell:Creating environment descriptor '/home/ljoy/Robomaster/PIONEER/new_rv/install/rm_serial_driver/share/rm_serial_driver/hook/cmake_prefix_path.dsv'
[0.867s] INFO:colcon.colcon_core.shell:Creating environment hook '/home/ljoy/Robomaster/PIONEER/new_rv/install/rm_serial_driver/share/rm_serial_driver/hook/cmake_prefix_path.sh'
[0.867s] Level 1:colcon.colcon_core.environment:checking '/home/ljoy/Robomaster/PIONEER/new_rv/install/rm_serial_driver/lib'
[0.867s] Level 1:colcon.colcon_core.shell:create_environment_hook('rm_serial_driver', 'ld_library_path_lib')
[0.867s] INFO:colcon.colcon_core.shell:Creating environment hook '/home/ljoy/Robomaster/PIONEER/new_rv/install/rm_serial_driver/share/rm_serial_driver/hook/ld_library_path_lib.ps1'
[0.867s] INFO:colcon.colcon_core.shell:Creating environment descriptor '/home/ljoy/Robomaster/PIONEER/new_rv/install/rm_serial_driver/share/rm_serial_driver/hook/ld_library_path_lib.dsv'
[0.867s] INFO:colcon.colcon_core.shell:Creating environment hook '/home/ljoy/Robomaster/PIONEER/new_rv/install/rm_serial_driver/share/rm_serial_driver/hook/ld_library_path_lib.sh'
[0.868s] Level 1:colcon.colcon_core.environment:checking '/home/ljoy/Robomaster/PIONEER/new_rv/install/rm_serial_driver/bin'
[0.868s] Level 1:colcon.colcon_core.environment:checking '/home/ljoy/Robomaster/PIONEER/new_rv/install/rm_serial_driver/lib/pkgconfig/rm_serial_driver.pc'
[0.868s] Level 1:colcon.colcon_core.environment:checking '/home/ljoy/Robomaster/PIONEER/new_rv/install/rm_serial_driver/lib/python3.10/site-packages'
[0.868s] Level 1:colcon.colcon_core.environment:checking '/home/ljoy/Robomaster/PIONEER/new_rv/install/rm_serial_driver/bin'
[0.868s] INFO:colcon.colcon_core.shell:Creating package script '/home/ljoy/Robomaster/PIONEER/new_rv/install/rm_serial_driver/share/rm_serial_driver/package.ps1'
[0.868s] INFO:colcon.colcon_core.shell:Creating package descriptor '/home/ljoy/Robomaster/PIONEER/new_rv/install/rm_serial_driver/share/rm_serial_driver/package.dsv'
[0.868s] INFO:colcon.colcon_core.shell:Creating package script '/home/ljoy/Robomaster/PIONEER/new_rv/install/rm_serial_driver/share/rm_serial_driver/package.sh'
[0.869s] INFO:colcon.colcon_core.shell:Creating package script '/home/ljoy/Robomaster/PIONEER/new_rv/install/rm_serial_driver/share/rm_serial_driver/package.bash'
[0.869s] INFO:colcon.colcon_core.shell:Creating package script '/home/ljoy/Robomaster/PIONEER/new_rv/install/rm_serial_driver/share/rm_serial_driver/package.zsh'
[0.869s] Level 1:colcon.colcon_core.environment:create_file_with_runtime_dependencies(/home/ljoy/Robomaster/PIONEER/new_rv/install/rm_serial_driver/share/colcon-core/packages/rm_serial_driver)
[0.869s] INFO:colcon.colcon_ros.task.ament_cmake.build:Building ROS package in '/home/ljoy/Robomaster/PIONEER/new_rv/rm_vision/rm_vision_bringup' with build type 'ament_cmake'
[0.869s] INFO:colcon.colcon_cmake.task.cmake.build:Building CMake package in '/home/ljoy/Robomaster/PIONEER/new_rv/rm_vision/rm_vision_bringup'
[0.869s] INFO:colcon.colcon_core.shell:Skip shell extension 'powershell' for command environment: Not usable outside of PowerShell
[0.870s] DEBUG:colcon.colcon_core.shell:Skip shell extension 'dsv' for command environment
[0.871s] Level 1:colcon.colcon_core.environment:create_environment_scripts_only(rm_tools)
[0.871s] Level 1:colcon.colcon_core.environment:checking '/home/ljoy/Robomaster/PIONEER/new_rv/install/rm_tools' for CMake module files
[0.871s] Level 1:colcon.colcon_core.environment:checking '/home/ljoy/Robomaster/PIONEER/new_rv/install/rm_tools' for CMake config files
[0.872s] Level 1:colcon.colcon_core.shell:create_environment_hook('rm_tools', 'cmake_prefix_path')
[0.872s] INFO:colcon.colcon_core.shell:Creating environment hook '/home/ljoy/Robomaster/PIONEER/new_rv/install/rm_tools/share/rm_tools/hook/cmake_prefix_path.ps1'
[0.872s] INFO:colcon.colcon_core.shell:Creating environment descriptor '/home/ljoy/Robomaster/PIONEER/new_rv/install/rm_tools/share/rm_tools/hook/cmake_prefix_path.dsv'
[0.872s] INFO:colcon.colcon_core.shell:Creating environment hook '/home/ljoy/Robomaster/PIONEER/new_rv/install/rm_tools/share/rm_tools/hook/cmake_prefix_path.sh'
[0.872s] Level 1:colcon.colcon_core.environment:checking '/home/ljoy/Robomaster/PIONEER/new_rv/install/rm_tools/lib'
[0.872s] Level 1:colcon.colcon_core.shell:create_environment_hook('rm_tools', 'ld_library_path_lib')
[0.872s] INFO:colcon.colcon_core.shell:Creating environment hook '/home/ljoy/Robomaster/PIONEER/new_rv/install/rm_tools/share/rm_tools/hook/ld_library_path_lib.ps1'
[0.873s] INFO:colcon.colcon_core.shell:Creating environment descriptor '/home/ljoy/Robomaster/PIONEER/new_rv/install/rm_tools/share/rm_tools/hook/ld_library_path_lib.dsv'
[0.873s] INFO:colcon.colcon_core.shell:Creating environment hook '/home/ljoy/Robomaster/PIONEER/new_rv/install/rm_tools/share/rm_tools/hook/ld_library_path_lib.sh'
[0.873s] Level 1:colcon.colcon_core.environment:checking '/home/ljoy/Robomaster/PIONEER/new_rv/install/rm_tools/bin'
[0.873s] Level 1:colcon.colcon_core.environment:checking '/home/ljoy/Robomaster/PIONEER/new_rv/install/rm_tools/lib/pkgconfig/rm_tools.pc'
[0.873s] Level 1:colcon.colcon_core.environment:checking '/home/ljoy/Robomaster/PIONEER/new_rv/install/rm_tools/lib/python3.10/site-packages'
[0.873s] Level 1:colcon.colcon_core.environment:checking '/home/ljoy/Robomaster/PIONEER/new_rv/install/rm_tools/bin'
[0.873s] INFO:colcon.colcon_core.shell:Creating package script '/home/ljoy/Robomaster/PIONEER/new_rv/install/rm_tools/share/rm_tools/package.ps1'
[0.874s] INFO:colcon.colcon_core.shell:Creating package descriptor '/home/ljoy/Robomaster/PIONEER/new_rv/install/rm_tools/share/rm_tools/package.dsv'
[0.874s] INFO:colcon.colcon_core.shell:Creating package script '/home/ljoy/Robomaster/PIONEER/new_rv/install/rm_tools/share/rm_tools/package.sh'
[0.874s] INFO:colcon.colcon_core.shell:Creating package script '/home/ljoy/Robomaster/PIONEER/new_rv/install/rm_tools/share/rm_tools/package.bash'
[0.874s] INFO:colcon.colcon_core.shell:Creating package script '/home/ljoy/Robomaster/PIONEER/new_rv/install/rm_tools/share/rm_tools/package.zsh'
[0.874s] Level 1:colcon.colcon_core.environment:create_file_with_runtime_dependencies(/home/ljoy/Robomaster/PIONEER/new_rv/install/rm_tools/share/colcon-core/packages/rm_tools)
[0.875s] INFO:colcon.colcon_ros.task.ament_cmake.build:Building ROS package in '/home/ljoy/Robomaster/PIONEER/new_rv/rm_auto_aim/armor_detector' with build type 'ament_cmake'
[0.875s] INFO:colcon.colcon_cmake.task.cmake.build:Building CMake package in '/home/ljoy/Robomaster/PIONEER/new_rv/rm_auto_aim/armor_detector'
[0.875s] INFO:colcon.colcon_core.shell:Skip shell extension 'powershell' for command environment: Not usable outside of PowerShell
[0.875s] DEBUG:colcon.colcon_core.shell:Skip shell extension 'dsv' for command environment
[0.876s] INFO:colcon.colcon_ros.task.ament_cmake.build:Building ROS package in '/home/ljoy/Robomaster/PIONEER/new_rv/rm_auto_aim/armor_tracker' with build type 'ament_cmake'
[0.876s] INFO:colcon.colcon_cmake.task.cmake.build:Building CMake package in '/home/ljoy/Robomaster/PIONEER/new_rv/rm_auto_aim/armor_tracker'
[0.876s] INFO:colcon.colcon_core.shell:Skip shell extension 'powershell' for command environment: Not usable outside of PowerShell
[0.876s] DEBUG:colcon.colcon_core.shell:Skip shell extension 'dsv' for command environment
[0.878s] INFO:colcon.colcon_ros.task.ament_cmake.build:Building ROS package in '/home/ljoy/Robomaster/PIONEER/new_rv/rm_planner' with build type 'ament_cmake'
[0.878s] INFO:colcon.colcon_cmake.task.cmake.build:Building CMake package in '/home/ljoy/Robomaster/PIONEER/new_rv/rm_planner'
[0.878s] INFO:colcon.colcon_core.shell:Skip shell extension 'powershell' for command environment: Not usable outside of PowerShell
[0.878s] DEBUG:colcon.colcon_core.shell:Skip shell extension 'dsv' for command environment
[0.881s] DEBUG:colcon.colcon_core.event_handler.log_command:Invoking command in '/home/ljoy/Robomaster/PIONEER/new_rv/build/rm_vision_bringup': AMENT_PREFIX_PATH=/home/ljoy/Robomaster/PIONEER/new_rv/install/rm_serial_driver:/home/ljoy/Robomaster/PIONEER/new_rv/install/auto_aim_interfaces:${AMENT_PREFIX_PATH} CMAKE_PREFIX_PATH=/home/ljoy/Robomaster/PIONEER/new_rv/install/rm_serial_driver:/home/ljoy/Robomaster/PIONEER/new_rv/install/auto_aim_interfaces:/opt/ros/humble LD_LIBRARY_PATH=/home/ljoy/Robomaster/PIONEER/new_rv/install/rm_serial_driver/lib:/home/ljoy/Robomaster/PIONEER/new_rv/install/auto_aim_interfaces/lib:/opt/ros/humble/opt/rviz_ogre_vendor/lib:/opt/ros/humble/lib/x86_64-linux-gnu:/opt/ros/humble/lib:/opt/MVS/lib/64:/opt/MVS/lib/32:/opt/MVS/lib/64:/opt/MVS/lib/64 PYTHONPATH=/home/ljoy/Robomaster/PIONEER/new_rv/install/auto_aim_interfaces/local/lib/python3.10/dist-packages:${PYTHONPATH} /usr/bin/cmake --build /home/ljoy/Robomaster/PIONEER/new_rv/build/rm_vision_bringup -- -j32 -l32
[0.883s] DEBUG:colcon.colcon_core.event_handler.log_command:Invoking command in '/home/ljoy/Robomaster/PIONEER/new_rv/build/armor_detector': AMENT_PREFIX_PATH=/home/ljoy/Robomaster/PIONEER/new_rv/install/rm_tools:/home/ljoy/Robomaster/PIONEER/new_rv/install/auto_aim_interfaces:${AMENT_PREFIX_PATH} CMAKE_PREFIX_PATH=/home/ljoy/Robomaster/PIONEER/new_rv/install/rm_tools:/home/ljoy/Robomaster/PIONEER/new_rv/install/auto_aim_interfaces:/opt/ros/humble LD_LIBRARY_PATH=/home/ljoy/Robomaster/PIONEER/new_rv/install/rm_tools/lib:/home/ljoy/Robomaster/PIONEER/new_rv/install/auto_aim_interfaces/lib:/opt/ros/humble/opt/rviz_ogre_vendor/lib:/opt/ros/humble/lib/x86_64-linux-gnu:/opt/ros/humble/lib:/opt/MVS/lib/64:/opt/MVS/lib/32:/opt/MVS/lib/64:/opt/MVS/lib/64 PYTHONPATH=/home/ljoy/Robomaster/PIONEER/new_rv/install/auto_aim_interfaces/local/lib/python3.10/dist-packages:${PYTHONPATH} /usr/bin/cmake --build /home/ljoy/Robomaster/PIONEER/new_rv/build/armor_detector -- -j32 -l32
[0.885s] DEBUG:colcon.colcon_core.event_handler.log_command:Invoking command in '/home/ljoy/Robomaster/PIONEER/new_rv/build/armor_tracker': AMENT_PREFIX_PATH=/home/ljoy/Robomaster/PIONEER/new_rv/install/rm_tools:/home/ljoy/Robomaster/PIONEER/new_rv/install/auto_aim_interfaces:${AMENT_PREFIX_PATH} CMAKE_PREFIX_PATH=/home/ljoy/Robomaster/PIONEER/new_rv/install/rm_tools:/home/ljoy/Robomaster/PIONEER/new_rv/install/auto_aim_interfaces:/opt/ros/humble LD_LIBRARY_PATH=/home/ljoy/Robomaster/PIONEER/new_rv/install/rm_tools/lib:/home/ljoy/Robomaster/PIONEER/new_rv/install/auto_aim_interfaces/lib:/opt/ros/humble/opt/rviz_ogre_vendor/lib:/opt/ros/humble/lib/x86_64-linux-gnu:/opt/ros/humble/lib:/opt/MVS/lib/64:/opt/MVS/lib/32:/opt/MVS/lib/64:/opt/MVS/lib/64 PYTHONPATH=/home/ljoy/Robomaster/PIONEER/new_rv/install/auto_aim_interfaces/local/lib/python3.10/dist-packages:${PYTHONPATH} /usr/bin/cmake --build /home/ljoy/Robomaster/PIONEER/new_rv/build/armor_tracker -- -j32 -l32
[0.886s] DEBUG:colcon.colcon_core.event_handler.log_command:Invoking command in '/home/ljoy/Robomaster/PIONEER/new_rv/build/rm_planner': AMENT_PREFIX_PATH=/home/ljoy/Robomaster/PIONEER/new_rv/install/rm_tools:/home/ljoy/Robomaster/PIONEER/new_rv/install/auto_aim_interfaces:${AMENT_PREFIX_PATH} CMAKE_PREFIX_PATH=/home/ljoy/Robomaster/PIONEER/new_rv/install/rm_tools:/home/ljoy/Robomaster/PIONEER/new_rv/install/auto_aim_interfaces:/opt/ros/humble LD_LIBRARY_PATH=/home/ljoy/Robomaster/PIONEER/new_rv/install/rm_tools/lib:/home/ljoy/Robomaster/PIONEER/new_rv/install/auto_aim_interfaces/lib:/opt/ros/humble/opt/rviz_ogre_vendor/lib:/opt/ros/humble/lib/x86_64-linux-gnu:/opt/ros/humble/lib:/opt/MVS/lib/64:/opt/MVS/lib/32:/opt/MVS/lib/64:/opt/MVS/lib/64 PYTHONPATH=/home/ljoy/Robomaster/PIONEER/new_rv/install/auto_aim_interfaces/local/lib/python3.10/dist-packages:${PYTHONPATH} /usr/bin/cmake --build /home/ljoy/Robomaster/PIONEER/new_rv/build/rm_planner -- -j32 -l32
[0.889s] DEBUG:colcon.colcon_core.event_handler.log_command:Invoked command in '/home/ljoy/Robomaster/PIONEER/new_rv/build/rm_vision_bringup' returned '0': AMENT_PREFIX_PATH=/home/ljoy/Robomaster/PIONEER/new_rv/install/rm_serial_driver:/home/ljoy/Robomaster/PIONEER/new_rv/install/auto_aim_interfaces:${AMENT_PREFIX_PATH} CMAKE_PREFIX_PATH=/home/ljoy/Robomaster/PIONEER/new_rv/install/rm_serial_driver:/home/ljoy/Robomaster/PIONEER/new_rv/install/auto_aim_interfaces:/opt/ros/humble LD_LIBRARY_PATH=/home/ljoy/Robomaster/PIONEER/new_rv/install/rm_serial_driver/lib:/home/ljoy/Robomaster/PIONEER/new_rv/install/auto_aim_interfaces/lib:/opt/ros/humble/opt/rviz_ogre_vendor/lib:/opt/ros/humble/lib/x86_64-linux-gnu:/opt/ros/humble/lib:/opt/MVS/lib/64:/opt/MVS/lib/32:/opt/MVS/lib/64:/opt/MVS/lib/64 PYTHONPATH=/home/ljoy/Robomaster/PIONEER/new_rv/install/auto_aim_interfaces/local/lib/python3.10/dist-packages:${PYTHONPATH} /usr/bin/cmake --build /home/ljoy/Robomaster/PIONEER/new_rv/build/rm_vision_bringup -- -j32 -l32
[0.900s] DEBUG:colcon.colcon_core.event_handler.log_command:Invoking command in '/home/ljoy/Robomaster/PIONEER/new_rv/build/rm_vision_bringup': AMENT_PREFIX_PATH=/home/ljoy/Robomaster/PIONEER/new_rv/install/rm_serial_driver:/home/ljoy/Robomaster/PIONEER/new_rv/install/auto_aim_interfaces:${AMENT_PREFIX_PATH} CMAKE_PREFIX_PATH=/home/ljoy/Robomaster/PIONEER/new_rv/install/rm_serial_driver:/home/ljoy/Robomaster/PIONEER/new_rv/install/auto_aim_interfaces:/opt/ros/humble LD_LIBRARY_PATH=/home/ljoy/Robomaster/PIONEER/new_rv/install/rm_serial_driver/lib:/home/ljoy/Robomaster/PIONEER/new_rv/install/auto_aim_interfaces/lib:/opt/ros/humble/opt/rviz_ogre_vendor/lib:/opt/ros/humble/lib/x86_64-linux-gnu:/opt/ros/humble/lib:/opt/MVS/lib/64:/opt/MVS/lib/32:/opt/MVS/lib/64:/opt/MVS/lib/64 PYTHONPATH=/home/ljoy/Robomaster/PIONEER/new_rv/install/auto_aim_interfaces/local/lib/python3.10/dist-packages:${PYTHONPATH} /usr/bin/cmake --install /home/ljoy/Robomaster/PIONEER/new_rv/build/rm_vision_bringup
[0.902s] Level 1:colcon.colcon_core.environment:create_environment_scripts_only(rm_vision_bringup)
[0.902s] DEBUG:colcon.colcon_core.event_handler.log_command:Invoked command in '/home/ljoy/Robomaster/PIONEER/new_rv/build/rm_vision_bringup' returned '0': AMENT_PREFIX_PATH=/home/ljoy/Robomaster/PIONEER/new_rv/install/rm_serial_driver:/home/ljoy/Robomaster/PIONEER/new_rv/install/auto_aim_interfaces:${AMENT_PREFIX_PATH} CMAKE_PREFIX_PATH=/home/ljoy/Robomaster/PIONEER/new_rv/install/rm_serial_driver:/home/ljoy/Robomaster/PIONEER/new_rv/install/auto_aim_interfaces:/opt/ros/humble LD_LIBRARY_PATH=/home/ljoy/Robomaster/PIONEER/new_rv/install/rm_serial_driver/lib:/home/ljoy/Robomaster/PIONEER/new_rv/install/auto_aim_interfaces/lib:/opt/ros/humble/opt/rviz_ogre_vendor/lib:/opt/ros/humble/lib/x86_64-linux-gnu:/opt/ros/humble/lib:/opt/MVS/lib/64:/opt/MVS/lib/32:/opt/MVS/lib/64:/opt/MVS/lib/64 PYTHONPATH=/home/ljoy/Robomaster/PIONEER/new_rv/install/auto_aim_interfaces/local/lib/python3.10/dist-packages:${PYTHONPATH} /usr/bin/cmake --install /home/ljoy/Robomaster/PIONEER/new_rv/build/rm_vision_bringup
[0.903s] Level 1:colcon.colcon_core.environment:checking '/home/ljoy/Robomaster/PIONEER/new_rv/install/rm_vision_bringup' for CMake module files
[0.903s] Level 1:colcon.colcon_core.environment:checking '/home/ljoy/Robomaster/PIONEER/new_rv/install/rm_vision_bringup' for CMake config files
[0.903s] Level 1:colcon.colcon_core.shell:create_environment_hook('rm_vision_bringup', 'cmake_prefix_path')
[0.903s] INFO:colcon.colcon_core.shell:Creating environment hook '/home/ljoy/Robomaster/PIONEER/new_rv/install/rm_vision_bringup/share/rm_vision_bringup/hook/cmake_prefix_path.ps1'
[0.903s] INFO:colcon.colcon_core.shell:Creating environment descriptor '/home/ljoy/Robomaster/PIONEER/new_rv/install/rm_vision_bringup/share/rm_vision_bringup/hook/cmake_prefix_path.dsv'
[0.904s] INFO:colcon.colcon_core.shell:Creating environment hook '/home/ljoy/Robomaster/PIONEER/new_rv/install/rm_vision_bringup/share/rm_vision_bringup/hook/cmake_prefix_path.sh'
[0.904s] Level 1:colcon.colcon_core.environment:checking '/home/ljoy/Robomaster/PIONEER/new_rv/install/rm_vision_bringup/bin'
[0.904s] Level 1:colcon.colcon_core.environment:checking '/home/ljoy/Robomaster/PIONEER/new_rv/install/rm_vision_bringup/lib/pkgconfig/rm_vision_bringup.pc'
[0.904s] Level 1:colcon.colcon_core.environment:checking '/home/ljoy/Robomaster/PIONEER/new_rv/install/rm_vision_bringup/lib/python3.10/site-packages'
[0.904s] Level 1:colcon.colcon_core.environment:checking '/home/ljoy/Robomaster/PIONEER/new_rv/install/rm_vision_bringup/bin'
[0.904s] INFO:colcon.colcon_core.shell:Creating package script '/home/ljoy/Robomaster/PIONEER/new_rv/install/rm_vision_bringup/share/rm_vision_bringup/package.ps1'
[0.904s] INFO:colcon.colcon_core.shell:Creating package descriptor '/home/ljoy/Robomaster/PIONEER/new_rv/install/rm_vision_bringup/share/rm_vision_bringup/package.dsv'
[0.905s] INFO:colcon.colcon_core.shell:Creating package script '/home/ljoy/Robomaster/PIONEER/new_rv/install/rm_vision_bringup/share/rm_vision_bringup/package.sh'
[0.905s] INFO:colcon.colcon_core.shell:Creating package script '/home/ljoy/Robomaster/PIONEER/new_rv/install/rm_vision_bringup/share/rm_vision_bringup/package.bash'
[0.905s] INFO:colcon.colcon_core.shell:Creating package script '/home/ljoy/Robomaster/PIONEER/new_rv/install/rm_vision_bringup/share/rm_vision_bringup/package.zsh'
[0.905s] Level 1:colcon.colcon_core.environment:create_file_with_runtime_dependencies(/home/ljoy/Robomaster/PIONEER/new_rv/install/rm_vision_bringup/share/colcon-core/packages/rm_vision_bringup)
[0.915s] Level 1:colcon.colcon_core.environment:create_environment_scripts_only(rm_vision_bringup)
[0.915s] Level 1:colcon.colcon_core.environment:checking '/home/ljoy/Robomaster/PIONEER/new_rv/install/rm_vision_bringup' for CMake module files
[0.915s] Level 1:colcon.colcon_core.environment:checking '/home/ljoy/Robomaster/PIONEER/new_rv/install/rm_vision_bringup' for CMake config files
[0.915s] Level 1:colcon.colcon_core.shell:create_environment_hook('rm_vision_bringup', 'cmake_prefix_path')
[0.915s] INFO:colcon.colcon_core.shell:Creating environment hook '/home/ljoy/Robomaster/PIONEER/new_rv/install/rm_vision_bringup/share/rm_vision_bringup/hook/cmake_prefix_path.ps1'
[0.916s] INFO:colcon.colcon_core.shell:Creating environment descriptor '/home/ljoy/Robomaster/PIONEER/new_rv/install/rm_vision_bringup/share/rm_vision_bringup/hook/cmake_prefix_path.dsv'
[0.916s] INFO:colcon.colcon_core.shell:Creating environment hook '/home/ljoy/Robomaster/PIONEER/new_rv/install/rm_vision_bringup/share/rm_vision_bringup/hook/cmake_prefix_path.sh'
[0.916s] Level 1:colcon.colcon_core.environment:checking '/home/ljoy/Robomaster/PIONEER/new_rv/install/rm_vision_bringup/bin'
[0.916s] Level 1:colcon.colcon_core.environment:checking '/home/ljoy/Robomaster/PIONEER/new_rv/install/rm_vision_bringup/lib/pkgconfig/rm_vision_bringup.pc'
[0.916s] Level 1:colcon.colcon_core.environment:checking '/home/ljoy/Robomaster/PIONEER/new_rv/install/rm_vision_bringup/lib/python3.10/site-packages'
[0.916s] Level 1:colcon.colcon_core.environment:checking '/home/ljoy/Robomaster/PIONEER/new_rv/install/rm_vision_bringup/bin'
[0.916s] INFO:colcon.colcon_core.shell:Creating package script '/home/ljoy/Robomaster/PIONEER/new_rv/install/rm_vision_bringup/share/rm_vision_bringup/package.ps1'
[0.917s] INFO:colcon.colcon_core.shell:Creating package descriptor '/home/ljoy/Robomaster/PIONEER/new_rv/install/rm_vision_bringup/share/rm_vision_bringup/package.dsv'
[0.917s] INFO:colcon.colcon_core.shell:Creating package script '/home/ljoy/Robomaster/PIONEER/new_rv/install/rm_vision_bringup/share/rm_vision_bringup/package.sh'
[0.917s] INFO:colcon.colcon_core.shell:Creating package script '/home/ljoy/Robomaster/PIONEER/new_rv/install/rm_vision_bringup/share/rm_vision_bringup/package.bash'
[0.917s] INFO:colcon.colcon_core.shell:Creating package script '/home/ljoy/Robomaster/PIONEER/new_rv/install/rm_vision_bringup/share/rm_vision_bringup/package.zsh'
[0.917s] Level 1:colcon.colcon_core.environment:create_file_with_runtime_dependencies(/home/ljoy/Robomaster/PIONEER/new_rv/install/rm_vision_bringup/share/colcon-core/packages/rm_vision_bringup)
[1.336s] DEBUG:colcon.colcon_core.event_handler.log_command:Invoked command in '/home/ljoy/Robomaster/PIONEER/new_rv/build/armor_tracker' returned '0': AMENT_PREFIX_PATH=/home/ljoy/Robomaster/PIONEER/new_rv/install/rm_tools:/home/ljoy/Robomaster/PIONEER/new_rv/install/auto_aim_interfaces:${AMENT_PREFIX_PATH} CMAKE_PREFIX_PATH=/home/ljoy/Robomaster/PIONEER/new_rv/install/rm_tools:/home/ljoy/Robomaster/PIONEER/new_rv/install/auto_aim_interfaces:/opt/ros/humble LD_LIBRARY_PATH=/home/ljoy/Robomaster/PIONEER/new_rv/install/rm_tools/lib:/home/ljoy/Robomaster/PIONEER/new_rv/install/auto_aim_interfaces/lib:/opt/ros/humble/opt/rviz_ogre_vendor/lib:/opt/ros/humble/lib/x86_64-linux-gnu:/opt/ros/humble/lib:/opt/MVS/lib/64:/opt/MVS/lib/32:/opt/MVS/lib/64:/opt/MVS/lib/64 PYTHONPATH=/home/ljoy/Robomaster/PIONEER/new_rv/install/auto_aim_interfaces/local/lib/python3.10/dist-packages:${PYTHONPATH} /usr/bin/cmake --build /home/ljoy/Robomaster/PIONEER/new_rv/build/armor_tracker -- -j32 -l32
[1.352s] DEBUG:colcon.colcon_core.event_handler.log_command:Invoking command in '/home/ljoy/Robomaster/PIONEER/new_rv/build/armor_tracker': AMENT_PREFIX_PATH=/home/ljoy/Robomaster/PIONEER/new_rv/install/rm_tools:/home/ljoy/Robomaster/PIONEER/new_rv/install/auto_aim_interfaces:${AMENT_PREFIX_PATH} CMAKE_PREFIX_PATH=/home/ljoy/Robomaster/PIONEER/new_rv/install/rm_tools:/home/ljoy/Robomaster/PIONEER/new_rv/install/auto_aim_interfaces:/opt/ros/humble LD_LIBRARY_PATH=/home/ljoy/Robomaster/PIONEER/new_rv/install/rm_tools/lib:/home/ljoy/Robomaster/PIONEER/new_rv/install/auto_aim_interfaces/lib:/opt/ros/humble/opt/rviz_ogre_vendor/lib:/opt/ros/humble/lib/x86_64-linux-gnu:/opt/ros/humble/lib:/opt/MVS/lib/64:/opt/MVS/lib/32:/opt/MVS/lib/64:/opt/MVS/lib/64 PYTHONPATH=/home/ljoy/Robomaster/PIONEER/new_rv/install/auto_aim_interfaces/local/lib/python3.10/dist-packages:${PYTHONPATH} /usr/bin/cmake --install /home/ljoy/Robomaster/PIONEER/new_rv/build/armor_tracker
[1.365s] Level 1:colcon.colcon_core.environment:create_environment_scripts_only(armor_tracker)
[1.365s] DEBUG:colcon.colcon_core.event_handler.log_command:Invoked command in '/home/ljoy/Robomaster/PIONEER/new_rv/build/armor_tracker' returned '0': AMENT_PREFIX_PATH=/home/ljoy/Robomaster/PIONEER/new_rv/install/rm_tools:/home/ljoy/Robomaster/PIONEER/new_rv/install/auto_aim_interfaces:${AMENT_PREFIX_PATH} CMAKE_PREFIX_PATH=/home/ljoy/Robomaster/PIONEER/new_rv/install/rm_tools:/home/ljoy/Robomaster/PIONEER/new_rv/install/auto_aim_interfaces:/opt/ros/humble LD_LIBRARY_PATH=/home/ljoy/Robomaster/PIONEER/new_rv/install/rm_tools/lib:/home/ljoy/Robomaster/PIONEER/new_rv/install/auto_aim_interfaces/lib:/opt/ros/humble/opt/rviz_ogre_vendor/lib:/opt/ros/humble/lib/x86_64-linux-gnu:/opt/ros/humble/lib:/opt/MVS/lib/64:/opt/MVS/lib/32:/opt/MVS/lib/64:/opt/MVS/lib/64 PYTHONPATH=/home/ljoy/Robomaster/PIONEER/new_rv/install/auto_aim_interfaces/local/lib/python3.10/dist-packages:${PYTHONPATH} /usr/bin/cmake --install /home/ljoy/Robomaster/PIONEER/new_rv/build/armor_tracker
[1.365s] Level 1:colcon.colcon_core.environment:checking '/home/ljoy/Robomaster/PIONEER/new_rv/install/armor_tracker' for CMake module files
[1.365s] Level 1:colcon.colcon_core.environment:checking '/home/ljoy/Robomaster/PIONEER/new_rv/install/armor_tracker' for CMake config files
[1.366s] Level 1:colcon.colcon_core.shell:create_environment_hook('armor_tracker', 'cmake_prefix_path')
[1.366s] INFO:colcon.colcon_core.shell:Creating environment hook '/home/ljoy/Robomaster/PIONEER/new_rv/install/armor_tracker/share/armor_tracker/hook/cmake_prefix_path.ps1'
[1.366s] INFO:colcon.colcon_core.shell:Creating environment descriptor '/home/ljoy/Robomaster/PIONEER/new_rv/install/armor_tracker/share/armor_tracker/hook/cmake_prefix_path.dsv'
[1.367s] INFO:colcon.colcon_core.shell:Creating environment hook '/home/ljoy/Robomaster/PIONEER/new_rv/install/armor_tracker/share/armor_tracker/hook/cmake_prefix_path.sh'
[1.367s] Level 1:colcon.colcon_core.environment:checking '/home/ljoy/Robomaster/PIONEER/new_rv/install/armor_tracker/lib'
[1.367s] Level 1:colcon.colcon_core.shell:create_environment_hook('armor_tracker', 'ld_library_path_lib')
[1.367s] INFO:colcon.colcon_core.shell:Creating environment hook '/home/ljoy/Robomaster/PIONEER/new_rv/install/armor_tracker/share/armor_tracker/hook/ld_library_path_lib.ps1'
[1.367s] INFO:colcon.colcon_core.shell:Creating environment descriptor '/home/ljoy/Robomaster/PIONEER/new_rv/install/armor_tracker/share/armor_tracker/hook/ld_library_path_lib.dsv'
[1.368s] INFO:colcon.colcon_core.shell:Creating environment hook '/home/ljoy/Robomaster/PIONEER/new_rv/install/armor_tracker/share/armor_tracker/hook/ld_library_path_lib.sh'
[1.368s] Level 1:colcon.colcon_core.environment:checking '/home/ljoy/Robomaster/PIONEER/new_rv/install/armor_tracker/bin'
[1.368s] Level 1:colcon.colcon_core.environment:checking '/home/ljoy/Robomaster/PIONEER/new_rv/install/armor_tracker/lib/pkgconfig/armor_tracker.pc'
[1.368s] Level 1:colcon.colcon_core.environment:checking '/home/ljoy/Robomaster/PIONEER/new_rv/install/armor_tracker/lib/python3.10/site-packages'
[1.368s] Level 1:colcon.colcon_core.environment:checking '/home/ljoy/Robomaster/PIONEER/new_rv/install/armor_tracker/bin'
[1.369s] INFO:colcon.colcon_core.shell:Creating package script '/home/ljoy/Robomaster/PIONEER/new_rv/install/armor_tracker/share/armor_tracker/package.ps1'
[1.369s] INFO:colcon.colcon_core.shell:Creating package descriptor '/home/ljoy/Robomaster/PIONEER/new_rv/install/armor_tracker/share/armor_tracker/package.dsv'
[1.369s] INFO:colcon.colcon_core.shell:Creating package script '/home/ljoy/Robomaster/PIONEER/new_rv/install/armor_tracker/share/armor_tracker/package.sh'
[1.370s] INFO:colcon.colcon_core.shell:Creating package script '/home/ljoy/Robomaster/PIONEER/new_rv/install/armor_tracker/share/armor_tracker/package.bash'
[1.370s] INFO:colcon.colcon_core.shell:Creating package script '/home/ljoy/Robomaster/PIONEER/new_rv/install/armor_tracker/share/armor_tracker/package.zsh'
[1.370s] Level 1:colcon.colcon_core.environment:create_file_with_runtime_dependencies(/home/ljoy/Robomaster/PIONEER/new_rv/install/armor_tracker/share/colcon-core/packages/armor_tracker)
[1.385s] Level 1:colcon.colcon_core.environment:create_environment_scripts_only(armor_tracker)
[1.386s] Level 1:colcon.colcon_core.environment:checking '/home/ljoy/Robomaster/PIONEER/new_rv/install/armor_tracker' for CMake module files
[1.386s] Level 1:colcon.colcon_core.environment:checking '/home/ljoy/Robomaster/PIONEER/new_rv/install/armor_tracker' for CMake config files
[1.386s] Level 1:colcon.colcon_core.shell:create_environment_hook('armor_tracker', 'cmake_prefix_path')
[1.386s] INFO:colcon.colcon_core.shell:Creating environment hook '/home/ljoy/Robomaster/PIONEER/new_rv/install/armor_tracker/share/armor_tracker/hook/cmake_prefix_path.ps1'
[1.387s] INFO:colcon.colcon_core.shell:Creating environment descriptor '/home/ljoy/Robomaster/PIONEER/new_rv/install/armor_tracker/share/armor_tracker/hook/cmake_prefix_path.dsv'
[1.387s] INFO:colcon.colcon_core.shell:Creating environment hook '/home/ljoy/Robomaster/PIONEER/new_rv/install/armor_tracker/share/armor_tracker/hook/cmake_prefix_path.sh'
[1.387s] Level 1:colcon.colcon_core.environment:checking '/home/ljoy/Robomaster/PIONEER/new_rv/install/armor_tracker/lib'
[1.387s] Level 1:colcon.colcon_core.shell:create_environment_hook('armor_tracker', 'ld_library_path_lib')
[1.387s] INFO:colcon.colcon_core.shell:Creating environment hook '/home/ljoy/Robomaster/PIONEER/new_rv/install/armor_tracker/share/armor_tracker/hook/ld_library_path_lib.ps1'
[1.388s] INFO:colcon.colcon_core.shell:Creating environment descriptor '/home/ljoy/Robomaster/PIONEER/new_rv/install/armor_tracker/share/armor_tracker/hook/ld_library_path_lib.dsv'
[1.388s] INFO:colcon.colcon_core.shell:Creating environment hook '/home/ljoy/Robomaster/PIONEER/new_rv/install/armor_tracker/share/armor_tracker/hook/ld_library_path_lib.sh'
[1.388s] Level 1:colcon.colcon_core.environment:checking '/home/ljoy/Robomaster/PIONEER/new_rv/install/armor_tracker/bin'
[1.388s] Level 1:colcon.colcon_core.environment:checking '/home/ljoy/Robomaster/PIONEER/new_rv/install/armor_tracker/lib/pkgconfig/armor_tracker.pc'
[1.388s] Level 1:colcon.colcon_core.environment:checking '/home/ljoy/Robomaster/PIONEER/new_rv/install/armor_tracker/lib/python3.10/site-packages'
[1.388s] Level 1:colcon.colcon_core.environment:checking '/home/ljoy/Robomaster/PIONEER/new_rv/install/armor_tracker/bin'
[1.389s] INFO:colcon.colcon_core.shell:Creating package script '/home/ljoy/Robomaster/PIONEER/new_rv/install/armor_tracker/share/armor_tracker/package.ps1'
[1.389s] INFO:colcon.colcon_core.shell:Creating package descriptor '/home/ljoy/Robomaster/PIONEER/new_rv/install/armor_tracker/share/armor_tracker/package.dsv'
[1.389s] INFO:colcon.colcon_core.shell:Creating package script '/home/ljoy/Robomaster/PIONEER/new_rv/install/armor_tracker/share/armor_tracker/package.sh'
[1.390s] INFO:colcon.colcon_core.shell:Creating package script '/home/ljoy/Robomaster/PIONEER/new_rv/install/armor_tracker/share/armor_tracker/package.bash'
[1.390s] INFO:colcon.colcon_core.shell:Creating package script '/home/ljoy/Robomaster/PIONEER/new_rv/install/armor_tracker/share/armor_tracker/package.zsh'
[1.390s] Level 1:colcon.colcon_core.environment:create_file_with_runtime_dependencies(/home/ljoy/Robomaster/PIONEER/new_rv/install/armor_tracker/share/colcon-core/packages/armor_tracker)
[5.251s] DEBUG:colcon.colcon_core.event_handler.log_command:Invoked command in '/home/ljoy/Robomaster/PIONEER/new_rv/build/rm_planner' returned '2': AMENT_PREFIX_PATH=/home/ljoy/Robomaster/PIONEER/new_rv/install/rm_tools:/home/ljoy/Robomaster/PIONEER/new_rv/install/auto_aim_interfaces:${AMENT_PREFIX_PATH} CMAKE_PREFIX_PATH=/home/ljoy/Robomaster/PIONEER/new_rv/install/rm_tools:/home/ljoy/Robomaster/PIONEER/new_rv/install/auto_aim_interfaces:/opt/ros/humble LD_LIBRARY_PATH=/home/ljoy/Robomaster/PIONEER/new_rv/install/rm_tools/lib:/home/ljoy/Robomaster/PIONEER/new_rv/install/auto_aim_interfaces/lib:/opt/ros/humble/opt/rviz_ogre_vendor/lib:/opt/ros/humble/lib/x86_64-linux-gnu:/opt/ros/humble/lib:/opt/MVS/lib/64:/opt/MVS/lib/32:/opt/MVS/lib/64:/opt/MVS/lib/64 PYTHONPATH=/home/ljoy/Robomaster/PIONEER/new_rv/install/auto_aim_interfaces/local/lib/python3.10/dist-packages:${PYTHONPATH} /usr/bin/cmake --build /home/ljoy/Robomaster/PIONEER/new_rv/build/rm_planner -- -j32 -l32
[5.269s] Level 1:colcon.colcon_core.environment:create_environment_scripts_only(rm_planner)
[5.269s] Level 1:colcon.colcon_core.environment:checking '/home/ljoy/Robomaster/PIONEER/new_rv/install/rm_planner' for CMake module files
[5.269s] Level 1:colcon.colcon_core.environment:checking '/home/ljoy/Robomaster/PIONEER/new_rv/install/rm_planner' for CMake config files
[5.269s] Level 1:colcon.colcon_core.environment:checking '/home/ljoy/Robomaster/PIONEER/new_rv/install/rm_planner/bin'
[5.269s] Level 1:colcon.colcon_core.environment:checking '/home/ljoy/Robomaster/PIONEER/new_rv/install/rm_planner/lib/pkgconfig/rm_planner.pc'
[5.269s] Level 1:colcon.colcon_core.environment:checking '/home/ljoy/Robomaster/PIONEER/new_rv/install/rm_planner/lib/python3.10/site-packages'
[5.270s] Level 1:colcon.colcon_core.environment:checking '/home/ljoy/Robomaster/PIONEER/new_rv/install/rm_planner/bin'
[5.270s] INFO:colcon.colcon_core.shell:Creating package script '/home/ljoy/Robomaster/PIONEER/new_rv/install/rm_planner/share/rm_planner/package.ps1'
[5.270s] INFO:colcon.colcon_core.shell:Creating package descriptor '/home/ljoy/Robomaster/PIONEER/new_rv/install/rm_planner/share/rm_planner/package.dsv'
[5.270s] INFO:colcon.colcon_core.shell:Creating package script '/home/ljoy/Robomaster/PIONEER/new_rv/install/rm_planner/share/rm_planner/package.sh'
[5.270s] INFO:colcon.colcon_core.shell:Creating package script '/home/ljoy/Robomaster/PIONEER/new_rv/install/rm_planner/share/rm_planner/package.bash'
[5.270s] INFO:colcon.colcon_core.shell:Creating package script '/home/ljoy/Robomaster/PIONEER/new_rv/install/rm_planner/share/rm_planner/package.zsh'
[5.271s] Level 1:colcon.colcon_core.environment:create_file_with_runtime_dependencies(/home/ljoy/Robomaster/PIONEER/new_rv/install/rm_planner/share/colcon-core/packages/rm_planner)
[5.953s] DEBUG:colcon.colcon_parallel_executor.executor.parallel:closing loop
[5.953s] DEBUG:colcon.colcon_parallel_executor.executor.parallel:loop closed
[5.953s] DEBUG:colcon.colcon_parallel_executor.executor.parallel:run_until_complete finished with '2'
[5.953s] DEBUG:colcon.colcon_core.event_reactor:joining thread
[5.956s] INFO:colcon.colcon_core.plugin_system:Skipping extension 'colcon_notification.desktop_notification.terminal_notifier': Not used on non-Darwin systems
[5.956s] INFO:colcon.colcon_core.plugin_system:Skipping extension 'colcon_notification.desktop_notification.win32': Not used on non-Windows systems
[5.956s] INFO:colcon.colcon_notification.desktop_notification:Sending desktop notification using 'notify2'
[5.963s] DEBUG:colcon.colcon_core.event_reactor:joined thread
[5.963s] INFO:colcon.colcon_core.shell:Creating prefix script '/home/ljoy/Robomaster/PIONEER/new_rv/install/local_setup.ps1'
[5.964s] INFO:colcon.colcon_core.shell:Creating prefix util module '/home/ljoy/Robomaster/PIONEER/new_rv/install/_local_setup_util_ps1.py'
[5.964s] INFO:colcon.colcon_core.shell:Creating prefix chain script '/home/ljoy/Robomaster/PIONEER/new_rv/install/setup.ps1'
[5.965s] INFO:colcon.colcon_core.shell:Creating prefix script '/home/ljoy/Robomaster/PIONEER/new_rv/install/local_setup.sh'
[5.965s] INFO:colcon.colcon_core.shell:Creating prefix util module '/home/ljoy/Robomaster/PIONEER/new_rv/install/_local_setup_util_sh.py'
[5.965s] INFO:colcon.colcon_core.shell:Creating prefix chain script '/home/ljoy/Robomaster/PIONEER/new_rv/install/setup.sh'
[5.966s] INFO:colcon.colcon_core.shell:Creating prefix script '/home/ljoy/Robomaster/PIONEER/new_rv/install/local_setup.bash'
[5.966s] INFO:colcon.colcon_core.shell:Creating prefix chain script '/home/ljoy/Robomaster/PIONEER/new_rv/install/setup.bash'
[5.966s] INFO:colcon.colcon_core.shell:Creating prefix script '/home/ljoy/Robomaster/PIONEER/new_rv/install/local_setup.zsh'
[5.967s] INFO:colcon.colcon_core.shell:Creating prefix chain script '/home/ljoy/Robomaster/PIONEER/new_rv/install/setup.zsh'
